<?xml version='1.0' encoding='UTF-8'?>
<TEI xmlns="http://www.tei-c.org/ns/1.0">
   <teiHeader>
      <fileDesc>
         <titleStmt>
            <title>תשובה לדאליצקי</title>
            <author>יהודה ליב גורדון</author>
            <respStmt>
               <name>Mandel Scholion Hebrew Revival Research Group</name>
               <resp>Formatting of content from the Ben-Yehuda Project to TEI-XML according to the TEI P5 Guidelines.
                  Addition of dates, not present in the online version, by Shira Wigderson, Asaf Isser, Adi Cohen, Nitzan Cohen, and Adi Cohen.
               </resp>
            </respStmt>
         </titleStmt>
         <publicationStmt>
            <authority>Project Ben-Yehuda</authority>
            <idno>http://benyehuda.org/yalag/Ylg298.html</idno>
         </publicationStmt>
         <sourceDesc xml:lang="Hebrew">
            <bibl>
               <date when="1892" notBefore="1892-01-01" notAfter="1892-12-31"/>
            </bibl>
            <p>The Ben-Yehuda Project (http://benyehuda.org/). Content provided within the Ben-Yehuda Hackathon at the University of Haifa (THATCamp Haifa, February 2014).</p>
         </sourceDesc>
      </fileDesc>
      <revisionDesc>
         <change>
            <date>2017-08-09</date>
            <name>Jerusalem corpus of Emergent Modern Hebrew (JEMH) staff</name>
            <note>Created the initial version of the content in TEI-XML and added dates (some based on estimation)</note>
         </change>
      </revisionDesc>
   </teiHeader>
   <text>
      <body>






תשובה לדאליצקי / י"ל גורדון








תשובה
לדאליצקי

על מחברתו "מבית ומחוץ"

 

שכני
בחצרות אלהים, חברי בהיכל שירתנו הנחמדה

קבלתי
ספרך בתודה וקראתיו בתמהון לבב וברעדה.

אלו עברה
עליך גם אחת מני שבע מן הדברים שבגו

הרי אתה
בעיני כשדרך, כמישך או כעבד-נגו,

כי מן
המעשים אשר תספר סמרה שערת בשרי

וכן ראיתי גם
את הדמעה אשר בכית על צוארי.

 

ואהה כי עוד
אוסיף דמעתי אריוך,

באמור לך,
כי עוד תארך מחלתי,

כי עוד היום
רפואה שלמה לא מצאתי

ועודני עומד
בין החיים ומות בתוך.

   

ביום קומי מערש דוי,
כ"ח חשון תרנ"ב, ספ"ב.

 





 






</body>
   </text>
</TEI>
