<?xml version='1.0' encoding='UTF-8'?>
<TEI xmlns="http://www.tei-c.org/ns/1.0">
   <teiHeader>
      <fileDesc>
         <titleStmt>
            <title>שירת ישראל</title>
            <author>חיים נחמן ביאליק</author>
            <respStmt>
               <name>Mandel Scholion Hebrew Revival Research Group</name>
               <resp>Formatting of content from the Ben-Yehuda Project to TEI-XML according to the TEI P5 Guidelines.
                  Addition of dates, not present in the online version, by Shira Wigderson, Asaf Isser, Adi Cohen, Nitzan Cohen, and Adi Cohen.
               </resp>
            </respStmt>
         </titleStmt>
         <publicationStmt>
            <authority>Project Ben-Yehuda</authority>
            <idno>http://benyehuda.org/bialik/bia011.html</idno>
         </publicationStmt>
         <sourceDesc xml:lang="Hebrew">
            <bibl>
               <date when="1894" notBefore="1894-01-01" notAfter="1894-12-31"/>
            </bibl>
            <p>The Ben-Yehuda Project (http://benyehuda.org/). Content provided within the Ben-Yehuda Hackathon at the University of Haifa (THATCamp Haifa, February 2014).</p>
         </sourceDesc>
      </fileDesc>
      <revisionDesc>
         <change>
            <date>2017-08-09</date>
            <name>Jerusalem corpus of Emergent Modern Hebrew (JEMH) staff</name>
            <note>Created the initial version of the content in TEI-XML and added dates (some based on estimation)</note>
         </change>
      </revisionDesc>
   </teiHeader>
   <text>
      <body>







שירת ישראל / חיים נחמן ביאליק












שירת ישראל

 

אדני לא
קראני לתרועת מלחמה,

גם ריח
מלחמה מאד יחתני;

אלפת
כי-אשמע קול חצצרה ברמה –

וכנור וחרב –
לכנור הנני.

 

אך אשרי
הגבור החי על-חרבהו,

שישלח את-ידו
להלמות עמלים;

ואוי לו
למשורר שחלל לבהו,

השר
את-שירותיו על-לבות ערלים.

 

כי מה-שיר
ישראל בגולה – ציץ יבש,

ציץ עלפה,
שטל אור את-עליו לא ירטב,

זרע גד אשר
נפל אל-רפש ועבש,

פקעה
ששלפה ויבשה במרתף.

 

ניסן, תרנ"ד.





  


</body>
   </text>
</TEI>
