<?xml version='1.0' encoding='UTF-8'?>
<TEI xmlns="http://www.tei-c.org/ns/1.0">
   <teiHeader>
      <fileDesc>
         <titleStmt>
            <title>סוד האדמה</title>
            <author>בוקי בן יגלי</author>
            <respStmt>
               <name>Mandel Scholion Hebrew Revival Research Group</name>
               <resp>Formatting of content from the Ben-Yehuda Project to TEI-XML according to the TEI P5 Guidelines.
                  Addition of dates, not present in the online version, by Shira Wigderson, Asaf Isser, Adi Cohen, Nitzan Cohen, and Adi Cohen.
               </resp>
            </respStmt>
         </titleStmt>
         <publicationStmt>
            <authority>Project Ben-Yehuda</authority>
            <idno>http://benyehuda.org/yogli/006.html</idno>
         </publicationStmt>
         <sourceDesc xml:lang="Hebrew">
            <bibl>
               <date when="1893" notBefore="1893-01-01" notAfter="1893-12-31"/>
            </bibl>
            <p>The Ben-Yehuda Project (http://benyehuda.org/). Content provided within the Ben-Yehuda Hackathon at the University of Haifa (THATCamp Haifa, February 2014).</p>
         </sourceDesc>
      </fileDesc>
      <revisionDesc>
         <change>
            <date>2017-08-09</date>
            <name>Jerusalem corpus of Emergent Modern Hebrew (JEMH) staff</name>
            <note>Created the initial version of the content in TEI-XML and added dates (some based on estimation)</note>
         </change>
      </revisionDesc>
   </teiHeader>
   <text>
      <body>







סוד האדמה / בוקי בן-יגלי








סוד האדמה

בוקי בן-יגלי



 




 
  
  (כעין בקרת לספר
  "המסע לארץ ישראל בשנת ת"ת")*
  -----
  א.
  קומו, אדוני, איש איש מכסאו ותנו כבוד להולך!
  הנכם רואים, הנה בעל החלומות הלזה בא!
  האיש הזה הלך לתור את ארץ העברים בשנת שמנה
  מאות לאלף הששי; זה מעט שב האיש אלינו,
  ובשורה מוצאת בפיו, בשורה טובה ומשיבת נפש.  השמעתם אחי? שם, בארץ העברים, עברים יגורו כיום, עברים, אשר
  השליכו כבר את אלילי כספם ואת גלולי מסחרם, ויהיו לאכרים עובדי אדמתם הקדושה.  אין קנאה ואין תחרות בבתיהם, אין פרץ
  ואין צוחה ברחובותיהם, לא ידאגו ליום מחר ולא יחרדו עוד לקול עלה נדף, כי שלום
  להם מסביב.
  – אבל, אדוני, אשמע קול קורא אלי בשחוק; הלא חלום חלם האיש ההוא!
  – שקר הדב! לא חלום חלם האיש, כי אם כתב בספר,
  את אשר ראה בעיניו; בעיני רוח או בעיני בשר,
  האם לא אחת היא לנו? יש אשר יביט איש בעיני בשר על כל סביביו, ויראה תהפוכות כל
  היום; ויש אשר יביט איש בעיני
  רוח את קצות הארץ או אל אחרית הימים, ויחזה נכוחות.  האם איננו עומד חי בפני מחשון בן עמינדב ראש "כפר
  שלום", האם איננו עומד חי וקים לפניכם? נסו נא למשש את כתפותיו הרחבות, את
  מתניו החזקות; הקשיבו נא, אחי, לאמרותיו
  המלאות חן ושכל טוב, והגידו לי: האם לא בשר ודם הוא, אשר רוח חיים באפו? הביטו
  נא בפני העלם בן אביגדור מקרית משה אשר בארגינטינה ובפני ריעתו היפהפיה, בת אחד
  האכרים מתמנה, האם ילדי חלום, יצורי הדמיון המה? לוחלום חלם האיש, כי עתה מאין
  לקח את צבעיו המזהירים בזוהר החיים לתאר במו את חג החמשה עשר לירח אב בכפר
  חצרון? צאו נא וראו בבנות ציון המחוללות בכרמי חצרון ובצעירי האכרים, אשר
  נקבצו מכל אפסי ארץ העברים לשיש אתן משוש – ואם לב רגש לכם, אדוני, אז כמוני
  היום דמוע תדמע עינכם, לא דמעות תוגה ולא דמעות שמחה, כי אם דמעות תקוה – הטובות
  והקדושות בדמעות, אשר תזלנה מעיני אדם בימי חי הבלו פב בעמק הבכא! וכי תטו
  אזניכם לשמוע אל קול השרים והנוגנים בכרמי חצרון, אז בכל מצהלות מנגינתם תדמו.  כמוני היום, לשמוע רק קול נעים אחד
  החודר אל לב, קול תמר ב"אהבת ציון" בדברה אל ידיד נפשה: "קוה
  אמנון, כי טובה תקוה מחיים!".
  – אבל מה בצע, כי תשא לשוא נפשך! הנה יודעי
  העתים כלערוא-באליע ומרעיו יוכיחו על פי 
  מספרים מדויקים, כי למיום החל אדם לרוב על פני
  האדמה, עוד לא היתה כזאת, כי יהפך עם יושב כרכים, עם תגרנים, לאכרים יושבי
  נאות שדה, האמנם חדשה תהיה בארץ? האמנם...
  חדלו ממני, אנשי-שפק, סורו ממני כל פועלי
  מספרים! אל נא תהדופו בהבל פיכם הקר את ריח השושנים, הנודף אלי מן הכרמל
  והשרון; אל נא תפיגו במספריכם
  האכזרים את השכרון הנעים, אשר מסך עלי האיש לעווינסקי בספורו.  הוי רבת שבעה לה נפשי רוגז ועצבון,
  חוסו, חוסו עלי, אחי! תנו לי מעט צרי למכותי הרבות.  מסכו לי רסיס עדנים, אך רסיס עדנים אחד בים התוגה, הזורם
  עלי מסביב.
  -----
  ב
  לו כדבריכם כן יהי: חלום חלם האיש! אבל
  הידעתם, אחי, כי רק החלום לבדו עשה ויעשה גדולות בארץ.  גם השפק רב כחו מאד, אבל לסתור ולא
  לבנות, לעקור ולא לטעת, ורק 
  האמונה והתקוה הן אשר תעשינה חיל לבנות ולנטוע.
  האם לא חלום חלם הנער משה, בצאתו בפעם
  הראשונה לראות בסבלות אחיו העברים? "את העברים הנבזים האלה, אמר הנער בלבו,
  בהביטו עליהם, את העברים הנבזים האלה אוציא בחזקת היד מן הארץ הזאת ואטעם על
  אדמת אבותיהם, והיו לעם עובד אדמה, לגוי חכם ונבון, אשר לתורתו איים ייחלון
  ולמוסר לקחו יקשיבו לאומים". 
  הוי נער גדל-לבב וכביר רוח! מדוע לא שמת אז לבך אל דברי לערוא-באליע
  ומרעיו, המוכיחים על פי מספרים מדויקים, כי לא יסכון עם בונה ערי מסכנות להיות
  לעם עובדי אדמה ויושבי כפרים.  לו
  שמת אז לבך לדבר הזה, כי עתה...  כי
  עתה לא חלמנו גם אנחנו את חלומותינו היום...
  האם לא חלום חלם בן חכליה, בלכתו בדד באישון
  לילה בין חרבות עיר קברות אבותיו? "הבה, חשב האיש הגדול ההוא בלבו; הבה ואחיה אנכי את האבנים מן העפר בתוך העיר; ישוב נא העם מארץ גלותו ויחיה את העפר מן האבנים
  מחוץ לעיר.  יעבוד נא העם את אדמתו
  ויתחזק עליה תחת צל מלך פרס הנוטה אליו חסד.  עוד יעברו ימים ושנים, ומי יודע את הצפון בחיק העתיד!"
  הוי איש יקר רוח! למה זה תשלה את נפשך בתקוות שוא, הלא משקה למלך פרס אתה, שאל
  נא את פי החכמים יודעי העתים, אשר בחצר מלכך, ההיה כדבר הזה או הנשמע כמוהו, כי
  ינתש עם מעל אדמתו ושב להאחז בה, אחרי אשר בעלות זרים, ויחדש כנשר נעוריו?
  אדוני! לאט לי לבעלי החלומות!
  האם לא בעל-חלום גדול היה קולומבוס, בלכתו
  לגלות ארץ לא נידעה, אשר תפרנס היום אלפי קשי-יום ומרי נפש? האם לא בעלי חלומות
  נפלאים היו החכמים אואט, אשר מצא את מכונת הקטור, ופראדיי, אשר תכן את חקי כח
  העלעקטרון, שני הכחות האלה, אשר נתנו את העוז ואת היכולת בידי אדם לשנות את פני
  האדמה ולהתנשא מעל להמקום והזמן? קראו נא מעל ספרי בעל החלומות שול-ווערן, אשר
  כתב לפני רבות בשנים, והתבוננו אל המעשים, אשר נעשו תחת השמש בשנים האחרונות
  האלה, וראיתם כי בעלי החלומות – הםאשר יתוו את הדרך לפני בעלי המעשה הבאים
  אחריהם למלאות אחרי דברם.
  הנה כי כן, אדוני, הבו לבעלי החלומות, הבו להם
  כבוד ועוז!
  האם לא בעל חלום גדול היה הבאראן משה הירש
  לפני מאה וחמישים שנה, בראותו את עני אחיו העברים, הרעבים ללחם והנודדים אל
  כל קצווי ארץ לבקש למו מחיה, נכמרו רחמיו עליהם, ויאמר לקחת מקצותם אנשים
  סוחרים ורוכלים, להוציאם לארץ מרחקים ולתת להם שם נחלת שדה לעבדה ולשמרה?
  חפשו נא אחי בתוך עלי "המליץ" הבלים והישנים משנת תרנ"ג לאלף
  הששי ותמצאו כי בין סופרי הימים ההם נמצא עוד בעל-חלום אחד אשר נבא אז טובות
  על המפעל ההוא, כי יעשה וכי יצליח. 
  ועתה...  שאלו נא איפוא
  היום את פי בן אביגדור מקרית משה, אשר בא מארגנטינה ירושלימה, שאלו נא את פיו
  ויגדכהם, אם נפל צרור ארצה מכל הדברים הטובים, אשר נבא האיש ההוא לפני מאה
  וחמשים שנה?
  – אבל, אשמע קול קורא בלעג – האם חולם בהקיץ
  אתה או משתגע! הלא בשנת תרנ"ג אנחנו 
  עומדים היום, ואיככה זה תדברו אתה ולעווינסקי
  מרעך על אדות המעשים, אשר יקרו יובואו אחרי מאה וחמשים שנה?
  הרפו, הרפו ממני, אתם יודעי העתים וקצרי העין!
  מאה וחמשים שנה! האם לא כהרף עין הנה בחיי עם, אשר יחיה לנצח?
  -----
  ג
  לנביא ארגינטינא נתתם אותי, אחי.  שגיתם! לא נביא ארגינטינא אנכי, כי אם
  נביא-האדמה; ומי יתן והיה כל עם ה'
  נביאים כמוני.  לא ארץ
  ארגינטינה קדושה בעיני; כי אם אדמתה המלאה
  דשן, מדעתי, כי תתן לחם ומנוחה לנודדי עמי האמללים.  אך ארץ אחד קדושה לכלנו יחד, זאת הארץ, אשר בה התהלכו נביאי
  יה בימי קדם; זאת הארץ, אשר בשבת עמי
  עליה, דבר בשפה זו אהבתי לנצח, בשפה, אשר כל ישעי וכל חפצי לטעת אותה על לב
  צאצאי יחד עם האהבה לארץ קברות אבותינו. 
  "לו אדע כי יהרוס קולי בכח" את קיר הברזל אשר בין עמי ובין ארץ
  משאת נפשו, "אז תתי קול גדול": שובה ישראל! שובה אל זרועות אמך
  השכולה, עוד לא צמקו שדיה מרוה את צמאונך, עוד לא נס ליחה.  אף כי שוממה היא למראה עינים.  ידעתי, כי קיר הברזל לא לעולם יעמוד; ידעתי, כי יבוא יום, והארץ תפתח לפנינו, ועל כן
  טוב, כי נעמוד על המצפה להביט קדימה בשבע עינים.  אבל האם ליום ההוא יעננו נודדי עמנו הרעבים ללחם? או התוכל
  הארץ ההיא לאספם אליה יום אחד?
  "נביא ארגינטינא" קראתם לי בלעג.  מדוע תלעגו לי, אחי, ונפשי מלאה יגון
  ולבי עלי דוי! הוי לו נביא הייתי, לו נגלה אלי אחד מן השרפים לשום בפי רצפת אש
  מעל מזבח ה', כי עתה קראתי אל ארבע רוחות השמים: עורנה, בואנה, הרוחות, לפחת
  ברצפה, והיתה למוקדי עולם והציתה אש האהבה בלבות עשירי עמי וקציניו; לא אש האהבה לארץ אבותיו, אשר אולי לא
  כבתה עוד בלבכם, כי אם אש האהבה לאדמת אבותיו, ואל רגבי עפרה, אשר רוו
  אותם בזעת אפם ודם לבבם;
  לו עמי שומע לי, כי עתה דברתי אליו יום יום: הסירה את אלילי כספך ואת גלילי
  מסחרך מנגד עיני, כי שקר ההון והבל הכסף, ורק האדמה לבדה לעולם עומדת; כי רק אדוני האדמה יוכלו להיות גם אדוני
  הארץ, כי רק עובד אדמתו לא יירא מיום מחר כי יבוא.  לו נביא הייתי! אבל מה אעשה אנכי
  לבדי, וקולי קול דממה דקה לא ישמע במחנה. 
  הוי, איכם, אלדד ומידד! איכם כל תופשי עט וכל רומי קסת סופרים? איכם כל
  הוגה דעה וכל דובר משרים, אשר מנגעי עמי זוב יזוב דם לבבכם? האספו, אתיו אלי
  כלכם, ונתנבא יחד.
  כ"ז כסלו תרנ"ג.
  
 




 





 

 











* תוכן
הספור בקצרה: אחד מבניו של א. ל. לעווינסקי החי אתנו היום – לאורך ימים – והנקרא
גם כן בשם לעווינסקי, נוסע בשנת 2030 למנינם לארץ ישראל, לבלות שם את "ירח
הזהב" עם אשתו החדשה אשר נשא. 
בחפצם לחבר את הטוב ואת המועיל יחד, התעכבו בדרכם עד חמשה עשר באב, למען
ראות גם את שער המצבה הראשונה בירושלם, אשר תפתח ביום ההוא.  חמשה עשר באב, כנודע, הוא גם חג-העם
לצעירי ישראל ובתולותיו.  למען דעת
את חיי העם בכפרים הלך הנוסע עם אשתו לכפר חצרון לראות בשמחת הנעורים.  אל החג הזה בחצרון באו גם צעירים אחדים
מארגינטינה, היושבים בירושלם, לבחור למו "כלות" מבנות הארץ.  אגב אורחא, התאכסן הנוסע  בבית נחשון בן עמינדב, ראש כפר שלום, איש
אכר לכל חקותיו ומשפטיו, אבל גם איש, אשר ראה הרבה חכמה ודעת; והאיש ההוא ספר להמחבר דברים נכבדים רבים מתולדות הישוב בארץ
ישראל, דברים הראוים גם לנו היום לדעתם.








</body>
   </text>
</TEI>
