<?xml version='1.0' encoding='UTF-8'?>
<TEI xmlns="http://www.tei-c.org/ns/1.0">
   <teiHeader>
      <fileDesc>
         <titleStmt>
            <title>מן העזבון</title>
            <author>חיים נחמן ביאליק</author>
            <respStmt>
               <name>Mandel Scholion Hebrew Revival Research Group</name>
               <resp>Formatting of content from the Ben-Yehuda Project to TEI-XML according to the TEI P5 Guidelines.
                  Addition of dates, not present in the online version, by Shira Wigderson, Asaf Isser, Adi Cohen, Nitzan Cohen, and Adi Cohen.
               </resp>
            </respStmt>
         </titleStmt>
         <publicationStmt>
            <authority>Project Ben-Yehuda</authority>
            <idno>http://benyehuda.org/bialik/izavon_poems_020.html</idno>
         </publicationStmt>
         <sourceDesc xml:lang="Hebrew">
            <bibl>
               <date when="1892" notBefore="1892-01-01" notAfter="1892-12-31"/>
            </bibl>
            <p>The Ben-Yehuda Project (http://benyehuda.org/). Content provided within the Ben-Yehuda Hackathon at the University of Haifa (THATCamp Haifa, February 2014).</p>
         </sourceDesc>
      </fileDesc>
      <revisionDesc>
         <change>
            <date>2017-08-09</date>
            <name>Jerusalem corpus of Emergent Modern Hebrew (JEMH) staff</name>
            <note>Created the initial version of the content in TEI-XML and added dates (some based on estimation)</note>
         </change>
      </revisionDesc>
   </teiHeader>
   <text>
      <body>







מן העזבון – המחפש / ח"נ ביאליק








המחפש

 

דומם על ים
זועף שתי עיניו נטיו

היחפש
בתהם רבה רזי עולם לא יגלו?..

הים סוער
זועף ומשבריו יהמיו

מה תהמו,
האיתנים! התענו אם תשאלו?..

 

זעף על פלג
בהיר שתי עיניו נטיו,

היחפש בו
נחומים שממנו רחקו?

על חצציו זוחל
הפלג ומימיו יבעיו…

מה תשכשכו,
מים זכים! התבכו אם תצחקו?

 

                                                              כ"א
אב, תרנ"ב זיטומיר.

 





 






</body>
   </text>
</TEI>
