<?xml version='1.0' encoding='UTF-8'?>
<TEI xmlns="http://www.tei-c.org/ns/1.0">
   <teiHeader>
      <fileDesc>
         <titleStmt>
            <title>מחשבות ומעשים XVIII</title>
            <author>אלחנן ליב לוינסקי</author>
            <respStmt>
               <name>Mandel Scholion Hebrew Revival Research Group</name>
               <resp>Formatting of content from the Ben-Yehuda Project to TEI-XML according to the TEI P5 Guidelines.
                  Addition of dates, not present in the online version, by Shira Wigderson, Asaf Isser, Adi Cohen, Nitzan Cohen, and Adi Cohen.
               </resp>
            </respStmt>
         </titleStmt>
         <publicationStmt>
            <authority>Project Ben-Yehuda</authority>
            <idno>http://benyehuda.org/levinsky/maxshavot_18.html</idno>
         </publicationStmt>
         <sourceDesc xml:lang="Hebrew">
            <bibl>
               <date when="1899" notBefore="1899-01-01" notAfter="1899-12-31"/>
            </bibl>
            <p>The Ben-Yehuda Project (http://benyehuda.org/). Content provided within the Ben-Yehuda Hackathon at the University of Haifa (THATCamp Haifa, February 2014).</p>
         </sourceDesc>
      </fileDesc>
      <revisionDesc>
         <change>
            <date>2017-08-09</date>
            <name>Jerusalem corpus of Emergent Modern Hebrew (JEMH) staff</name>
            <note>Created the initial version of the content in TEI-XML and added dates (some based on estimation)</note>
         </change>
      </revisionDesc>
   </teiHeader>
   <text>
      <body>







מחשבות ומעשים XVIII / אלחנן ליב לוינסקי



 




  
  


מחשבות ומעשים XVIII

אלחנן ליב לוינסקי



 




 
  
  מחשבותי הפעם יסבו, כמובן, על המעשים הגדולים
  בבזיליה!
  כי גם אנכי ב"ארקדיה" הייתי,
  בארקדיה הלאומית ההיא, ששם מתאסף עדר ה' ורועי ישראל שרים את שירתם לעמם, השירה
  הגדולה הנשמעת במלא רחבי תבל, באשר רק בני ישראל נחתים, באשר רק עדר ה'
  נפוץ.  בזיליה בימי הקונגרס היא
  באמת ארקדיה לאומית, ארקדיה עם כל תמימותה ושירתה.  וכדאי היה שהמשורר העברי יבוא הנה וישיר לנו משירי האידיליה
  הלאומית ההיא.  אבל המשורר העברי
  טרם בא הנה.  ואני עבדך, בשעת הדחק
  אהיה כל מה שתרצה, רק לא משורר...
  ובבואי היום להביע לך את מחשבותי על הקונגרס,
  מרגיש אני ביותר את החסרון הזה, מרגיש ומצטער מאד; כי אין טוב מהיות משורר
  במקרים כאלה.  המשורר יביע לך
  מחשבות הרבה ב"הוי" אחד וב"אח" אחד, ואתה – אם תבין – מוטב,
  ואם לא – תתלה את החסרון בך, רק בך, כי לא הבנת את עומק כונתו ולא ירדת לסוף
  דעתו; מה שאין כן סופר פרוזי. 
  מסופר פרוזי כמוני תבקש הרבה, תבקש שאכתוב לך שחור על גבי לבן "בכל
  מכל כל"...  ועוד גם זאת, כי
  הסופרים בהעתונים היומיים קלקלו את טעמך, בהלעיטם אותך מדי יום ביומו
  "חדשות מן הקונגרס" לפרטיהן ופרטי פרטיהן, מן הדרשה של ראש-המדברים
  באספה הראשונה עד הגיהוק והפיהוק של אחד מן הדברנים באחת מן האספות
  הצדדיות...  קטן וגדול שם הוא –
  בהקורספונדנציות הרבות והשונות. 
  והענינים הגדולים באמת, העומדים ברומו של עולם הציוניות, יש שיתבטלו
  בששים בין המון ענינים קטני הערך, שאין כדאי גם לטפל בהם.
  ומאידך גיסא, מי חכם וידע להעביר קו בין ענין
  וענין, בין הנקלה והנכבד, בין הקודש ובין החול...  בלולים יבואו פה כל הענינים, כל השאלות וכל הוכוחים וכל
  הדרשות וכל המעשים וכל ההרגשות. 
  מן הדבר הגדול עד הדבר המעורר צחוק רק צעד אחד, אמרו חכמים, וזאת ראינו
  לא פעם אחת בהקונגרס.  אבל גם מן
  הדבר המעורר צחוק עד הדבר הגדול – גם-כן רק צעד אחד, וגם זאת ראינו פה.  ועל-כן, תערובת שלמה של כל אלה
  הענינים, "הגדולים והקטנים" יחד, תתן לנו תמונה שלמה מתכונת הקונגרס.
  בכדי לתת מושג נאמן מן הקונגרס "בכל
  היקפו", צריך על-כן להיות או אמן מצוין, שיודע להבדיל בין הקודש ובין החול
  ולהבליט את הקוים הדקים שביניהם, או סופר סתם, מה שקוראים
  "פרוטקוליסט", לכתוב הכל ועל הכל...
  ואולם זה וזה אפשר רק אם תשפוט על הקונגרס
  בקור-רוח, אס תביט עליו מלמעלה, מלמטה או מן הצד...  אפשר רק אם באת הנה לא בתור "יהודי" – רק בתור
  סופר, לשפוט, לחשוב, להתבונן, לבקר, להתפלסף – ולא לעשות.  אבל מי שבא לכאן ולבו מלא על כל
  גדותיו, מי שבא לכאן והביא עמו את אמונתו ואת תקוותיו, מי שבא לכאן, לבקש
  פתרונים לחלומותיו והתרות לספקותיו, – הוא לא יוכל לשפוט על הקונגרס כדבעי.  ואם יאמר לך סופר עברי, יהיה מי שיהיה,
  כי שפט את הקונגרס משפט אוביקטיווי, אל תאמין לו; סוף-סוף, רק את שאיפות רוחו
  הוציא על הגליון והטה את הדין לכאן או לכאן.
  רגילים אנחנו הסופרים, על-פי-רוב, להביט על
  מחזות החיים רק מן המבט הספרותי. 
  לא החיים בעצמם עיקר אצלנו, אלא תמונתם הספרותית.  דודה, הסופר הצרפתי, מתאר באחד
  מספוריו את הסופר באחד מרגעי-חייו היותר נכבדים, איך גם אז, ברגע ההתרגשות היותר
  חזקה, הוא חושב על התמונה הספרותית, שאפשר לתת לההרגשה ההיא.  ובכלל למה נכחד, "הסופר"
  תמיד יתגבר על "האדם שבסופר". 
  לכבוד אחי הסופרים העברים צריך אני להגיד אמנם, כי בהקונגרס הפעם התגבר
  "היהודי שבסופר" על "הסופר שביהודי".  כמה שהשתדלו שם סופרינו להיות רק
  סופרים, להביט על הקונגרס "מן הצד" – היו בכל זאת רק
  "יהודים".  זרם החיים
  שבהקונגרס סחף אותם למרות רצונם, ובעל-כרחם יצאו מ"אצטגנינות" שלהם.
  ואם כך היו שאר הסופרים, קל-וחומר אני עבדך,
  שלא בתור סופר באתי הנה, אלא בתור יהודי פשוט, "ציר" שלוח מאחת
  האגודות, ככל שאר הצירים.  את
  אמונתי בעמי, את תקותי בעתידו הבאתי הנה. 
  לא לכתוב, לא להתפלסף באתי הנה, אלא לקחת חלק ב"עבודת-הלאום";
  לא לבקר, לא לחשוב, רק לעשות גם אני כפי יכלתי את...  ההיסטוריה שלנו.
  ובבזיליה – יאמרו מה שיאמרו – נעשית עתה
  ההיסטוריה שלנו; וזו היא אחת ממעלותיו של הקונגרס, כי הוא לנו הנסיון הראשון
  לעשות בעצמנו ובפומבי את ההיסטוריה שלנו.
  זה לנו יותר מאלף ושמונה מאות שנה, מאז גלינו
  מארצנו, שרק אומות-העולם דואגות בעדנו, דואגות בעד מחסורינו החמריים והרוחניים,
  וגם את ההיסטוריה שלנו הן עושות בעדנו, ועושות אותה כמו שבכלל עושים בשביל
  אחרים, ומה גם אומות-העולם בשביל ישראל...  ואנחנו בכל העת הארוכה ההיא, מחורבן הבית ועד עתה, כמעט גם
  לא נסינו לעשות בעצמנו את ההיסטוריה שלנו.  אומות-העולם נתנו לנו היסטוריתנו מן המוכן, ואנחנו קבלנו
  אותה באהבה.  במחשכי הגיטו
  הושיבונו – וקבלנו באהבה, הלבישונו בגדים זרים ומשונים – וקבלנו באהבה, עלה
  בדעתם לתת לנו מעט השכלה – וגם-כן קבלנו באהבה.  "הדג אוהב, שיצלו אותו בחמאה" – כתוב בספרי
  המבשלים, ויהודי אוהב, שאחרים יעשו את ההיסטוריה שלו בעדו.
  והנה באו חובבי-ציון והתחילו, לאט-לאט
  ובחשאי, לעשות את ההיסטוריה שלנו. ובאו אחריהם הציוניים ועשוה בקולי-קולות,
  בפומבי ובריש גלי.  אפשר אולי לדון
  ולהתוכח בדבר, אם הברכה מצויה בהיסטוריה כזו, שנעשית לעיני השמש, ומתוך ספרים
  שונים, וגם מפי הנסיון יודעים אנו, שבכלל אין הברכה מצויה לישראל אלא בדבר הסמוי
  מן העין, וכך היא דעת חכמינו מאז ומקדם...  אם כה או ככה, אבל אנו כולנו מודים, שההיסטוריה שלנו צריכה
  להעשות דוקא בימי עצמנו, מבלי לחכות לאומות-העולם שיעשוה בעדנו.  ההתגלות היתרה תעכור, אמנם, מעט את
  רוחנו אנחנו, בעלי ההיסטוריה מבית-המדרש הישן: אין אנו רגילים בכמו אלה ומפחדים
  אנו, שמא תשלוט בה עין-הרע...  אפס
  כי, כנראה, אין לפחוד.  אירופא כבר
  הורגלה לראות את ההיסטוריה נעשית בפומבי. 
  באירופה בודאי לא ישגיחו בזה. 
  ואם אולי ברבות הימים יגרום לנו הפרסום הפסד קל מחוץ, שקול הוא הריוח
  הפנימי, שנרויח בודאי, כנגד ההפסד החיצוני, שעודנו מוטל בספק.
  והריוח הפנימי גדול מאד.  ההרגש, כי אנחנו בעצמנו עושים את
  ההיסטוריה שלנו, הוא הוא האמצעי הפדגוגי היותר חזק ומועיל לחנך את העם כלו.
  וההרגש הזה יתגדל ויתחזק מדי שנה בשנה.  וזוהי התועלת היותר גדולה, שהביאה
  הציוניות עד עתה ושתביא בודאי גם לימים הבאים.  ואילו לא נבראה אלא בשביל זה דיינו.
  אף-על-פי-כן, אף-על-פי שמסכים אני לעשות את
  ההיסטוריה בבזיליה, אין אני מסכים לעשותה בארצות אחרות, בערים שונות ומקומות
  רבים.  כי היסטוריה היא אחד מן
  הדברים הטובים, שמעוטם יפה ורובם קשה. 
  בודאי ובודאי טוב שנעשה אנחנו בעצמנו את ההיסטוריה שלנו; אבל עושים אנחנו
  אותה יותר מדאי...  כאשר לא עשינו
  – לא עשינו מאומה, וכאשר החלונו לעשות – נעשנה בכל קרן-זוית.  כל עיר מצער היא בבחינת בזיליה, כל
  אגודה – בבחינת הקונגרס, כל יושב-ראש – בבחינת "הרצל", כל דברן –
  בבחינת נורדוי, וכולם יאמינו, כי דבריהם – "היסטוריה".   ובמשך שנתים עשינו באופן כזה
  היסטוריה הרבה יותר מאשר בכל חלק "גרץ"...  וגרץ של העתיד – הוי, חביבי, לא אקנא בו, כי יחד עם "הענקים"
  שהולידה לנו הציוניות, כמה ננסים עומדים על גביהם ומתפרצים עמהם לתוך ההיסטוריה
  ברעש ושאון...  ומי חכם להבדיל בין
  הענק והננס העומד על גביו – בתקופה כזו? 
  אמנם כן, עבודה רבה צפונה ל"גרץ" של העתיד, לברר את האוכל מן
  הפסולת, הבר מן התבן, הדברים הטובים באמת, שנדברו ונעשו במשך שתי השנים
  האחרונות, מן ה"דברים סתם", ולהבדיל בין היסטוריה והיסטוריה. 
  והגרועות שבכל אלה "ההיסטוריות",
  הן בודאי "ההיסטוריות", שאנו עושים בשנים האחרונות בכל תחנות
  מסלות-הברזל ואניות-הקטור... 
  היסטוריות עם קריאת-הידד ומחיאות-כפים ושירות וזמירות ושאון ורעש בכל
  "פגישה ופרישה".  אם כל
  אלה נצרכות כדי להחם את הלבבות, כמו שאומרים לנו – אפונה, ולו יהיה כן, הלא תודו
  בכל זאת, כי לא בתחנות-המסלה מקום הכירים להחם את הלבבות, וכמדומה לי, שאפשר
  למצוא מקום אחר יותר מסוגל ומוכשר לזה. 
  ה"חובב-ציון" הישן, העובד עבודתו בחשאי ומתרחק מכל פרסום
  ושאון, כנראה, עוד חי בקרבי למרות ציוניותי, ולא אוכל להסכים לדמונסטרציות
  הומיות כאלה, שנעשו ל"מודה" אצלנו בשנים האחרונות, משום גירא בעינא
  דשטנא...
  ובכלל אין דעתי נוחה מן הצירימוניות האלה
  בתחנות מסלת-הברזל, ואפילו בשנים כתקונן ובמקרים אחרים, במקרים פשוטים של האדם
  הפרטי, הן גם-כן למותר.  ולא הייתי
  תקיף בשלטון המסלות, הייתי אוסר את ה"הלויות" שגורמות בלבול להנוסעים
  וערבוביה למשרתי המסלה; או הייתי מטיל עליהן מס גדול בכדי למנוע את ההמון
  ממותרות כאלה, שהן למעמסה על הצבור וגוזלת עתותיו ומנוחתו של הנוסע ומלויו.  הנסיעה בכלל דורשת מן הנוסע
  התרכזות-המחשבות, צריך הוא לשים לב לצרכי נסיעתו, למקומו, למטלטליו, לסדר את
  עניניו, לזכור דבר-מה – שאולי שכח; 
  להתבודדות ומנוחה הוא צריך – והנה סביביו המון מלויו, העוטרים אותו ואינם
  נותנים לו מנוח.  כבר צלצל הפעמון
  אחת וגם שתים, והוא, הנוסע האומלל, עודנו עומד על "המרצפת" לפני
  המרכבה ומקבל "ברכת-הפרידה" מאת מכבדיו ואוהביו ומחלק בחפזו לזה חבוק,
  לזה נשוק, לזה "תקיעת-כף" ולזה רק נדנוד-הראש...  ואת כל אלה הוא צריך לעשות בחשבון
  ובכונה ובדיוק מצומצם, בכדי שלא לבייש שלא להטיל קנאה, וגם...  שלא לוותר חלילה משלו, להעתיר נשיקה
  למי שאינו ראוי לכך...
  שלש הן השעות, לפי דברי נורדוי, שבהן מפיקים
  פני האדם טפשות משונה: בשעת התספורת, בשעת לבישת בגד חדש ובשעה שמספרים לאדם
  שבחו בפניו.  וטפשות עוד יותר
  משונה, לדעתי, מפיקים פני הנוסע בשעת פרידתו ממלויו בתחנות מסלת-הברזל.  צריך להתבונן בפני הנוסע האמלל אחרי
  הצלצול השני.  בסתר לבבו הוא שולח
  לעזאזל את כל החבריא, כי מפחד הוא, שמא יאחר את המסע.  אבל מוכרח הוא להתאפק ולחלק נשיקות למקורביו.  ופתאום נדחק ביניהם אחד מן הצד, ובחפזה
  נפלה נשיקה גם בחלקו...  הנוסע
  נרתע לאחוריו, כאילו נשכו נחש, ופני מלויו מפיקים תמהון: לאמר: הגם פלוני
  בנשיקה?  וכי כל-כך מקורב הוא
  "אליו", ואנחנו לא ידענו... 
  בענינים "נכבדים" כאלה טרוד הנוסע עד שהפעמון מצלצל בפעם
  השלישית, ואז בעל-כרחו ינתק מזרועות מחבקיו וממש בסכנת-נפש יקפוץ לתוך המרכבה...
  לא אדע מה דעתך, חביבי הקורא, אבל אנכי,
  כשאני מלוה אחרים או שאחרים מלוים אותי, תמיד אני שבע-רצון עת המסע ינוע ממקומו,
  כמו משא כבד נופל מעלי, ואני מברך בלבי: ברוך שפטרני מענשם של אלה האנשים
  הטובים...
  ואם כל נסיעה, אפילו של חול, דורשת
  התרכזות-המחשבות, על אחת כמה וכמה נסיעה לבזיליה בתור ציר של אגודה.  נניח, כי חלק גדול של הצירים היו
  ענותנים, וכשאמרו להם חבריהם ללכת לבזיליה – הלכו מבלי חשוב הרבה...  בכל זאת, אפילו ה"ענותנים"
  הרגישו, כי משרה מיוחדת נתנה על שכמם, משרה שלא כל אדם זוכה לה...  היו כאלה שהתגאו במשרתם, היו כאלה
  שהתלוצצו מעט...  אבל כל אחד
  הרגיש, כי משרה נכבדה נתנה עליו, אף-על-פי שרק מעט היו בהם, שיכלו לברר לעצמם,
  מה היא עיקר משרתם ומה עליהם לעשות.
  בכלל נתחלקו הצירים לשלש מפלגות: מאמינים,
  מבקרים ובינונים.  המאמינים הם אלה,
  שבאו במחשבה קודמת לתת את "דעותיהם" וחתימותיהם לכל מה שידרוש מהם
  היושב-ראש.  הם הם "המאמינים
  הגדולים" ביוצר הציוניות, שהם בידיו ממש כחומר ביד היוצר.  אלה, כמובן, באו אל הקונגרס לא לחות
  דעה – רק לשם תכשיט ונוי, רק מפני "ברב עם הדרת מלך".  המבקרים הם אלה, שבאו במחשבה קודמת
  לבקר מעט מעשי המנהיגים, בין שיש מה לבקר או אין...  והבינונים הם צירים סתם, צירים על-פי מקרה, שבאו בלי הכנות
  מיוחדות ובלי מחשבה קודמת, בלי אמונה יתירה ובלי "הרהורי בקרת"...  רק לשפוט למראה-עינם ולמשמע-אזנם.
  הצירים מן המפלגות הראשונות – הם עמודי
  הציוניות, מאלה שמדקדקים בחוקי אגודותיהם ונזהרים בכל מצוותיהן...  הם נבחרו לשמו של הקונגרס, אחר שגלו
  תחלה את דעותיהם והשקופותיהם לפני הבוחרים בם, והשבע השביעו אותם חבריהם לפני
  צאתם, שלא ישנו חלילה ממטבע שטבעה להם אגודתם...  והצירים מן המפלגה האחרונה הם ציוניים מן השוק, ובחירתם
  נעשתה בלי כל הכנה קודמת, בלי השבעות ובלי צירימוניות...
  והצירים האחרונים האלה הם היו "היסוד
  המאגד" בהקונגרס...
  אברר את דברי:
  הציוניות, למרות תעודתה האמתית לקבץ תחת דגלה
  כל בחור וטוב מכל המפלגות בעמנו; למרות חזון-הנבואה של נורדוי, שהיא חייבת לפרוש
  מכמורת ולצוד נפשות אדם באשר רק תוכל, – למרות כל אלה, היא סוף-סוף סגורה בחוג
  צר של "אנ"ש", וכל מי שאינו לגמרי "משלנו" לא יכנס
  לפני-ולפנים.  מובן, שלא על שקלים
  ואקציות אני מדבר.  לשקלים
  ולאקציות הדלת פתוחה לרוחה לכל, ואולי גם פתוחה מעט יותר מכפי הראוי...  ואין בודקין לשקלים ואקציות אפילו
  במקומות שצריכים בדיקה.  אבל אני
  מדבר על החיים הפנימיים של האגודות, שהן כמו סגורות מעט לאנשים מן החוץ.  כי "שוטרים"
  ו"קוזקים" העמידו על גבול הציוניות, ביחוד על הגבול המבדיל בין
  חבת-ציון הישנה והציוניות החדשה, לדרוש מכל עובר-אורח תעודת אמונתו
  ודעותיו.  וכל מי שאינו יכול לוותר
  על דעותיו הקודמות ולקבל את האמונה החדשה "מלים בלועזית" (כמו שאומרים
  בלשון הקונגרס), הרי אינו ציוני כדבעי, ובאופן היותר טוב מביטים עליו
  בעיני-חשד.  ואם בכל ימות השנה,
  שהציוניות (בצורתה עד עתה) שקועה רק בעניני כספים, אין הבקורת חזקה כל-כך, הנה
  "בימי התשובה" של הבחירות פשפשו בדעותיהם של הנבחרים, ומי שהיה חשוד
  מעט במינות לא היתה לו תקנה.
  ממילא מובן, כי ציוני "פרא", שלא
  נשבע ביחוד לדגל של איזו שיטה מיוחדת ושלא קבל "מלים בלועזית" את
  ה"אני מאמין" של אחת מן המפלגות, לא יכול להבחר.  כי כל אחת מן המפלגות פחדה, שמא חלילה
  וחלילה בעידן ריתחא, כאשר תתפשט המלחמה, יפול למחנה האויב...  ו"האויב", כמו בכל ענינינו,
  אינו המתנגד העומד מבחוץ, אלא הטוב שבאוהבינו, "חברנו בדעות", העומד
  עמנו מבפנים, במחיצתנו, ומתפלל תפלתנו, אבל בסגנון אחר מעט...  אותו, בכל אופן, לא נוכל לסבול, לו לא
  נוכל לסלוח...  והמחלוקת על
  "ויקרב משיחיה" או "ויקרב קץ משיחיה" היא המחלוקת היותר קשה
  בישראל...  כך הוא אופיה של אומתנו
  מאז ומעולם וכך הוא גם בדבר הציוניות.
  ולו היה מספר הצירים מעט, רק כדי יכולת
  האגודות, כי אז היו לא צירי העם, אלא צירי שתי המפלגות הגדולות בציוניות: של
  בעלי "ויקרב משיחיה" ובעלי "ויקרב קץ משיחיה", שאינן רוצות
  לעת-עתה לוותר על נוסחאותיהן אפילו בדגש קל, ואז לא קרבו הצירים זה אל זה בכל
  ימי הקונגרס ולא באו לעולם לידי מסקנה אחת.  אבל מכיון שנתנה רשות ויכולת לכל מאה משלמי שקל לבחור
  "ציר" וכל אגודה בחרה צירים לפי מספר "משלמיה", - רבה
  הדרישה על צירים ובחרו מפני הדחק גם באלה שאינם מ"אנ"ש" לגמרי,
  ונתנה האפשרות לבא אל הקונגרס בתור ציר גם לאלה העומדים מחוץ לכל מפלגה
  ואינם נחשבים על שום "כת". 
  והצירים האלה, שלא התחייבו מראש איך ומה להגיד – הצירים האלה, שהביאו
  עמהם דעה ובחירה חפשית, הם היו היסוד המאחד והמאגד בהקונגרס, הם עשו שלום בין
  המפלגות ונתנו אפשרות להקונגרס להחל ולגמור את הוכוחים ולבוא לידי מסקנה
  מקובלת.  ואלמלא הם, היה הקונגרס
  "מתפוצץ" במשא-ומתן הראשון. 
  ואף-על-פי שהקונגרס בכלל, על-פי "יסודותיו" בפעם הזאת, לא היה
  בו הרבה "חומר מפוצץ", כי היסודות "המסוכנים" שהיו אשתקד
  נשארו הפעם בביתם ולא באו הנה, אבל מעט "אבק-השריפה" שהיה בו היה מן
  הפורמציה הישנה:  מעט אש והרבה
  עשן.  מלחמה אמתית, מלחמת הדעות:
  "להיות או לחדול" – אי-אפשר לה באבק-שריפה כזה...  אבל לצוד ציד אין רע גם באבק-שריפה,
  שנרטב מעט ושמעלה עשן הרבה.  הכל
  יודעים מראש, כי המלחמה ההיא מלחמה בשלום היא, ולידי סכנות נפשות, חלילה, לא
  תגיע, רק יעלה עשן מעט...  ואין
  רע.
  כאמור, החומר המפוצץ, שיכול באמת להזיק
  ולהועיל, לא נמצא הפעם.  כי כל אלה
  שלא הסכימו ל"הסדר המקובל" התכבדו וישבו בביתם.  אם טוב עשו כל אלה, שנמנעו מלבוא אל
  הקונגרס?  אם כשורה התנהגו? –
  אפונה.  "אם איש מלחמה אתה,
  צריך אתה להריח אבק-שריפה", אמר אינשי.  סוף-סוף, המתרחק מן החברה, החברה מתרחקת ממנו ושוכחת
  אותו.  גלגל החיים יסוב בחזקה
  ויעבוד בלי-הרף, ואפילו המסמר היותר קטן, כשהוא נעוץ במכונה, יש לו ברגע ההוא
  ערך הרבה יותר מהררי-עד האוצרים בקרבם מתכת די רבבות מכונות...  ואם לאיש-הצבא הפשוט אין הרשות להסתר
  מפני פחד האויב, ואפילו במקום סכנה ודאית, קל-וחומר למפקדי הצבא, להגיניראלים,
  ומה גם במקום שבאמת אין כל סכנה... 
  הגיניראל צריך להיות תמיד בראש חילו, הראשון לבוא אל המערכה והאחרון
  לעזוב אותה.  והגיניראלים שלנו,
  אבירי ספרותנו, מפקדי צבאותינו למפלגותיהם – תכתב זאת זכרון בספר! – התכבדו
  הפעם וישבו בבתיהם.
  אם הביאו בזה טובה להקונגרס?  גם-כן ספק בעיני.  כאשר נודעו ברבים ה"שמות"
  שיחסרו לנו יש שדרשו זאת לשבח ויש שדרשו לגנאי.  נמצאו כאלה, ששמחו ואמרו: "ברוך שפטרנו! עתה ירוח
  לנו".  אבל אלה היו מעטים
  מאוד, והרוב הגדול של הצירים התעצבו על זה, וגם המעטים האלה, אשר למראית-עין
  שמחו – גם הם בסתר לבבם התעצבו על החסרון הזה...  כאותו המחותן, שהקרואים היותר נכבדים לא באו על שמחתו, מעמיד
  את פניו כאילו אין לו צרך בהם ולא ישים לבו להם...  אם היו חסרים לנו איזו צירים של איזו אגודות, צירים שלא
  הוסיפו כלום בהיותם ולא היו מחסרים כלום בהעדרם, – לא היינו מצטערים, אבל כי
  חסרו לנו כמה וכמה סופרים וחכמים והוגי-דעות – זאת הרגיש כל אחד ואחד
  מאתנו.  הקונגרס היה הפעם
  "קונגרס של בעלי-בתים", בעלי-בתים במובן היותר נעלה: אנשי-מעשה,
  מיושבים, אוהבי מנוחה ושלום, הנכונים בכל עת לוותר משלהם רק למען השלום.  מנקודת-הראות של הבעלי-הבתים, עלה
  הקונגרס יפה מאוד, הכל היה, "כמו שצוה ה' וכמו שאנשים טובים וכשרים
  יצוו".  אבל אם נביט על
  הקונגרס מנקודה אחרת – חסר לו הרבה, וביחוד חסר לו אותו ה"חומר
  המפוצץ", יסוד האש.  ולמה
  אכחד ממך, חביבי, ולמה אתבייש? 
  אנכי בעצמי, על-פי מעמדי, שנותי וטבעי, הנני מסוג בעלי-הבתים, אוהב את את
  המנוחה וה"שטאט" (כמו שאומרים בליטא).  בעד מעט מנוחה ו"שטאט" נכון גם אנכי לוותר הרבה
  הרבה...  ובכל זאת דאבה נפשי על
  ה"אחדות הנפרזה" בהקונגרס הנוכחי, על אחדות "יסודותיו", בלי
  תערובת יסודות אחרים יותר "צעירים" וחדשים...  ובכלל על הסגנון של
  "בעלי-בתים" ששרר בו... 
  מי יתן והיה הקונגרסים הבאים יותר מלאים ויותר "שונים" מן
  הקונגרס הנוכחי.  כי יתקבצו ויבואו
  למקום הזה כל אלה הרוצים ויכולים להגיד לנו "מלה חדשה" על התפתחות
  עמנו והרעיון הלאומי, כל הוגי-דעות וחושבי-מחשבות בעמנו, – והיה לנו הקונגרס
  למקום "התאבקות" של אדירי המחשבה הלאומית, וממנו יצאו לא רק חוקים
  בדבר באנק ושקלים, אלא גם תורה ואורה ודעות חדשות ורעיונות מזהירים לכל תפוצות
  הגולה.  אתיו הגה כל בחור וטוב
  בעמנו, כל הוגי-דעות ובעלי-מחשבות, תמצית אומתנו, כל מי שעשיר באיזה דבר: בלב,
  במוח ואפילו רק בכסף...  אתיו הנה
  וקחו חלק בעבודת הלאום!  הקונגרס
  צריך להיות לא רשות-היחיד של איזו חברה, אלא רשות-הרבים של כלל ישראל, ואיך
  שתהיה דעתכם על הציוניות המעשית – אתיו הנה ותנו כבוד להקונגרס הלאומי...
  וכדאי הוא הקונגרס לכל הכבוד הזה, כי איך
  שתביט עליו ומאיזה צד שתתבונן בו, הוא "רם ונשא", ומחזה יותר נעלה –
  כמובן, לאיש יהודי – אין.  ואם
  יאמרו האיטלקים, כי די להביט על ניאפול ולמות, – יותר מהם יכולים אנחנו לומר כן
  על הקונגרס.  מי שראה את הקונגרס
  רק פעם אחת בחייו, מי שחיה את הימים המעטים האלה חיי הקונגרס, הוא לא לשוא
  חיה.  ויפה יום אחד של חיים כאן
  מכמה וכמה ימים של חיים במקומות אחרים. 
  הקונגרס בחיצוניותו – לוקח נפשות. 
  תמונה יותר יפה ורוממה לא ראיתי מעודי.  קשה לתאר בדברים את ההוד וההדר השפוכים על הקונגרס, וכמה
  שכתבו לכם הסופרים – לא הגידו אף החלק העשירי.  כל מי שזכה להיות בין הבאים הרגיש, כי יהודים, שנתאספו מארבע
  כנפות הארץ לעסוק בעניני הכלל, באמת שכינה שרויה ביניהם.  השכינה מורגשת כאן באופן ממשי, בכל
  פנות שאתה פונה תרגיש שכינה.  חייך
  בכל ימי הקונגרס שונים מן החיים שחיית לפני הקונגרס ושתחיה אחריו.  כאן החיים "מלאים", תדע
  ותבין למה תחיה...
  אתיו הנה כל הוגי-דעות, כל בעלי לב ומוח, כל
  בחור וטוב בעמנו, אתיו הנה, ונכון אני בטוח, שכל אחד מכם ימצא מה שיבקש, כל אחד
  ימצא כאן מה לראות, מה לשמוע, וגם... 
  מה להגיד.
  אלה המתרגשים והמתלהבים למראה עין, הם הלא
  בודאי ימצאו מה שיבקשו, ואפילו אלה המבטלים את החיצוניות, המבקשים פרי ולא
  פרחים, את ה"תוך" ולא את הקליפה היפה, – גם הם ימצאו הרבה,
  הרבה...  כי חיי הקונגרס הם כל-כך
  מלאים, כל כך מתפרדים לכמה גונים, עד שכל אחד ואחד לפי טעמו ורוחו  ימצא בהם חפץ.
  אמרתי "חיי הקונגרס" – וכן
  הוא.  הקונגרס הוא כעין בריה בפני
  עצמו והוא חי חיים מיוחדים לו, רק לו. 
  אין אנו צריכים ואין אנו רשאים לדון את הקונגרס רק על-פי התועלת שיביא
  להציוניות המעשית, אלא על-פי התועלת שיביא הוא בפני עצמו – מלים בלועזית – להיהדות
  בכלל, תועלת, שאולי תגדל הרבה יותר מזו שיביא להציוניות המעשית.  הציוניות המעשית היא רק היתד, שעליה
  תולים בהקונגרס את כל צרכי עמנו המרובים. 
  וכל אלה שירצו להקטין אותו ולצמצם את "שכינתו", ישגו, ישגו
  מאד, והדבר לא יעלה בידם.  יש
  דברים אשר, למרות רצון יוצרם, יצאו מחוגם הצר, שהתוו להם מתחלת ברייתם, ויעלו
  מעלה מעלה ויתרחבו לכל צד...  וכן
  הוא הקונגרס.  מתחלת ברייתו בודאי
  לא נברא אלא בשביל הציוניות המעשית, ובכל מה שאפשר השתדלו להרחיק ממנו את כל
  היוצא מגבולה של הציוניות המעשית, אבל כח החיים שבו גבר על כל השתדלות ממין הזה,
  והקונגרס, במושג ידוע, נהיה גם למרכזה של הציוניות הרוחנית...
  ואם לעת-עתה הקונגרס אינו עוד המרכז הרוחני
  של כל עמנו, הנה – יהיה כן וצריך הוא להיות כן.  מאמין אני בכח החיים שבו...  מאמין אני, כי פה עתידה להעשות ההיסטוריה שלנו במובנה היותר
  רחב – וברוח עמנו... 
   
  
 




 





 






</body>
   </text>
</TEI>
