<?xml version='1.0' encoding='UTF-8'?>
<TEI xmlns="http://www.tei-c.org/ns/1.0">
   <teiHeader>
      <fileDesc>
         <titleStmt>
            <title>ד"ר פינסקר ומחברתו</title>
            <author>אחד העם</author>
            <respStmt>
               <name>Mandel Scholion Hebrew Revival Research Group</name>
               <resp>Formatting of content from the Ben-Yehuda Project to TEI-XML according to the TEI P5 Guidelines.
                  Addition of dates, not present in the online version, by Shira Wigderson, Asaf Isser, Adi Cohen, Nitzan Cohen, and Adi Cohen.
               </resp>
            </respStmt>
         </titleStmt>
         <publicationStmt>
            <authority>Project Ben-Yehuda</authority>
            <idno>http://benyehuda.org/ginzberg/Gnz004.html</idno>
         </publicationStmt>
         <sourceDesc xml:lang="Hebrew">
            <bibl>
               <date when="1892" notBefore="1892-01-01" notAfter="1892-12-31"/>
            </bibl>
            <p>The Ben-Yehuda Project (http://benyehuda.org/). Content provided within the Ben-Yehuda Hackathon at the University of Haifa (THATCamp Haifa, February 2014).</p>
         </sourceDesc>
      </fileDesc>
      <revisionDesc>
         <change>
            <date>2017-08-09</date>
            <name>Jerusalem corpus of Emergent Modern Hebrew (JEMH) staff</name>
            <note>Created the initial version of the content in TEI-XML and added dates (some based on estimation)</note>
         </change>
      </revisionDesc>
   </teiHeader>
   <text>
      <body>






ד"ר פינסקר ומחברתו / אחד העם








ד"ר
פינסקר ומחברתו*
מכתב גלוי לאחי ברוח

מאת אחד העם



 




 
  
  Weit, sehr
  weit entfernt ist der Hafen den wir mit der Seele suchen. Dem tausendjährigen
  Wanderer jedoch darf kein noch so weiter Weg zu lang sein.                   Autoemancipation !
   
  בשעה שקוראים אתם את מכתבי זה כבר ידעתם, כי
  פינסקר איננו עוד, וכבר שמעתם גם את האנחות הארוכות, שהתפרצו מלבות כל
  חובבי־ציון, מקרוב ומרחוק, לשמע האסון החדש הזה. ומה יפלא ? גם בימי גדולה
  וגבורה יבכו ויספדו אנשי חיל על שר צבא אהוב שמת, ואף כי בעת צרה ומבוכה
  כהעת הזאת לחו"צ ; עת אשר מחוץ ירדוף אויב, ירדפו מקרים רבים ורעים
  שחוברו יחדו, ירדפו תלמידי שמעי בן גרא, שזה דרכם תמיד לרדוף נרדף ולהתאבק
  בעפר רגלי מי שהשעה משחקת לו, – ובבית... אך מה אספר לכם ולא תדעו ? הלא גם אתם
  'בבית' ועיניכם רואות. –
  ואולם, אם גם ירגישו כל חו"צ, כי אבדה
  גדולה אבדה להם במות פינסקר, הנה לא כולם יכירו את תכונת האבדה הזאת כמו
  שהיא, את היחס האמתי בין המנוח ז"ל ובין 'חבת־ציון'. רוב חו"צ ידעוהו
  רק בתור 'איש מעשה', העומד על גביהם ומנצח על אספת הפרוטות, העמדת 'הקערות'
  וסדור 'התמיכה', ורק מעטים מאד ידעו גם את נפשו הפנימית על פי מחברתו הנפלאה.
  אלה האחרונים לבדם יודעים, כי בעצם וראשונה היה פ' רק 'לאומי', חובב עמו, ומתוך
  חבתו זו נולד בו רעיון ה'אבטואימנציפציא', מתחלה בלי כל יחס לארץ ישראל,
  ורק אחרי כן, כאשר האמין לראות באגודות חובבי־ציון הצעד הראשון להתגשמות רעיונו
  זה, התחבר גם הוא אליהם. לו, לאיש שחונך מנעוריו על ברכי הספרות האירופית,
  זרה היתה האהבה העמוקה לארץ אבותינו, אהבה שאינה תלויה בדבר, אשר אנחנו, חניכי
  המקרא והתלמוד, מרגישים בלבנו מראשית ילדותנו. הוא ידע רק את 'הארץ הקדושה',
  הקדושה לא קדושה לאומית, כי אם דתית בלבד, ועל כן – לא קדושה לעתיד לבוא, כי אם
  לשעתה בלבד. 'לא לארץ־קדשנו עלינו לשאת נפשנו עתה – אלה דבריו במחברתו – כי אם
  לארצנו. רק כברת ארץ גדולה דרושה לנו, אשר לנו תהיה ואדונים זרים לא יוכלו
  לגרשנו מעליה. שמה נביא אתנו את קדשי קדשינו, אשר הצלנו מתוך הפכת ארץ מולדתנו
  מקדם : את רעיון האלהות וכתבי הקדש. כי אך הם הלא המה אשר קדשו גם את הארץ ההיא,
  לא ירושלים או הירדן. אולי אמנם תוכל ארץ־קדשנו להיות גם לארצנו, ואז – מה טוב !
  אבל קודם כל צריך לברר היטב – וזה לבד נכבד לנו לדעת – איזו ארץ תוכשר להיות
  מקלט בטוח לנדחי ישראל' (ע' 22, 23).
  רק בזאת נבדל איפוא פ', בנוגע לא"י,
  מיתר חכמי עמנו אשר כגילו, במה שלא הבדילה לרעה מכל הארצות. ולו מצאה אז הצעתו
  אזנים קשובות בין אחינו שבמערב, אשר למענם ובשפתם נכתבה, והיו שולחים
  'אקספדיציא' לבקש 'מקלט בטוח', היה הוא מוצא איפוא לנכון לחקור גם את
  א"י, אולי תצלח, 'ואז – מה טוב !' – אבל אנחנו הלא נדע, כי אקספדיציא כזו
  היתה בוחרת בודאי באחת הארצות אשר באמריקא או באוסטרליא או אולי באפריקא, רק לא
  בארץ ישראל, – ואז היה גם הוא מקדיש שארית ימיו לא לישוב א"י, כי אם לישוב
  הארץ הנבחרת ההיא, ושמו וזכרו היה נשאר אמנם לברכה כאחד מבני עמו הנאמנים, אך לא
  כאחד מראשי חובבי ציון.
  אבל דבריו לא מצאו אזנים קשובות במערב. ואין
  להתפלא על זה כלל, אדרבא, עליו יש להתפלא : איך יכול גם לקוות, כי תשיג
  מחברתו את מטרתה, בעוד שהוא עצמו ראה והראה אבן נגף גדולה על דרכה, מבלי הראות
  עם זה גם את האמצעים להסרתה.
  הנה עיקר רעיונו במחברתו הוא זה : הוא מתאמץ
  להרוס בלב אחינו המערביים את בטחונם ב'אימנציפציא' ותקותם להתפשטותה בכל
  הארצות על ידי התפתחות הדעות ההומניות, בהראותו לדעת, כי השנאה לישראל מקורה
  ברגש טבעי עמוק, כי מחלת־הנפש היא, העוברת בירושה מאבות לבנים (ע' 5), בעוד אשר
  האימנציפציא היא רק ילידת השכל וההגיון, ולעולם לא נוכל לראות בה תולדה מוכרחת
  היוצאת מאליה, בלי אמצעי, מתוך רגש הצדק אשר בלב העמים (ע' 9). כי על כן לא
  אימנציפציא, כי אם אבטואימנציפציא היא ישועתנו היחידה ולה אנו חייבים להקדיש
  כל כוחנו, מבלי לסגת אחור מפני אורך הדרך וסכנתה, אחר שדרך אחרת אין לפנינו.
  וכדי לגשת אל העבודה הגדולה, צריך – וזהו הצעד הראשון הקשה ביותר – שיחליטו בלבם
  כל טובי בני עמנו להתיצב בפעם אחת על הדרך הזאת ולבלי עזבה עוד עד הגיענו אל
  אחרית חפצנו, או, בלשונו, דרושה לנו 'ההחלטה הלאומית' (דער נאציאנאלע ענטשלוסס
  – ע' 23). וזאת היא איפוא מטרת המחברת : להביאנו לידי החלטה זו, בהביאה אותנו
  לידי הכרת נחיצותה.
  אבל פה הלא מוכרח היה מחברה לשאול את עצמו
  : אם רק מפני זה אין תקוה לעמנו מן האימנציפציא הבנויה על הדעות ההומניות, מפני
  שכל שיטה בחיים הבנויה רק על השכל, ולא ברגש יסודתה, רפת־כוח היא ולא תוכל לנצח
  'מחלת־הנפש' המתנגדת לה, – אם כן הלא לשוא יעמול גם הוא לעורר את עמנו, על ידי
  ההכרה השלילית הזאת, לשיטת־חיים חדשה, אחרי כי גם היא, הכרה זו, 'רק ילידת השכל
  וההגיון' היא, וההחלטה הלאומית אשר תצא ממנה, אף אם תצא, לא תהיה איפוא 'תולדה
  מוכרחת מתוך הרגש' ; בעוד אשר האינדיפירינטיסמוס הלאומי, האוכל אותנו בכל פה זה
  דורות רבים, הוא 'מחלת הנפש העוברת בירושה מאבות לבנים' ; ומה יתרון איפוא
  לרעיון האבטואימנציפציא על תקות האימנציפציא, אם גם שתיהן אין להן יסוד בלב, וכל
  ההבדל שביניהן הוא רק מה שלזו יחסר היסוד בלב אחרים ולזו יחסר בלבנו אנחנו, שגם
  כן לא בידנו הוא ? –
  ובאמת ראה פ' שאלה זו, אך לא נתן לה תמונה
  מוגבלת כזו ולא עסק בה בפרטות, לפי שלא יכול למצוא לה תשובה נכונה. באמונתו
  הגדולה בישרת הצעתו, האמין גם בכוח דבריו, כי רב יהיה להוליד את ההחלטה הלאומית.
  אם החלטה שכלית כזאת תוכל להתקים הרבה ולשוב ולהוליד מצדה מעשים גדולים
  ונכבדים ? הוא חפץ להאמין גם בזאת – והאמין.
  'הרגש הלאומי ! מאין נקחהו ? – יקרא במר נפשו
  – הלא זה הוא אסוננו הגדול, כי לא עם אנחנו, כי רק יהודים אנחנו' (ע' 12). והנה
  הוא הולך ומבאר את הסבות אשר המיתו בנו את הרגש הזה ומוסיף גם דברי תוכחה
  ומוסר היורדים חדרי בטן. אבל השאלה לא זזה ממקומה : מאין נקח עתה את הרגש אשר
  אבד לנו, אם כה או כה, ואשר בלעדיו אין יסוד להצעתו ? – הוא מתנחם אמנם, כי עתה
  נשתנה מעט מצב הדבר לטובה. היציאה המבוהלה לא"י, אף כי לא הצליחה, תוכל בכל
  זאת להיות לאות על האינסטינקט הנכון בלב העם, אשר הכיר, כי דרוש לו בית נאמן (ע'
  17). ומצד אחר, הנה האידיאות הגדולות של המאה הי"ח והי"ט עשו רושם גם
  בעמנו. גם אנחנו נרגיש עתה את 'אנושיותנו' ואין אנו עוד יהודים בלבד, אלא גם בני
  אדם, ובהיותנו בני אדם, נחפוץ לחיות ולהיות לעם, ככל יתר בני האדם (ע' 24). –
  אבל הנחמות האלה אינן מספיקות כלל. האינסטינקט בלב המון העם המבקש לחם, מלבד
  שמציאותו עודנה מוטלת בספק גדול, הנה אף אם ישנו, יסוד חלש הוא מאד לבנין גדול
  כזה. בעבודה כזאת צריך שישתתפו כל טובי העם, צריך שיתעורר חפץ אמתי לעשותה בלב
  אלו היודעים גם איך לעשותה, מבלו שילכו בעינים עצומות אל אשר ישאם
  האינסטינקט. ואלה טובי העם, 'בני הקולטורא החדשה' (ע' 29), אשר באו אל קרבם
  האידיאות של המאה הי"ח והי"ט, – הם, אם אף ירגישו את אנושיותם, עוד רב
  הדרך מזה עד הרגשת לאומיותם העברית : בני אדם הנה הנם, אך לא בני עמם. ואם גם
  יודו בצדקת המשפט ההגיוני הזה של המחבר : כי בהיותנו בני אדם, עלינו לחפוץ
  להיות לעם ככל יתר בני האדם, – הנה יגיעו בזה רק להכיר נחיצות הדבר, אך לא
  להרגישו, והתולדה אשר תצא מזה תהיה איפוא גם אז 'רק ילידת השכל וההגיון', לא
  'תולדה מוכרחת מתוך הרגש'. עלינו לחפוץ ! – כך מצוה ההגיון ; אבל מה נעשה אם
  בכל זאת לא נחפוץ, כלומר, לא נרגיש חפץ כזה ? או עוד יותר – מה נעשה אם חפצים
  אחרים, החיים באמת בלבנו, מתנגדים לחפץ כזה ומביאים אותנו לעות גם את משפטי
  ההגיון, כדי להוכיח שאין עלינו לחפוץ כלל, שאין לנו גם רשות לחפוץ כלל ?
  וזה הוא מה שקרה באמת אחר צאת המחברת לאור.
  'בני הקולטורא החדשה' לא נבהלו מפני זעם לשונה ומופתי־הגיונה, ואדרבא, גם הם לא
  חדלו מאז ועד היום להוכיח במופתים ברורים בעיניהם, שאין לנו חפץ כלל בדברים
  כאלה, וכי כל רעיון האבטואימנציפציא הוא לא רק חלום הבל, אלא גם סם־מות מסוכן
  להקולטורא החדשה.
  אך בין כה וכה, ובתוך היהודים שלנו, אשר
  מקרים שונים עזרו להם לבוא לא רק לידי הכרה, כי אם גם לידי הרגשה (אף כי רק
  זמנית) בנחיצות 'מקלט בטוח', ועם זה הביאו רובם אתם מן 'החדר' את 'האינסטינקט
  הנכון', כי רק ארץ אחת יש בעולם ששמה 'ארץ ישראל', – נמצאו רבים אשר לא הרבו
  לחקור ולדרוש והתחילו להתעסק בפועל בישוב ארץ ישראל. להתעסק, כמובן, על פי דרכם
  : בלי חקירה קודמת, בלי שיטה קבועה, בלי סדר ובלי אחדות. התעסקות כזו לא יכלה
  אמנם למצוא חן בעיני חכם כפינסקר ; אבל טובה היתה לו בכל זאת מחבוק־ידיהם של
  המערביים. הן אמנם בחירת הארץ לא נעשתה, כעצתו, על פי 'אקספדיציא' של חכמי
  האומה, שבדקו ומצאו אותה טובה למטרתנו מכל הארצות ; הן אמנם, תחת 'דירקטוריום'
  לאומי, אשר ינהל כל הענין בדעת וכשרון, נוסדו אגודות אגודות, שכמעט לכל אחת היתה
  פרוגרמא מיוחדת עם 'אידיאות' מיוחדות ; הן אמנם, תחת 'החלטה לאומית', נראתה
  בתנועה זו רק התעוררות מתי מספר, רובם מדלת־העם ;  – אבל, למרות כל אלה, האמין לראות פה עכ"פ עקבות איזה
  צל של חפץ פנימי 'לחיות ולהיות לעם', ובזה היה די למשוך אל 'המתעסקים' האלה לב
  איש כמוהו, שהיה תוכו כברו, ואחר שהכיר פעם אחת, כי חרפה היא לעמנו לשבת בטל
  ולהטיל עצמו על אחרים, בחר יותר לגול מעליו את החרפה הזאת בחברת הקטנים, שרוצים
  ואין להם, מאשר להוסיף ולשאתה ביחד עם הגדולים, שיש להם ואינם רוצים.
  ככה היה פ' לחובב־ציון, או – אם אפשר לאמור
  כן – לחובב חובבי־ציון... ראה ונוכח בעל האבטואימנציפציא, שאין כוח בדברים
  ובמופתי השכל לברוא יש מאין, והנה נראתה לו תנועת ישוב א"י בתמונת איזה
  יש, אם גם חלש מאד, ויתמכר אליה בכל לבבו, בהאמינו, כי לא יכבד כל כך לצור
  צורה נכונה לתוהו־ובוהו שכבר נמצא.
   
  כשמונה שנים עבד פ' עבודתו לישוב א"י,
  ובמשך השנים האלה אסף נסיון רב, נסיון מר ומעציב. על כל צעד פגע במכשולים שלא
  היתה לאל ידו להסירם. הקולוניות המעטות והדלות, שנוסדו על רגל אחת, לא יכלו
  עמוד ודרשו תמיכה תמידית במדה מרובה, וחו"צ שבגולה, אשר אש אהבתם לציון
  בוערת על לשונם, ניכרו רק בכעסם על 'מתנגדי הרעיון', אך לא בכיסם : להתנדב לצרכי
  הישוב לא הרבו, אבל הרבו לחוות דעה ולאמור 'קבלו דעתי'. בכל הזמן הזה, המעט
  כי לא הצליחו חו"צ לצאת מכלל כתה ולהיות לעם, אלא שלא הצליחו גם לבוא לכלל
  כתה אחת, להביא אחדות גמורה בקרבם פנימה. כל ימי פ' היו כעס ומכאובים, מלחמת
  עולם בפרוד הלבבות ונרגנות, באינטרסים קטנים של יחידים ושל 'צבורים' וכדומה.
  'רקבון !' – היתה הקריאה השגורה בפיו. ובאמת נגלה פה ביחוד ה'רקבון' אשר בחיי
  עמנו בכלל. כי רק אז הלא יגלה כל רפיון כוחו של החולה, כאשר ינסה לקום ממשכבו
  ולעמוד על רגליו...
  בשתי השנים האחרונות, מאז היו חו"צ
  ל'חברת התמיכה' ופ' לראשה האופיציאלי, נשתנה אמנם מצב הענין הרבה. עתה לא יכול
  עוד כל 'נכבד בעדתו' לקפוץ בראש ולעשות (או לדרוש שיעשו אחרים) מה שלבו חפץ.
  כלי־נשק יותר טובים היו עתה בידי 'ראש החברה' להגן בהם על השלום והסדרים. ועל
  ידי זה, ועוד סבות אחרות גדולות מזו, התחזקה והתגברה התנועה פתאום בבת אחת, עד
  כי בהשקפה ראשונה אפשר היה להאמין – ועל כן גם האמינו כמעט הכל – כי הקיפה באמת
  את כל העם ומעתה תתפתח בדרך ישרה והיה תהיה בקרוב להחלטה לאומית אמתית.
  אבל החלום הזה לא ארך... מה שקרה אחרי כן הלא
  תדעו כמוני. עתה הנה נגלה ברור, וגם הדמיון היותר נלהב לא יוכל עוד לכסות, מה
  רבו מצד אחד המכשולים החיצוניים בארץ ישראל, ומה גדול מצד אחר הרקבון הפנימי
  בישראל. – ואיזה רושם צריך היה כל זה לעשות בלב בעל האבטואימנציפציא ? הוא,
  אשר גם מראש לא היתה לו א"י תנאי מוכרח לתקומת רעיונו ורק מאמונתו במציאות
  איזה 'רגש לאומי' בלב חו"צ התחבר אליהם, – מה היה לו לעשות עתה, אחר
  שהנסיון הורהו לדעת, כי בא"י קשה ביותר להוציא את רעיונו אל הפועל וכי גם
  חו"צ 'רק יהודים' המה ? האם יכלנו לשית עליו חטאת, אם היה עתה פונה עורף
  לגמרי גם לציון גם לחובביה והיה מבקש איזו דרך אחרת להשגת מטרתו?
  אבל את זאת לא עשה. הוא בא אמנם בימיו
  האחרונים לידי החלטה, אף הגיד כן מפורש לאחדים ממיודעיו (והכותב בתוכם), כי
  א"י אינה 'הארץ אשר תוכשר להיות לנו מקלט בטוח', כי מצבה המדיני ויחס העמים
  אליה יעמדו שם תמיד לשטן לנו. ובכל זאת, לא עברו עליו לשוא שמונה שנות עבודתו
  בישוב א"י, וגם בהחליטו עתה, כי לא תצלח למקלט בטוח, לא יעץ עוד, כמלפנים,
  לעזבה לגמרי ולקחת אתנו את 'קדשי־קדשינו' לאיזו ארץ חדשה אשר נבחר. 'את הישוב
  בארץ ישראל – הוסיף המנוח – עלינו, למרות כל זאת, לתמוך ולהרחיב כפי היכולת.
  בא"י אנו יכולים וצריכים ליסד לנו מרכז לאומי רוחני'.
  ישוב א"י לא לשם אבטואימנציפציא, כי אם
  לשם מרכז לאומי רוחני ! – איזה דרך בא בלבו הרעיון הזה, אשר לא זכר לו במחברתו
  ולא יחס להצעתו שם ?
  כן תתפלאו בודאי. והפשטנים שבכם יוכלו אמנם
  לראות בזה רק מעין 'פשרה' בין יאוש מוחלט מצד אחד ועמל שנים רבות מצד אחר... אבל
  כשאני לעצמי, מוצא אני בנפשו יסוד יותר עמוק לרעיונו החדש הזה.
  ובאמת, הן בהחלטתו האחרונה, שיכולה
  האבטואימנציפציא להפטר מיסורי א"י, בבקשה לה 'מקלט בטוח' אחר, – עוד לא
  הוסרו כל המכשולים מעל דרכה ; עוד נשאר בכל תקפו הרקבון הפנימי, מחלת־נפשנו זאת,
  אשר לא מצא לה תרופה עד כה. ומה בצע איפוא כי תמצא לנו איזו ארץ מוכשרת, ואנו
  אין אנו מוכשרים ? 'הרגש הלאומי ! מאין נקחהו ?' – כי לא בדברים לבד אפשר לבראו
  מאין, זאת הורהו גורל מחברתו ; כי גם זכרונות נכבדים אינם מספיקים להרימו עד
  מעלת־החום הדרושה, זאת הורוהו מעשי חובבי־ציון ; ומאין איפוא נקחהו ? איה
  נמצא מקור מוחשי ותמידי ללאומיות ישראל, אשר ישפיע חום וחיים על כל חלקי העם
  המפורדים ויטהר את כולם מן הרקבון המכלה אותם ?
  באמצעות מחשבות כאלה לא כבד הוא להגיע עד
  הרעיון, כי מה שחסר לנו קודם כל, עוד גם קודם 'ההחלטה הלאומית', הוא מקום קבוע
  למרכז לאומי רוחני, אשר יהיה 'מקלט בטוח' לא להיהודים, כי אם להיהדות,
  לרוח־לאומנו ; אשר בו ובשכלולו ישתתפו כל בני עמנו מכל ארצות פזוריהם,
  וההשתתפות הזאת תקרב קרבת הרוח את הרחוקים זה מזה במקום ובדעות, ועל ידה, ואחרי
  כן גם על ידי השפעת המרכז על כל נקודות ההיקף, יתחדש הרוח הלאומי בכל הלבבות
  ויתחזק גם רגש האחדות הלאומית בהם... ומכיון שהגיע אדם במהלך מחשבותיו עד הלום,
  ואף גם אם לא עסק, כפינסקר, ימים רבים בישוב א"י, לא יוכל עוד לעצור בעד
  הרעיון הסמוך וקשור לזה בהכרח, כי רק 'בא"י אנו יכולים וצריכים ליסד לנו
  מרכז לאומי רוחני' במובן הזה.
  כך אני מבין את 'הצואה הלאומית' (כן קרא הוא
  עצמו לרעיונו זה) של בעל האבטואימנציפציא.
  ובזה הגדתי כל מה שחפצתי להגיד על אודות דעות
  המנוח ז"ל, ופה יכלתי איפוא לחתום את מכתבי, לולא היה רעיונו זה האחרון,
  בדבר המרכז הרוחני בא"י, יקר לי גם מצד עצמו ושוה בעיני להתבונן בו עוד
  מעט. אך אל נא תבהלו ! מכאן ואילך לא תשמעו עוד חקירות מפשטות או 'פלוסופיא'
  (כמו שרגילים סופרינו לקרוא לכל דבר אשר לא ביד יוקח). הן הנסיון הורני כבר, כי
  כה הסתבכו והתערבו בזמננו שתי השאלות הללו, של היהודים ושל היהדות, עד שאי אפשר
  כמעט להטעים לשום אדם, על ידי דברי שכל והגיון בלבד, את ההבדל הגדול שביניהן.
  אתה מתאמץ להוכיח, למשל, כי דבר פלוני, בכל היותו תשובה הגונה לאחת מהן, אינו
  תשובה כל עיקר להאחרת, והשומע ישמע וינענע בראשו, כאלו הבין דבריך, ותוך כדי
  דבור הוא מוסיף : 'כל זה טוב ויפה, אבל...' ואתה משתומם לראות, כי מן 'אבל'
  והלאה חוזרים הדברים לקדמותם, לערבוב השאלות ובלבול הדעות, כאלו לא אמרת
  כלום... כי על כן, למען נבין היטב, מה בין זו לזו, מוכרחים אנו לצייר לנו
  במחשבתנו מצב דמיוני, שבו יקל לנו להבחין בין צרכי היהודים וצרכי היהדות. ואיני
  מבקש איפוא מכם אלא לחלום בהקיץ רגעים אחדים עמי יחד, – דבר אשר לא יכבד מאד על
  חובבי ציון שכמותכם, נושאי דגל העתיד...
   
  ובכן – הננו חולמים.
  ובחלומנו, והנה האנטיסמיטיסמוס טרם יהיה
  בארץ, והתפתחות הדעות ההומניות לא נפסקה עדיין, אדרבא, צעדה הרבה לפנים ; שאלת
  היהודים היתה כבר לנחלת ההיסטוריא, וישראל שוכן לבטח בכל הארצות בצל
  אימנציפציא שלמה ; ועם זה, כמובן, צעד גם הוא לפנים על דרך ההשכלה
  והאסימילציא החיצונית. במצב אושר כזה לא תעלה אבטואימנציפציא על לב שום אדם,
  ואם היה נמצא 'בעל הזיה' כזה היו הכל מביטים בפניו ברחמים גדולים. אבל לעומת זאת
  נתעוררה בלב רבים שאלה אחרת : שאלת היהדות במובנה הלאומי. הקשר שבין כל ישראל
  התרופף מאד, באין דבר אשר יחזקהו, באין גם צרה, אשר  תדרוש עזרת אחים. מנהגי הדת והחיים קבלו בכל ארץ צורה
  מיוחדת, לפי רוח הארץ ההיא. שפת עבר עם ספרותה כמעט נשתכחה מישראל ולא נשאר לה
  אלא תפלת שבת ומועד, וגם זה לא בכל מקום. וככה יתפרדו בני ישראל לארצותיהם
  לגוייהם וכל חלק מהם ילבש צורה מיוחדת לפי רוח עם הארץ, מבלתי יכולת להיות
  'מצוינים' כעם אחד ברוח אחד. רוב העם אינם מרגישים כבר גם את הצורך להיות
  מצוינים, והולכים וקרבים במנוחת לב אל קץ אומתם. אבל כה וכה נמצאים עוד אנשי־לב,
  המביטים בעצב ואנחה על גסיסת עמם, הגוי הגדול, לפחות בשנים ובחליפות היסטוריות,
  והנם מבקשים אמצעים, במה לשוב ולקרב את אבריו המפוזרים ולפחת בכולו רוח חיים
  חדשים. ואחר שניסו באופנים שונים ולא עלתה בידם ; אחר שנוכחו לדעת, כי אי אפשר
  לברוא 'פלשתינא צעירה' בטבור אירופא על ידי חקירות בתולדות ישראל... בא בלבם
  הרעיון לנסות דבר אל פלשתינא הזקנה, ארץ הרת היהדות, אשר לא חדלו בני ישראל
  להודות בקדושתה עכ"פ כיתר העמים, ולהביט אליה מפני זה גם באיזו גאוה
  לאומית. את הקשר הלאומי הזה, עם כל רפיונו, מצאו 'הלאומיים' לטוב לעשותו יסוד לאחדות
  האומה, בהיותו מוחשי ועומד מחוץ לגבול הארצות הנאורות השונות, באופן שיוכלו כל
  ישראל להשתתף בו, להשפיע עליו ולקבל השפעה ממנו. ולמטרה זו יסדו אגודה כללית,
  בלי הבדל ארץ מולדת, בשם 'מחבבי־ציון'.
  את מטרותה זאת העיקרית – אחדות העם – לא
  מצאה האגודה לנכון לפרסם תיכף בראשית מעשיה. בקול הקורא ששלחה בכל תפוצות
  ישראל היא אומרת: 'הנה הרבה אלפים מאחינו יושבים בארץ אבותינו ואוכלים לחם חסד
  בחרפה, והחרפה הזאת חרפת כל ישראל היא : כי איך נוכל ונראה אדמת אבותינו נעבדת
  רק בידי זרים, ובני ישראל, עובדיה ושומריה לפנים, שהיו יכולים גם עתה לעבדה
  ולשמרה ולשבוע מטובה, נמקים עליה בעוני ובעצלות ? ואיך נוכל ונראה כל העמים
  והדתות משתדלים לתקוע בה יתד חזקה, מרבים במחיר כל שעל ושעל מאדמת הקודש, בונים
  שם בתים טובים לאורחים וחולים מאחיהם ובתי ספר ערוכים בכל לנערי בני עמם ודתם,
  ורק אנחנו, אשר הארץ הזאת, מלבד קדושתה, היא לנו גם ערש ילדותינו, – אנחנו כמו
  שכחנוה ולא נשים לב להרחיב גבול היהדות בארץ מולדתה מקדם ? – כדי להסיר איפוא
  את החרפה הזאת מישראל, נוסדה אגודת "מחבבי־ציון", אשר מטרתה להרחיב
  גבול היהדות בא"י ולהיטיב את המצב החמרי והמוסרי של בני ישראל היושבים
  והמתישבים שם, על ידי יסוד קולוניות לעבודת אדמה ובתי חנוך ובתי חסד שונים, או
  גם על ידי אמצעים אחרים, כאשר תורה העת'.
  ולפי שמיסדי האגודה היו אנשים נכבדים ונבוני
  דבר ועשו הכל בהשכל ודעת ובזהירות ומתינות הראויה, לכן הצליחו לקנות לאגודתם
  הרבה לבבות בארצות שונות ולאסוף גם סכומים הגונים, – ומיד יצאה האגודה לפעלה
  :  התחילה ליסד קולוניות לעבודת
  האדמה מבחירי צעירי עמנו ילידי הארץ ביחד עם אנשים בריאים וטובים גם מחו"ל
  ; התחילה גם ליסד בתי ספר שונים, לתורה ודעת, לעבודת־אדמה ואומנות, ובכלל –
  שמה לב לכל הדברים שיש בכוחם להרים מצב היהדות ובניה בארץ. והכל ברוח אהבה
  אמתית להעם והארץ, בסדרים נכונים המתאימים למטרת־האגודה העיקרית, ובהשגחת אנשים
  ראויים לכך.
   
  עברו שנים מספר, ומעשי האגודה נשאו פרי.
  קולוניות עבריות אחדות עומדות וקימות על בסיס נכון, ובעליהן עובדים את אדמתם
  מאהבה ואוכלים לחמם בשמחה ; בתי ספר אחדים הספיקו כבר לגדל דור אחד של תלמידים
  הגונים, בעלי תורה וחכמה ודרך־ארץ, – ועוד כאלה וכאלה.
  והקול נשמע בגולה, כי יש בא"י אכרים
  עברים אמתיים, כלומר אכרים אמתיים, החורשים וזורעים וקוצרים בידיהם ממש ;
  ועברים אמתיים, אנשים מן הישוב, הבאים מן השדה בערב וקוראים ושונים, ויין לא
  ישתו לשכרה... אכרים עברים בדור האימנציפציא השלמה ! חזיון כזה יקר מאד בארצות
  הגולה ולא יאומן כי יסופר... ומה יפלא איפוא, כי רבים מגדולי עמנו התחילו
  לבוא לא"י, כדי לראות בעיניהם את הפלא ? וכשבאו וראו כל זה ויתר מעשי
  האגודה, הרגישו בלבם רגש אהבה עמוקה לארץ־אבותיהם ולאחיהם היושבים עליה, המפארים
  שם ישראל לעיני העמים בחייהם הטבעיים והבריאים ; ואין צריך לאמור שנתנו ידם
  להאגודה, אלא שאחדים מהם קנו שם גם לעצמם נחלת שדה וכרם למזכרת נצח. ובעקבות
  הגדולים התחילו ללכת גם קטנים מהם, עד שהיה הדבר למנהג בישראל. שכל בעל בעמיו
  יחשוב לו לחובה ולכבוד להחשב במספר 'מחבבי־ציון' ולבקר לפעמים את הארץ, בעת שהוא
  יוצא לחו"ל להנפש מעבודתו.
  ונערי בני ישראל, שנתחנכו בבתי הספר של
  האגודה, התחילו לבוא לארצות הנאורות (כי כן תשלח האגודה את בעלי הכשרונות שבהם
  להשתלם בלמודים בחו"ל), והנה הפלא ופלא ! צעירים משכילים, שאינם לא
  אשכנזים ולא צרפתים וכו' – שאינם כלום, אלא בני ישראל מארץ ישראל –ודי ! הם
  יודעים אמנם לדבר בלשון עם ועם, אבל לשונם לעצמם היא לשון העברים הקדמונים (כי
  אותה קבעה האגודה בבתי ספרה בתור לשון הלמודים והתלמידים, כדי שלא להטיל קנאה
  בין חבריה ילידי ארצות שונות, אשר כולם, כידוע, פטריוטים גדולים הם בארץ מולדתם
  וקנאים עצומים גם בא"י כל אחד ללשון ארצו...). הסטודנטים האשכנזים והצרפתים
  וכו' בני דת משה, מתחלה שמעו ויתמהו ויצחקו בלבם, אבל מעט מעט הורגלו בזה
  והתחילו בעל כרחם לחשוב את הלשון הזאת כאחת הלשונות. ובראותם את חבריהם הנוצרים
  נותנים גם כבוד להשפה הזקנה, שבה נכתנו 'הספרים הקדושים', התחילו גם הם, בני
  דת משה, לזכור ולהזכיר, כי בשפה זו דברו אבותיהם באיזה זמן קדום, וסוף סוף
  התחילו גם ללבוש גאות... ורבים גילו פתאום גם חן ונועם בצלצולה והשתוקקו
  ללמוד לדעתה. ומכיון שרבו החפצים ללמוד, נמצאו גם מלמדים, 'מורי עברית מארץ
  ישראל עצמה', אשר יבכרו אותם על פני המורים שלידתם בחו"ל, כמו שמבכרים
  בכל שפה אחרת חיה את המורים אשר מארצה יצאו.
  וכשראתה האגודה כך, החליטה להרחיב חוג פעולתה
  ולעסוק גם בעניני לשון וספר. קודם כל יסדה בירושלים מכ"ע עברי גדול ונכבד,
  הנערך ע"י חכמים מומחים לדבר ומלא מאמרים מצוינים על דבר תכונות הארץ ויושביה
  וקדמוניותיה. על דבר מצב ישראל בכל הארצות, חייהם וצרכיהם וכו'. מכ"ע זה
  קנה לו שם טוב בין כל בני עמנו, וגם גדולי כה"ע באירופה ידעוהו בשם ויביאו
  דבריו בכבוד הראוי. וכשרבו קוראיו, רבו גם סופריו ; ומשרבו סופרים מומחים
  בא"י, רבו גם ספרים טובים בשפת עבר, היוצאים לאור בא"י ונקראים
  בחשק ושקידה בכל ארצות הגולה. וכה גדלה הספרות העברית בכמות, ועוד יותר –
  באיכות...
  אבל מה אאריך ? בסגנון כזה נוכל להמשיך את
  חלומנו בלי גבול. כללו של דבר :
  יותר שהשתלמו המעשים בא"י – יותר הלכו ורבו המשתתפים בהם, יותר שרבו
  המשתתפים בהם – יותר הלכו והשתלמו המעשים ויותר גדלה פעולתם על רוח בני הגולה.
  התנועה הזאת, לפי שנתעוררה לא על ידי שאלת
  היהודים, כי אם על ידי זו של היהדות, לפי שלא היתה פרפור של קדחת מסבות מקריות
  וחיצוניות, כי אם תנועה מסודרת מסבה מושכלת ופנימית, – על כן לא עשתה דרכה
  בחפזון ובהלה, לא השתמשה למטרתה באמצעים דמיוניים, בהפרזות והפלגות, המבלבלות
  מוחם של ההמון ובני הנעורים, כי אם הלכה והתפתחה לאט, במנוחה ושלוה, בלי קפיצות
  פתאומיות לפנים ולאחור, עד שלסוף, כעבור דורות אחדים, השיגה את התכלית הנרצה :
  בראה בא"י 'מרכז לאומי רוחני' להיהדות, האהוב וחביב על כל העם ומאחד ומקשר
  את כל העם ; מרכז של תורה וחכמה, של לשון וספר, של עבודת הגוף וטהרת הנפש,
  'מיניאטורא' אמיתית של עם ישראל כמו שהיה צריך להיות... עד שאיש עברי בגולה
  חושב לו לאושר לראות בעיניו פעם אחת את 'מרכז היהדות', ובשובו לביתו הוא אומר
  לחברו : רצונך לראות טופס של איש
  ישראל בצביונו האמתי, בין רב או חכם או סופר, בין אכר או אומן או סוחר ? – לך
  לארץ ישראל ותראהו...
   
  על זאת הקיצונו, והנה לנגד עינינו החיים כמו
  שהם, תמונה אחרת לגמרי. 'מחלת הנפש' הישנה שוררת באירופא בכל עוז, ושאלת
  היהודים עם כל המסתעף ממנה ממלאה כל הלבבות, באפס מקום עוד לשאלת היהדות,
  הדורשת גם היא תפקידה בחזקה... גדולי ישראל מתאספים וחוזרים ומתאספים לדעת מה
  לעשות ביהודים, 'איזו ארץ תוכשר להיות להם למקלט בטוח', וחובבי ציון ירגנו
  באהליהם ויקראו :
  'איזו ארץ
  ? מה זו שאלה ? ארץ ישראל !' – ולעומתם מחנה גדול של
  'בני הקולטורא החדשה' יזכירו את 'המכשולים החיצוניים', אשר ישנם באמת ואשר אינם
  אלא בדמיון, ומבקשים להשכיח לגמרי את הארץ הזאת ולא תזכר ולא תעלה עוד על לב.
  והנה זה בא בעל האבטואימנציפציא לעמוד בתוך בין שניהם ואומר : צדקתם יחדו ! ארץ ישראל
  אינה יכולה להיות מקלט בטוח להיהודים, אבל יכולה וגם צריכה להיות זאת להיהדות.
  עתה, הגידו נא, למי נסכים אנחנו, א"י
  להיהדות או להיהודים ?
  –
  מה טוב היה אמנם, לו יכולנו להשיב : לשניהם יחד. לעם ישראל !
  אבל בדאבון לב מוכרחים אנו להודות, כי לתשובה כזו עוד לא הגיעה השעה, לא רק מפני
  'המכשולים החיצוניים', כי אם, עוד יותר, מפני המכשול הפנימי : כי עוד לא עם אנחנו, כי רק
  יהודים אנחנו.
  ובכן, להיהדות או להיהודים ?
  חובבי ציון עוצמים עיניהם מראות מה שבחוץ ומה
  שבפנים ומשיבים :
  'להיהודים ויהי מה !' – בעל האבטואימנציפציא
  רואה תחלה מה שבחוץ ומשיב: 'לא להיהודים', וחוזר ורואה גם מה שבפנים ומוסיף
  :  'כי אם להיהדות'. אבל אנחנו
  נותנים עינינו קודם כל במה שבפנים, שוקלים את היהדות בא"י ופעולותיה, אשר
  ראינו בחלום, כנגד היהודים בא"י ופעולותיהם, אשר ראינו בהקיץ, ומשיבים :
  להיהדות תחלה, וסוף היהודים לבוא, כאשר יחדלו להיות 'רק יהודים'... כי אז, כאשר
  תשוב היהדות למקורה, ומכל ארצות פזוריהם, גם מן המקלט היותר בטוח, יכונו היהודים
  את לבם באהבה אמתית כנגד ירושלים של ההוה, לא של העבר ושל העתיד בלבד, – אז לא
  יצטרכו עוד לחכמים כפינסקר, שיעוררו בלבם רעיון האבטואימנציפציא על ידי חקירות
  שכליות ; כי מאליו יתעורר, כתולדה מוכרחת מתוך הרגש, כלומר, מתוך רגש האהבה
  להיהדות וארצה. ואז, כשיצא הרעיון הזה מן הלב ולא יהיה עוד 'יליד השכל וההגיון'
  בלבד, אז לא יסוג אחור גם מפני 'המכשולים החיצוניים', כי אם יבקש עצות ותחבולות
  להסירם. וכאשר יבקש כמו שראוי לבקש, בדעת וסבלנות הדרושה, יבוא גם היום אשר
  ימצא...
  'אבל – שומע אני אתכם מתאוננים – כמה ארוכה
  היא דרך כזו וכמה רחוקה היא תקוה כזו !'
  כן, אחים ! 'רחוק רחוק מאד מאתנו החוף אשר
  אליו נשא את נפשנו. אך לעם נודד זה אלפי שנה גם הדרך היותר רחוקה לא תוכל להיות
  ארוכה ביותר'.
  את הדברים היקרים האלה של בעל
  האבטואימנציפציא, אשר הצבתי בראש מכתבי ככתבם וכלשונם, צריכים אנו לכתוב על
  דגלנו באותיות של זהב.
   
  י"א טבת תרנ"ב
   
  * נדפס ב'פרדס' ספר א' ( אודיסא תרנ"ב ) בשם 'אבן
  למצבה'.
  
 




 










</body>
   </text>
</TEI>
