<?xml version='1.0' encoding='UTF-8'?>
<TEI xmlns="http://www.tei-c.org/ns/1.0">
   <teiHeader>
      <fileDesc>
         <titleStmt>
            <title>ביום קיץ, יום חם</title>
            <author>חיים נחמן ביאליק</author>
            <respStmt>
               <name>Mandel Scholion Hebrew Revival Research Group</name>
               <resp>Formatting of content from the Ben-Yehuda Project to TEI-XML according to the TEI P5 Guidelines.
                  Addition of dates, not present in the online version, by Shira Wigderson, Asaf Isser, Adi Cohen, Nitzan Cohen, and Adi Cohen.
               </resp>
            </respStmt>
         </titleStmt>
         <publicationStmt>
            <authority>Project Ben-Yehuda</authority>
            <idno>http://benyehuda.org/bialik/bia022.html</idno>
         </publicationStmt>
         <sourceDesc xml:lang="Hebrew">
            <bibl>
               <date when="1896" notBefore="1896-01-01" notAfter="1896-12-31"/>
            </bibl>
            <p>The Ben-Yehuda Project (http://benyehuda.org/). Content provided within the Ben-Yehuda Hackathon at the University of Haifa (THATCamp Haifa, February 2014).</p>
         </sourceDesc>
      </fileDesc>
      <revisionDesc>
         <change>
            <date>2017-08-09</date>
            <name>Jerusalem corpus of Emergent Modern Hebrew (JEMH) staff</name>
            <note>Created the initial version of the content in TEI-XML and added dates (some based on estimation)</note>
         </change>
      </revisionDesc>
   </teiHeader>
   <text>
      <body>







ביום קיץ, יום חם / חיים נחמן ביאליק












ביום קיץ, יום
חם

 

ביום קיץ, יום
חם, עת השמש ממרום

הרקיע תלהט
כתנור היום,

עת יבקש
הלב פנת שקט לחלום –

בא אלי, בא
אלי, רע עיף!

 

לי-יש-גן,
ובגן תחת אוג כבד צל,

הרחק הרחק
מעיר וממתים, נחבא תל,

כלו עטוף
ירקרק, כלו אמר סוד אל –

שם נחבא,
ננוח, אח נעים!

 

ובהתענג
וברך שם במחבא הלז

נמתיק יחדו
בדמי צהרים הרז,

שיופיע
לשנינו מקרן הפז,

הבקעת
את-שפעת הצללים.

 

ובליל חרף,
ליל קר, עת מחשכים ושחור

ישופוך
בחוץ, הולך סובב הקר,

ובבשרך
כי-יתקע מאכלותיו הכפור –

בא אלי, בא
אלי, ברוך אדני!

 

ביתי קטן ודל,
בלי מכלולים ופאר,

אך הוא חם,
מלא אור ופתוח לגר,

על-האח בער
אש, על-השלחן הנר –

אצלי שב
והתחמם, אח אבד!

 

ובהשמע
מילל סופת ליל קול כאוב,

זכר נזכר
ענות רש גוע ברחוב,

ולחצתיך
אל-לב, רעי, אחי הטוב –

ורסיס נאמן
אורידה עליך.

 

אך בבא תור
הסתו, בימי סגריר ועב;

עמום שומם
היקום, רפש הולך ורב,

דלף טרד
על-גג, עש בקרב לבב –

בי, עזבני
לנפשי, אח חנון!

 

בשממון
הזה אחפץ בדד היות;

ובהתעטף
הלב ובהיותו למסוס

אל-תראני עין
זר, זר לא-יבין את-זאת –

וערירי
אחרישה ביגוני.

 

חשון, תרנ"ז.





  


</body>
   </text>
</TEI>
