<?xml version='1.0' encoding='UTF-8'?>
<TEI xmlns="http://www.tei-c.org/ns/1.0">
   <teiHeader>
      <fileDesc>
         <titleStmt>
            <title>למתנדבים בעם</title>
            <author>חיים נחמן ביאליק</author>
            <respStmt>
               <name>Mandel Scholion Hebrew Revival Research Group</name>
               <resp>Formatting of content from the Ben-Yehuda Project to TEI-XML according to the TEI P5 Guidelines.
                  Addition of dates, not present in the online version, by Shira Wigderson, Asaf Isser, Adi Cohen, Nitzan Cohen, and Adi Cohen.
               </resp>
            </respStmt>
         </titleStmt>
         <publicationStmt>
            <authority>Project Ben-Yehuda</authority>
            <idno>http://benyehuda.org/bialik/bia038.html</idno>
         </publicationStmt>
         <sourceDesc xml:lang="Hebrew">
            <bibl>
               <date when="1899" notBefore="1899-01-01" notAfter="1899-12-31"/>
            </bibl>
            <p>The Ben-Yehuda Project (http://benyehuda.org/). Content provided within the Ben-Yehuda Hackathon at the University of Haifa (THATCamp Haifa, February 2014).</p>
         </sourceDesc>
      </fileDesc>
      <revisionDesc>
         <change>
            <date>2017-08-09</date>
            <name>Jerusalem corpus of Emergent Modern Hebrew (JEMH) staff</name>
            <note>Created the initial version of the content in TEI-XML and added dates (some based on estimation)</note>
         </change>
      </revisionDesc>
   </teiHeader>
   <text>
      <body>







למתנדבים בעם / חיים נחמן ביאליק












למתנדבים
בעם

 

לבשו-נא עז!
דרכו-נא עז!

במערות
הצורים, חרשים מצלים,

התלקטה
הפליטה בימי חשמונאים,

צחצוח חרבות
עם רננת התהלים

כאחד השיקו
דמי יערים וסלעים,

ובמחבא
חרשים, במערות אפלה,

ישועה גדולה
גמלה.

ואנחנו דור
דכא, קצר יד, בני עם-עני,

על-לבות
בנינו נהלמה-נא חוצץ,

ודבר אדני
עמודנו הימני,

והוא
פטישנו המפוצץ!

עוד לא
כל-כחנו נתנו לבז –

באלהים לנו
עז!

 

לעזרת העם!
לעזרת העם!

במה?
אל-תשאלו – באשר נמצאה!

במי?
אל-תבדקו – כל לבו ידבנו!

מי צרת האמה
בלבבו נגעה –

המחנה יאסף,
אל-נא נבדילנו!

כל-קרבן –
ירצה, כל-מתת – נאמנה:

אין בדקים
בשעת הסכנה!

כל-פליטת
הטוב, שריד העז והאורה,

שהותיר עוד אל
בלבבנו פנימה,

הבה נלקט,
לאחדים נאגרה,

ועל-נס ביום
חילנו נרימה;

וילקטו
אלינו מקדם עד-ים

חיל גדול
לעזרת העם!

 

חשפו האור!
גלו האור!

אם הררי נשף
עלינו נערמו –

לא דעכו
כל-הניצוצות, לא תמו;

מהרי הנשף
עוד נחצב להבה,

מנקיקי
הסלעים – ספירים לרבבה.

על-קרקע העם
ובתחתיות נשמתו –

עוד תגה
ותנוצץ שכינתו.

הוי, הבו-נא
יחדו לעבדה הגדולה!

נגלה-נא הרי
הנשף, נגלה!

נחשפה-נא
שכבות האורים הרבים!

הוי, בני
המכבים!

העמידו
את-עמכם, הקימו הדור!

חשפו אור,
חשפו אור!

 

אודיסא, תר"ס,
תשרי.





  


</body>
   </text>
</TEI>
