<?xml version='1.0' encoding='UTF-8'?>
<TEI xmlns="http://www.tei-c.org/ns/1.0">
   <teiHeader>
      <fileDesc>
         <titleStmt>
            <title>מחשבות ומעשים 9</title>
            <author>אלחנן ליב לוינסקי</author>
            <respStmt>
               <name>Mandel Scholion Hebrew Revival Research Group</name>
               <resp>Formatting of content from the Ben-Yehuda Project to TEI-XML according to the TEI P5 Guidelines.
                  Addition of dates, not present in the online version, by Shira Wigderson, Asaf Isser, Adi Cohen, Nitzan Cohen, and Adi Cohen.
               </resp>
            </respStmt>
         </titleStmt>
         <publicationStmt>
            <authority>Project Ben-Yehuda</authority>
            <idno>http://benyehuda.org/levinsky/maxshavot_9.html</idno>
         </publicationStmt>
         <sourceDesc xml:lang="Hebrew">
            <bibl>
               <date when="1898" notBefore="1898-01-01" notAfter="1898-12-31"/>
            </bibl>
            <p>The Ben-Yehuda Project (http://benyehuda.org/). Content provided within the Ben-Yehuda Hackathon at the University of Haifa (THATCamp Haifa, February 2014).</p>
         </sourceDesc>
      </fileDesc>
      <revisionDesc>
         <change>
            <date>2017-08-09</date>
            <name>Jerusalem corpus of Emergent Modern Hebrew (JEMH) staff</name>
            <note>Created the initial version of the content in TEI-XML and added dates (some based on estimation)</note>
         </change>
      </revisionDesc>
   </teiHeader>
   <text>
      <body>







מחשבות ומעשים 9 / אלחנן ליב לוינסקי








מחשבות ומעשים 9

אלחנן ליב לוינסקי



 




 
  
  XI
  Freude, Ich bin zufrieden!
  השמעתם מימיכם,
  חביבי, את השירה ההמונית הזאת? המשורר יביע את רוחו לאמור: אף-על-פי ששטוים הרבה
  יש להם כסף וזהב ואוצרות כל טוב, ולו, המשורר החכם, אין כל; אף-על-פי ששוטים הרבה יש להם נחלת שדה וכרם, ולו אין מאומה; אף-על-פי ששוטים הרבה ילמדו תורה ודעת, והוא,
  המשורר החכם, לא ילמוד דבר;
  – בכל זאת הוא שבע רצון.  מפני...   מפני...   גם הוא עצמו אינו יודע מפני מה.  
  ובמעמד כזה הנני עתה גם אני עבדכם.  אף-על-פי ששוטים הרבה מאומות-העולם יש
  להם עושר ונכסים, מטל השמים ומשמני-הארץ, ואנחנו יש לנו – מאמרים במכתבי-העתים
  ומלחמת סופרים; אף-על-פי שהם יש להם
  בתי-ספר הרבה לחכמה ומלאכת מחשבת והם ילמדו וילמדו, ואנחנו עם חכם ונבון יש לנו
  – "תכנית בית-ספר לרבנים"... 
   בכל זאת הנני שמח
  ושבע-רצון.  אומות העולם יש להם...   יהיה להם אשר להם. 
  ואנחנו – יאה עניותא לישראל, עניות בדעת, בכסף ובסדרים, ונסתפק במה שיש
  לנו: בחברות "שפה ברורה", בעתונים צנומים, במרחיבי השפה ובקונגרסים
  שונים...   לא עת עתה לדאור ולהתמרמר, כי
  "הרבי צוה להיות שמחים". 
  
  "הרבי צוה להיות שמחים".  האמת אמנם נתנה להאמר, כי
  ה"הרביים" מבית-המדרש הישן, הן משלנו והן משלהם, לא צוו מעולם להיות
  שמחים, אדרבא, כולם היו בעלי מרה-שחורה ותמיד יעצו להיות עצובי-רוח.  הרבי העברי רצה לבכות על חורבן הבית,
  על גלות השכינה, על יצר הרע...   והרבי מאומות-העולם – על תקלות אחרות:
  על התבל וסדריה, כי רבה הטובה ומעטים אוכליה.  הנה כי כן היתה תורת בית רבותי – אנחות התמרמרות.  רק הרביים החדשים, מאתמול, הם צוו
  להיות שמחים, לתת פדיון כופר מחשבות רעות – מחצית השקל או שלשה שקלים, רק
  במזומנים, ולצאת ידי חובת יהודי לאומי. 
  ובכן הנני משלם את "המס הלאומי כפי הקצבה", והנני שמח
  ושבע-רצון.  מרגיש אני בעצמי מעין
  מה שירגיש הכהן בעמדו ב"מזרח" אחר הדוכן ואומר בגאון, כאילו באמת עשה
  דבר גדול מאד: "רבונו של עולם, עשינו מה שגזרת עלינו ואף אתה עשה כמה
  שהבטחתנו...   וברך את עמך ישראל".  מעין ההרגשה הזאת ארגיש גם אני, בשעה
  שאשלם שלשה רו"כ לישוב הישן ומחצית השקל לה"ציונית" החדשה, ואומר
  בלבי: עם ישראל, חברת התמיכה, ציוניים! – אני עשיתי את שלי, ועתה עשו אתם את
  שלכם – והביאוני לציון ברנה...   והנני שמח ושבע-רצון מלאומיותי הצרופה,
  מעבודתי הרבה לטובת-הכלל.  
  ביחוד הנני שבע-רצון מעת שבא לידי
  "המליץ", נו' 11 וקראתי את המאמר "דבר כשר".  בעל המאמר הוא בודאי יהודי כשר, ויחי
  מאה-ועשרים שנה בעד בשורתו הכשרה, הי התיר לנו...   לא קטנית
  בפסח, לא ספק-ספקא של סירכא וגם לא את ישוב ארץ-ישראל, אלא דבר יותר נכבד מכל
  אלה.  הוא התיר לנו את...   ה"מגן-דוד". 
  
  צריך אני להגיד לכם, חביבי, כי אני הנני ממעריציו
  ומקדישיו של ה"מגן-דוד". 
  מכל "דגל מחנה יהודה" נשאר לנו לפליטה רק המגן הזה.  "האריות" ויתר "חיות
  הקדש" יש אשר הלכו שבי לפני צר, או מה שרע מזה, פשוט נתהפכו לשועלים מחבלים
  כרמים, ולא נשאר לנו ירושה בלתי אם המגן הזה.  ולי מה יקר ומה חביב האות הזה! – כמה זכרונות קשורים בו לכל
  איש יהודי.  מבר-מצוה עד החתונה,
  משלש-עשרה עד שמנה-עשרה שנה, מבחר ימי העלומים, מן התפילין עד הטלית –
  ה"מגן-דוד" ילונו על דרכנו. 
  הסופר ספיר יאמר, כי בראותו כתונת בידי תופרת – ירים את כובעו
  לאות כבוד; כי כמה הרגשות וכמה אנחות
  וכמה דמעות נתפרו ונקשרו בהתפירות והקשרים האלה.  ואם בתפירות פשוטות כך, בתפירות של "מגן-דוד" על
  נרתיק של תפילין ושל טלית – על אחת כמה וכמה.  אמותינו וזקנותינו הטובות לא ידעו אופן אחר להביע את
  רגשותיהן ואהבתן זולת על ידי ה"מגן-דוד"...   "אשה
  עבריה מי ידע חייך...   עצבן ומשושך, שברך מאוייך"...   קשורים ותפורים ב"מגן-דוד" של "נרתיק של
  טלית"...   ולא רק אבותינו, כי גם אנחנו, אם נבקש
  היטב בצרור זכרונותינו, נמצא עוד אולי זכרונות נעימים קשורים
  ב"מגן-דוד"...   והנה באו סופרים עריצים ויאמרו להרוס את
  מקדשי ולחלל את קדשי, ויוציאו לעז עליו, כי מוצאו מעם נכרי! אני מטבעי אינני
  אוהב חקירות כמו אלה, אשר לפי דעתי הן למותר לגמרי.  כי אם נאמר לחפש אחר שרשיהם של הרבה ממנהיגנו, לבקש את אביהם
  ומחוללם, מי יודע עד אנה יובילונו חקירותינו...   ולפיכך, יהודי
  פשוט כמוני מקבל את היהדות כמו שהיא ואינו שואל: מה לפנים ומה לאחור.  ועל כן, כל אותן הימים שהרעישו סופרינו
  את מצודת ה"מגן-דוד", הייתי שרוי בצער ולא ידעתי שלו בנפשי, עד שבא
  לידי "המליץ" נו' 11 והסיר אבן מעמסה מעל לבי, כי התיר לי את הכשר,
  וממש עין בעין הוכיח, כי ה"מגן-דוד" היה באמת מגנו של דוד.   הלא כה יאמר:
  "המגן דוד מולידו הוא דוד המלך ע"ה,
  ויהי כאשר הצילו ה' משש סכנות: מפי הארי, מכפות הדוב, מיד גלית הפלשתי, מיד
  שאול, מיד אבשלום ומקרני ראם – ויעש על מגנו מגן-רמז בעל ששה קצות...   עם האות הזה פעל רב טוב על צבאות ישראל בהיותם במלחמה ודוד
  מלכם עם מגנו אתם, כי כאשר הביטו על המגן ועל האות תקעו ויריעו ויתקעו ויקראו
  בקול: אנא ה' הושיעה נא, מגן דוד עבדך עמנו! אנא ה' הצליחה נא, מגן דוד עבדך
  הגבור אתנו! – וילחמו כאריות וינצחו".  
  הלא "ברור כיום", כי
  ה"מגן-דוד" הוא מגנו של דוד באמת, ועל ידו נלחמו אנשי דוד כאריות
  וינצחו! כי נלחמו כאריות וינצחו – זאת אמנם ידענו גם בלעדו, ממקורות אחרים, אבל כי
  דברו עברית בימי דוד בלשונו הצחה של הסופר הזה – אפונה.  הן נשארו לנו לזכרון דברי אחד
  מאנשי-הצבא אשר לדוד, אוריה החתי, ועל פיהם נוכל לשפוט, כי אנשי-הצבא של
  בעל-התהלים דברו עברית יותר צחה מזו של סופרי העתונים העברים עתה.  
  לא זאת אמנם מגמת דברי, העיקר הוא, כמו שיאמר
  בעל המאמר בסוף דבריו: "אשר מכל האמור רואים אנו בחוש, כי מנהג מגן דוד כשר
  הוא, וחובי-ציון, אשר רעיון הדוקטר הרצל שלח שרשיו בלבם יכולים להתקשט בו, כי
  הוא אות גאולה ואין לדאוג כלל". 
  
  אין לדאוג כלל! – כמדומה לי, אמנם, שאפילו
  חובבי-ציון "אשר רעיון הדוקטר הרצל שלח שרשיו בלבם", אלה
  "העזים" שבחובבי-ציון, גם להם עוד ישנן דאגות אחרות מלבד
  ה"מגן-דוד"...   אבל כשאני לעצמי, כמו שאמרתי למעלה,
  מסכים הנני לדעת בעל המאמר, כי מעתה "אין לדאוג כלל", והכל יעלה טוב
  ויפה.  
  רק אחת עוד תשבית את מנוחתי ותעיב שמחתי, והיא
  – מה יאמרו הגוים בכלל מר יוזשאקאוו בפרט? אמת הדבר, כי היתרו של בעל
  "דבר-כשר" גם כן לאו מלתא זוטרתא היא, אבל יותר טוב היה אלו השגנו
  היתר גם מאת ה' יוזשאקאוו, וכל זמן שאין לנו היתר גם ממנו עדיין לבי נוקפני.  
  "יוזשאקקאוו" – לא שמעתם שם פוסק
  כזה, לא מהראשונים ולא מהאחרונים, גם צלצול שמו נדמה לכם כאלו אינו עברי?...   אמת, חביבי! ובכל זאת, או אולי רק בעבור זאת, הנה באמונות
  ודעות הוא אצלנו "בר-סמכא" שאין למעלה הימנו.  על קורקבן שנמצא בו מחט, על כף של חלב
  שנפלה לקדרה של בשר, וכדומה מן הדברים העומדים ברומו של עולם – עליהם שואלים את
  הרב; אבל על דברים שבלב, על
  אמונות ודעות, אם "עם" אנחנו או "עדר", אם צריכים אנחנו
  לחכות לשיבת-גליות ותחית-האומה, וכדומה מן הדברים של מה-בכך – על אלה שואלין את
  פי ה' יוזשאקאוו וחבריו, אנשי כנסת הגדולה של הזורנליסטיקא הרוסית, והם יורו
  לאסור להיתר.  כי "למה יאמרו
  הגוים", ומה גם "הליברלים" שבהם, זה הוא עיקר גדול מעקרי חיינו,
  וכל מה שנעשה, נעשה לא מפני שכך צריך להיות, מפני שכן יגיד לנו לבבנו, רק מפני
  שכן יאמרו הם.  בטלה כל התורה,
  בטלה כל חכמת ישראל, בטלו גם כל הרגשותינו.  סופרי ישראל הנם כקליפת השום, כגמדים, ודבריהם אינם נשמעים.  וסופרי "יון" – ענקים, וקולם
  נשמע בכל תחום-המושב.  המה
  מורי-הוראה לנו ופוסקים מוסכמים לנו, פוסקים "מחמירים" מאד, ואת
  חומרותיהם נקבל ונשא ונסבול באהבה רבה. 
  ה' יוזשאקאוו – הוא סופר נכבד בספרות הרוסים, אבל מה לו ולעניני
  חבת-ציון? על דברים שבלב כאלה אינם מתוכחים ואי-אפשר להתוכח.  אבל האדון הזה חושב עצמו כמומחה גם
  לדבר זה, ובמאמרו באחד הירחונים הרוסים שפט את התנועה הציונית, ובכלל את התנועה
  הלאומית אצלנו, ויוציא דינה לחובה, כי היא פרי "הליכתנו לארחור",
  שיבתנו "אל התלמוד".  
  נקל להגיד – שיבה "אל התלמוד"! הברה
  יותר חזקה מזו, אשר תכלול את המושג: שיבה לחשך ואפלה, לבערות, לקנאת דת, לתורת
  הבלים, לרשע כסל וכו' – אי-אפשר למצוא בספר-המלים הרוסי.  התלמוד לפי דעתם כולל יחד את כל הדברים
  האלה.  וצריך להבין מה הרגיש ה'
  יוזשאקאוו בעת כתבו, כי התנועה הלאומית הצלנו היא הליכה לאחור – "אל
  התלמוד"...   אינני דן את ה' יוזשאקאוו על משפטו, ולא
  באתי פה לבטל את טענותיו, אשר באמת רובן אינן שוות גם לטפל בהן.  הנה הוא יוכיח, למשל, כי קבוץ גליות
  אין בו מועיל כלל: וכי הארמינים היושבים בארצם, ישאל בתמימות, אינם בגלות? וכי
  הטשיכים היושבים בארצם אינם בגלות אצל האשכנזים? – אף כי בודאי גם הוא יודע, מה
  רב ההבדל בין גלותם של הארמינים לגלותנו אנחנו, ועוד יותר מה רב ההבדל בין גלותם
  של הטשיכים וגלות יהודה...   לא על זה אנחנו דנין, גם לא אתוכח עמו,
  אחרי כי באמת לא לנו ולא למעננו כתב מה שכתב, כי-אם לעם אחר וקוראים אחרים, אשר
  ענין "הלאומיות" שלנו שוה בעיניהם להתנועה הלאומית בארץ סינים.  מחוץ יעמוד, ובקר-רוח יספר לקוראיו מה
  שראה ושמע אצל הזרים...   רק על זאת חפצתי להעיר, על הרושם הנורא
  שעשה מאמרו על הקוראים העברים, על הסער שהטיל בתחום היהודים.  לרגלי מסחרי נוסע אני תמיד מעיר לעיר,
  ובכל אשר באתי שמעתי רק קול אחד ודברים אחדים: הקראת את מאמרו של יוזשאקאוו?
  השמעת? ומה תגיד? מכל עברים נשמע: יוזשאקאוו, יוזשאקאוו! כאילו היה
  "מר-בר-רב-אשי", ודבריו כדברי האורים בענין זה.  מאמרו היה כחזיז ורעם ביום צח.  השמים היו טהורים עלינו, שמש הקונגרס
  עמד ברום שמינו, ופתאום והנה רעם וברק... 
   מאמרו של יושאקאוו! מתחילה
  עמדו כנדהמים, הורידו לארץ ראשם, מבלי לדעת מה להשיב.  ואחרי-כן אספו כוחותיהם – והתשובות החלו...  
  והתשובות – אל אלהי אבי! – לא נמצא אף אחד אשר
  יבין, אשר יגיד, כי לאומיותנו הוא עצם מעצמנו, תמצית דמנו, וה' יוזשאקאוו כתב מה
  שכתב לא לנו, כי אם לעם אחר.  הם
  יחשבו להם מה שיחשבו על אדות הדבר הזה, הרחוק מהם, מדעותיהם, מלבם...   ולנו אחת היא אם כה או ככה יחשבו.  – אף לא אחד נמצא אשר ישיב תשובה כזו, אלא הכל מהרו להוכיח
  לו בענוה גדולה, כי חלילה וחלילה, אין בדעתנו "לשוב אל התלמוד"...  
  ובנדון דידן טובה בעיני צפרנם של הראשונים
  מכריסם של האחרונים, אבותיהם ואבות-אבותיהם של אלה "הציוניים" החדשים,
  בתקותיהם לעתיד ובאמונתם "במשיח" ובתחית-ישראל, לא שמו לב כלל וכלל
  לדברי אבותיו ואבות-אבותיו של יוזשאקאוו. 
  הם קוו והאמינו, ובתקותם ואמונתם חיו – מבלי גם אשר חפצו לדעת, מה עמים
  אחרים חושבים על אדותם.  ועתה
  נתהפך הסדר.  אנחנו נאמר
  "קדוש וברוך" רק למה שהם אומרים, ובלי הסכמתם לא נעיז להאמין ולקוות...  
  "למה יאמרו הגוים?"...   גם בעיר יעקאטרינאסלאוו, אף-על-פי שאינה "אם
  בישראל", יש שדואגים דאגת-כלל ומשתדלים להסיר מעלינו הסכנה של "למה
  יאמרו".  איש יהודי שם, העקער
  שמו, שמע, כי הצרפתים מתנגדים לזלולא ודריפוס, ובפחדו פן חלילה ישמעו הדברים גם
  ביעקאטרינאסלאוו – מצא לנחוץ לערוך מכתב-גלוי לכל היהודים שבצרפת...   בהעתון הרוסי המקומי, ויצא במחאה גלויה נגדם, על כי יתמכו
  בימין זולא ודריפוס.  
  אתם תשחקו, אבל הדבר אמת לאמתו, כתוב שחור על
  גבי לבן בהעתון "פרידניעפראווסקי קראי", וכדאית המחאה ההיא שתעמוד
  בשורה אחת עם המחאה המפורסמת של עיר ברדיטשוב בשעתה.  ויהי אחרי הקונגרס הברליני, בשנת 1879, התנפלו איזו עתונים
  רוסים על ביקנספילד-דיזרעאלי, ראש שרי אנגליא, על אשר לפי דבריהם נתכון
  בהפוליטיקא שלו לרעת רוסיא.  ויהודי
  ברדיטשוב, בפחדם, פן יחשדו אותם, כי גם ידיהם תכון עמו, עם ביקנספילד, יצאו
  במחאה גלויה נגדו, ויפרסמו ברבים, כי אין חלילה כל עסק עמו, וכל מה שעשה, עשה על
  דעתא דנפשיה, וברדיטשוב ועדתה נקיים. 
  אם הועילה אז מחאתם, לשכך חמת העתונים הרוסים, לא אדע כעת, אבל הם יצאו
  ידי חובתם...   ומעין אותה המחאה היא גם זו של ה' העקער...   ידעו נא כל יושבי תבל, וכל גרי "רחוב העזים"
  ביעקאטרינאסלוו, כי הוא, העקער, אינו מסכים להסינדיקט של דריפוס...  
  מובן, כי דברים כאלה לא מעלין ולא מורידין, רק
  יעוררו תחוק, אך גם בצחוק יכאב לב. 
  
  "מה תיטיבי דרכך לבקש אהבה!...   מה תזלי מאד!"
  מאת כל גוי קטן וגדול נבקש אהבה.  אם קרדינל אחד הועיל לדבר עם אחד
  הרפורטרים על דבר ציון – מיד הננו כורעים ומשתחוים ומדפיסים את תמונתו בהעתון
  "הציוני" יחד עם תמונות גדולי האומה; אם ה' יוזשאקאוו כותב מאמר נגד התנועה הלאומית – מאמרו עושה רושם
  עז ומפיל אימה יתרה והכל ממהרים להשיב לו, כי "חלילה לא נשיב אל
  התלמוד"; אם מפלגה ידועה בצרפת
  מתנגדת לדריפוס וזולא, המצא ימצאו יהודים שיסכימו להם ויצאו במחאה גלויה, בשם
  הקהל העברי...  
  ובראותנו כל אלה, נזכור באנחה את דברי היינה:
  Ach, wie schlecht geschtűtzt bist du, Israel!
  
 




 





 






</body>
   </text>
</TEI>
