<?xml version='1.0' encoding='UTF-8'?>
<TEI xmlns="http://www.tei-c.org/ns/1.0">
   <teiHeader>
      <fileDesc>
         <titleStmt>
            <title>שירים מן העזבון</title>
            <author>חיים נחמן ביאליק</author>
            <respStmt>
               <name>Mandel Scholion Hebrew Revival Research Group</name>
               <resp>Formatting of content from the Ben-Yehuda Project to TEI-XML according to the TEI P5 Guidelines.
                  Addition of dates, not present in the online version, by Shira Wigderson, Asaf Isser, Adi Cohen, Nitzan Cohen, and Adi Cohen.
               </resp>
            </respStmt>
         </titleStmt>
         <publicationStmt>
            <authority>Project Ben-Yehuda</authority>
            <idno>http://benyehuda.org/bialik/izavon_poems_018.html</idno>
         </publicationStmt>
         <sourceDesc xml:lang="Hebrew">
            <bibl>
               <date when="1892" notBefore="1892-01-01" notAfter="1892-12-31"/>
            </bibl>
            <p>The Ben-Yehuda Project (http://benyehuda.org/). Content provided within the Ben-Yehuda Hackathon at the University of Haifa (THATCamp Haifa, February 2014).</p>
         </sourceDesc>
      </fileDesc>
      <revisionDesc>
         <change>
            <date>2017-08-09</date>
            <name>Jerusalem corpus of Emergent Modern Hebrew (JEMH) staff</name>
            <note>Created the initial version of the content in TEI-XML and added dates (some based on estimation)</note>
         </change>
      </revisionDesc>
   </teiHeader>
   <text>
      <body>







שירים מן העזבון – אחרי הדמעות / ח"נ ביאליק








אחרי הדמעות

ח"נ ביאליק

 

את החמה
בגבורתה

אחרי גשם
ארץ יורה

אם ראיתם איכה
תקרן,

תזרק חניתות,
חצים תורה

אל כל אגל, אל
כל טפה,

הנפזרים
כספירים

בין ירקרק
דשא עשב

ומבהיקים
ומזהירים,

ובקרניה אל
כל נלאה

תשלח מרפא,
תפח נפש;

אז יבריקו גם
מי בצה

ירפד חרוץ
עלי רפש…

ככה אחרי
דמעות חמות

מרחב תבל
ירחב לבי

ובמחשכיו
תציץ קרן

אור הילדות –
עת באבי

רוה טל שחר
עוד הייתי,

כאילה קל
ומהיר 

לרוץ לרוץ…
וכצפור

לעוף על אל
שחק בהיר…

כימי
השמים.

ובדמעה על
לחי

ובשפלות
ברכים

ובראש כפוף
מטה,

ברטט, בחילה

אבושה, אחתה

ואשאל
"מחילה".

ולכפר
פניך

פה אשא
לבתי,

שלך ואליך

הנני אמתי.

ולא, אצע
קברי

בנחת ושובה

כי מתי
כעברי

בודוי
בתשובה…

                        כ'
כסלו תרנ"א

 

וכבר אדעה
אבין שברם;

הוי, איך עיני
בי תכלינה

טרם קמו
לראות קברם!

דמעות חמות,
דמעות רותחות…

אזל, אזל…
ירחב לבי,

אראה אותי
בילדותי

חי, רענן, עוד
באבי,

ומבטן
אשפה אשוב

אחלם: פרח
רך נטוע

עלי עין, וממעל

מרחב יה ואור
זרוע…

                                           ג'
אדר תרנ"ב

 





 

 






</body>
   </text>
</TEI>
