<?xml version='1.0' encoding='UTF-8'?>
<TEI xmlns="http://www.tei-c.org/ns/1.0">
   <teiHeader>
      <fileDesc>
         <titleStmt>
            <title>ילדות</title>
            <author>חיים נחמן ביאליק</author>
            <respStmt>
               <name>Mandel Scholion Hebrew Revival Research Group</name>
               <resp>Formatting of content from the Ben-Yehuda Project to TEI-XML according to the TEI P5 Guidelines.
                  Addition of dates, not present in the online version, by Shira Wigderson, Asaf Isser, Adi Cohen, Nitzan Cohen, and Adi Cohen.
               </resp>
            </respStmt>
         </titleStmt>
         <publicationStmt>
            <authority>Project Ben-Yehuda</authority>
            <idno>http://benyehuda.org/bialik/bia026.html</idno>
         </publicationStmt>
         <sourceDesc xml:lang="Hebrew">
            <bibl>
               <date when="1897" notBefore="1897-01-01" notAfter="1897-12-31"/>
            </bibl>
            <p>The Ben-Yehuda Project (http://benyehuda.org/). Content provided within the Ben-Yehuda Hackathon at the University of Haifa (THATCamp Haifa, February 2014).</p>
         </sourceDesc>
      </fileDesc>
      <revisionDesc>
         <change>
            <date>2017-08-09</date>
            <name>Jerusalem corpus of Emergent Modern Hebrew (JEMH) staff</name>
            <note>Created the initial version of the content in TEI-XML and added dates (some based on estimation)</note>
         </change>
      </revisionDesc>
   </teiHeader>
   <text>
      <body>







ילדות / חיים נחמן ביאליק












ילדות

 

צפרים חדשות
– זמירות חדשות –

מה רב הרעש
שם ברמה!

הזאת היא  ע צ ם  המלחמה?

אם רק  ה ת כ ו נ ה  למלחמה?

 

ואולי זה
כל-הנצחון? –

אם-כן – קום,
נלכה לדרכנו!

אם-כן, אל-נבוש
כי זקנו,

אם-כן, לא
עברה עוד עתנו!

 

הנח להם
וישחקו למו!

השחוק
ייגעם ויישנמו,

ובפזמונינו
הנושנים

עוד נבא נניד
את-ערשימו.

 

ועד-יקומו
ינערו,

ויצאו מלאי
כחות חדשים

לתקן לנו
סעדת שלמה –

נגלגל יחדו
בעדשים.

 

ובבוא העת
ההיא המקוה –

ברצון נכף
קדקדנו,

ועל-קרחתו
העלובה

ישפך לעג
ילדינו.

 

תרנ"ז.





  


</body>
   </text>
</TEI>
