<?xml version='1.0' encoding='UTF-8'?>
<TEI xmlns="http://www.tei-c.org/ns/1.0">
   <teiHeader>
      <fileDesc>
         <titleStmt>
            <title>לשרה שפירא</title>
            <author>יהודה ליב גורדון</author>
            <respStmt>
               <name>Mandel Scholion Hebrew Revival Research Group</name>
               <resp>Formatting of content from the Ben-Yehuda Project to TEI-XML according to the TEI P5 Guidelines.
                  Addition of dates, not present in the online version, by Shira Wigderson, Asaf Isser, Adi Cohen, Nitzan Cohen, and Adi Cohen.
               </resp>
            </respStmt>
         </titleStmt>
         <publicationStmt>
            <authority>Project Ben-Yehuda</authority>
            <idno>http://benyehuda.org/yalag/Ylg296.html</idno>
         </publicationStmt>
         <sourceDesc xml:lang="Hebrew">
            <bibl>
               <date when="1891" notBefore="1891-01-01" notAfter="1891-12-31"/>
            </bibl>
            <p>The Ben-Yehuda Project (http://benyehuda.org/). Content provided within the Ben-Yehuda Hackathon at the University of Haifa (THATCamp Haifa, February 2014).</p>
         </sourceDesc>
      </fileDesc>
      <revisionDesc>
         <change>
            <date>2017-08-09</date>
            <name>Jerusalem corpus of Emergent Modern Hebrew (JEMH) staff</name>
            <note>Created the initial version of the content in TEI-XML and added dates (some based on estimation)</note>
         </change>
      </revisionDesc>
   </teiHeader>
   <text>
      <body>






לשרה שפירא / י"ל גורדון








לשרה שפירא[1]

 

לבת הבחירה

שרה שפירא

על נהר דינא
במצודה

מעיר הבירה

מנחה מאת
יהודה

אפיקומן
לסעדה.

    ידידתי!

אתמול להגיד
לך שכחתי

כי במנחה
ששלחתי

יש פשט ויש
סוד:

את הפשט
כבר תדעי

אך סודי לא
תמצאי

עד הגיעך עד
היסוד.

 

    תענית
אסתר, תרנ"א ספ"ב.

 

אחרי אכלך
את הממתקים בתחלה

אכלי גם את
זאת המגלה.

 





 











[1]  המשורר שלח לה משלוח מנות לפורים תבה מלאה
ממתקים, ובשולי התבה מתחת להממתקים מצאה את הגליון הזה.








</body>
   </text>
</TEI>
