<?xml version='1.0' encoding='UTF-8'?>
<TEI xmlns="http://www.tei-c.org/ns/1.0">
   <teiHeader>
      <fileDesc>
         <titleStmt>
            <title>על ראש הראל</title>
            <author>חיים נחמן ביאליק</author>
            <respStmt>
               <name>Mandel Scholion Hebrew Revival Research Group</name>
               <resp>Formatting of content from the Ben-Yehuda Project to TEI-XML according to the TEI P5 Guidelines.
                  Addition of dates, not present in the online version, by Shira Wigderson, Asaf Isser, Adi Cohen, Nitzan Cohen, and Adi Cohen.
               </resp>
            </respStmt>
         </titleStmt>
         <publicationStmt>
            <authority>Project Ben-Yehuda</authority>
            <idno>http://benyehuda.org/bialik/bia009.html</idno>
         </publicationStmt>
         <sourceDesc xml:lang="Hebrew">
            <bibl>
               <date when="1893" notBefore="1893-01-01" notAfter="1893-12-31"/>
            </bibl>
            <p>The Ben-Yehuda Project (http://benyehuda.org/). Content provided within the Ben-Yehuda Hackathon at the University of Haifa (THATCamp Haifa, February 2014).</p>
         </sourceDesc>
      </fileDesc>
      <revisionDesc>
         <change>
            <date>2017-08-09</date>
            <name>Jerusalem corpus of Emergent Modern Hebrew (JEMH) staff</name>
            <note>Created the initial version of the content in TEI-XML and added dates (some based on estimation)</note>
         </change>
      </revisionDesc>
   </teiHeader>
   <text>
      <body>







על ראש הראל / חיים נחמן ביאליק












על ראש הראל

 

על ראש הראל,
בזרעות דלו רום ופתוחות,

מראש מקדמי
ימים עמד דם איש שב.

בשמאלו מטה
עז וימינו תאחז לוחות,

מפניו נגה
הוד, לו חגור – במתי עב.

 

ולרגליו
תכו שני ענקים גבוהי קומה,

ילחמו בו
בעז, אליו יערכו קרב;

בקרדם
ובחנית עלות יעפילו רומה

וגזל מזרועו
את-לוחותיו – אך לשוא!

 

כשני
עפעפי שחר עיניו תבקענה,

ובענות צדק
מגבה יביט בם –

וברכי שני
ענקים שחות, אף תכרענה –

מרוממותו
הס!  כמהו עוד לא קם!

 

ז' אדר, תרנ"ג.





  


</body>
   </text>
</TEI>
