<?xml version='1.0' encoding='UTF-8'?>
<TEI xmlns="http://www.tei-c.org/ns/1.0">
   <teiHeader>
      <fileDesc>
         <titleStmt>
            <title>דמעה נאמנה</title>
            <author>חיים נחמן ביאליק</author>
            <respStmt>
               <name>Mandel Scholion Hebrew Revival Research Group</name>
               <resp>Formatting of content from the Ben-Yehuda Project to TEI-XML according to the TEI P5 Guidelines.
                  Addition of dates, not present in the online version, by Shira Wigderson, Asaf Isser, Adi Cohen, Nitzan Cohen, and Adi Cohen.
               </resp>
            </respStmt>
         </titleStmt>
         <publicationStmt>
            <authority>Project Ben-Yehuda</authority>
            <idno>http://benyehuda.org/bialik/bia017.html</idno>
         </publicationStmt>
         <sourceDesc xml:lang="Hebrew">
            <bibl>
               <date when="1895" notBefore="1895-01-01" notAfter="1895-12-31"/>
            </bibl>
            <p>The Ben-Yehuda Project (http://benyehuda.org/). Content provided within the Ben-Yehuda Hackathon at the University of Haifa (THATCamp Haifa, February 2014).</p>
         </sourceDesc>
      </fileDesc>
      <revisionDesc>
         <change>
            <date>2017-08-09</date>
            <name>Jerusalem corpus of Emergent Modern Hebrew (JEMH) staff</name>
            <note>Created the initial version of the content in TEI-XML and added dates (some based on estimation)</note>
         </change>
      </revisionDesc>
   </teiHeader>
   <text>
      <body>







דמעה נאמנה / חיים נחמן ביאליק












דמעה נאמנה

 

כי תראה אותי
מוריד דמעות,

ולמספד
אקרא העננים,

על-חרבן איזה
ארץ פלאות,

על-אבדן איזה
גן עדנים;

 

ומן המצר אם
תראני,

כי-אשאף
מרחב בל ידעתי,

אל-תנד-לי,
אל-תרחמני –

דמעתי דמעת
שוא, מודעתי!

 

גם-אם
בגדולות ובנשגבות

ממני תראה
כי אתהלך;

כי-אתאו
לרכב בערבות,

כי-אשאל
להיות כרוב או מלאך;

 

או זרע כאל
לי אבקשה,

ועוד כאלה
תלי תלים –

גם-אלה, אודה
לא אבושה,

רק-דברי רוח,
מלים, מלים.

 

בדור טרוד זה
הרץ, הרדף,

בצוק עתים
אלה ובמשאם –

רק ריח צחוק
או-כזב נדף

מן-השמים
וכל-צבאם.

 

לי דמעה אחת נאמנה,

שבסתר לבי
אסבלנה,

ובשולי
נפשי היא נצפנה,

ומדי ארעב –
אורידנה.

 

ואזי שאלתי:
עת ככלב

מזה רעב
בקרב חוץ אשלכה –

ימצא אחד
מני אלף

עלי יעבר
באנחה...

 

חשוון, תרנ"ו.





  


</body>
   </text>
</TEI>
