<?xml version='1.0' encoding='UTF-8'?>
<TEI xmlns="http://www.tei-c.org/ns/1.0">
   <teiHeader>
      <fileDesc>
         <titleStmt>
            <title>התהפוכה</title>
            <author>חיים נחמן ביאליק</author>
            <respStmt>
               <name>Mandel Scholion Hebrew Revival Research Group</name>
               <resp>Formatting of content from the Ben-Yehuda Project to TEI-XML according to the TEI P5 Guidelines.
                  Addition of dates, not present in the online version, by Shira Wigderson, Asaf Isser, Adi Cohen, Nitzan Cohen, and Adi Cohen.
               </resp>
            </respStmt>
         </titleStmt>
         <publicationStmt>
            <authority>Project Ben-Yehuda</authority>
            <idno>http://benyehuda.org/bialik/ezvon01.html</idno>
         </publicationStmt>
         <sourceDesc xml:lang="Hebrew">
            <bibl>
               <date when="1893" notBefore="1893-01-01" notAfter="1893-12-31"/>
            </bibl>
            <p>The Ben-Yehuda Project (http://benyehuda.org/). Content provided within the Ben-Yehuda Hackathon at the University of Haifa (THATCamp Haifa, February 2014).</p>
         </sourceDesc>
      </fileDesc>
      <revisionDesc>
         <change>
            <date>2017-08-09</date>
            <name>Jerusalem corpus of Emergent Modern Hebrew (JEMH) staff</name>
            <note>Created the initial version of the content in TEI-XML and added dates (some based on estimation)</note>
         </change>
      </revisionDesc>
   </teiHeader>
   <text>
      <body>







התהפוכה / חיים נחמן ביאליק








       א

התהפוכה

 

 

עד היום לא נודע
למה

קצף שר האש
רב קצף,

ומדוע פרץ
חקו

ים האש מעל
ויצף – 

 

נהרי נחלי להב
פלדות

על אפיקיו
זרמו זרם – 

הבאלים חרה
אפך,

שר האש? אם
גנב מרום,

 

פרומטיאוס, בא
ויגנב

רצפת-אש במלקחים?

אך אם כה או
כה הדבר – 

דלקה נפלה בשמים!

 

בשמים דלקה
נפלה – 

הוי, מה-גדלה המהפכה!

כל הארץ אז
הריחה

ריח שרפה,
ריח חרכה.

 

גאות עשן נתכו
ארצה,

ותכהינה כל עינים;

חרוכי אבר, צרובי
כנף,

נפלו כרובים משמים.

 

נודו, נודו, אנשי
חסד,

אל הכרובים הנחשלים!

אומרים, כי מאלה
נפצו

פילוסופים ומקבלים...

 

אז גם אל עליות
מרום,

מושבות
האלילים, פרצה

אש ותלהטם,
ובהחפזם

לנוס נפלו,
נפלו ארצה.

 

נפל אלים – מחזה
יפה,

מרנין לב
כל-ילדי שחת

ויתהוללו האימים,

התרועעה
שאול מתחת.

 

ויעלזו, ויצחקו,

וירקדו, ויחלו

חברי שדים –
והאלים

נפלו, נפלו ויפלו.

 

"עת בהלה –  עת לעשות"!

– נתנו
שדים קול בחמם – 

עתה נקום; השמד
השמד

כל האלים,
אבדם, המם

 

הבה, פתחו בריחי
ארץ!

נצא חוצץ ושוטטנו

נעוף, נסק זבול
ערבות

וכבשנוהו ושלטנו

 

בשמים ובארץ,

עליון נהיה
על כלהם...

שאו ראשיכם, פתחי
עולם!"

צהלת שדים,
צחוק כרעם,

 

שבר בריחים,
פרץ דלתות...

מה-תחילין, האדמה!

התמליטי[[1]]
ארץ חדשה,

אם גם את
תחרבי שממה?

 

ותבקע האדמה

ויפתחו
אלפי פיות

ויקיאו אלפי
שדים

פה ושם מכל הפאות.

 

ומכח קיא הארץ

בני-הרשף
עוף הגביהו;

אלי-רום מנפלם
עז

בפי הארץ
שאול הציעו.

 

ובין תימרות
אש ועשן

שטו שדים,
עפו רומה;

אש בני-רשף
לא ייראו

ויעלו השמימה.

 

עלו, כבשו
היכלי אלים,

אף ממשלת על ירשו;

ובקברותם האלילים

שכבו, בלו ויבאשו.

 

חמת המצית כבר
שככה,

אף השחקים
כבה כבו – 

אך הסדרים
הראשונים

אל מכונם טרם שבו.

 

עוד מתגרת שדי
מרום

אלים כלים,
נופלים חללים.

מעי, מעי על
חלליהם

לבי אל האמללים!

 

ג' שבט תרנ"ג, זיטאמיר

 

 





 











[1][1]  כך!









</body>
   </text>
</TEI>
