<?xml version='1.0' encoding='UTF-8'?>
<TEI xmlns="http://www.tei-c.org/ns/1.0">
   <teiHeader>
      <fileDesc>
         <titleStmt>
            <title>לחברי בהיכל שירתנו הר"ר מנחם דאליצקי</title>
            <author>יהודה ליב גורדון</author>
            <respStmt>
               <name>Mandel Scholion Hebrew Revival Research Group</name>
               <resp>Formatting of content from the Ben-Yehuda Project to TEI-XML according to the TEI P5 Guidelines.
                  Addition of dates, not present in the online version, by Shira Wigderson, Asaf Isser, Adi Cohen, Nitzan Cohen, and Adi Cohen.
               </resp>
            </respStmt>
         </titleStmt>
         <publicationStmt>
            <authority>Project Ben-Yehuda</authority>
            <idno>http://benyehuda.org/yalag/Ylg301.html</idno>
         </publicationStmt>
         <sourceDesc xml:lang="Hebrew">
            <bibl>
               <date when="1892" notBefore="1892-01-01" notAfter="1892-12-31"/>
            </bibl>
            <p>The Ben-Yehuda Project (http://benyehuda.org/). Content provided within the Ben-Yehuda Hackathon at the University of Haifa (THATCamp Haifa, February 2014).</p>
         </sourceDesc>
      </fileDesc>
      <revisionDesc>
         <change>
            <date>2017-08-09</date>
            <name>Jerusalem corpus of Emergent Modern Hebrew (JEMH) staff</name>
            <note>Created the initial version of the content in TEI-XML and added dates (some based on estimation)</note>
         </change>
      </revisionDesc>
   </teiHeader>
   <text>
      <body>






לחברי בהיכל שירתנו הר"ר מנחם דאליצקי / י"ל גורדון








לחברי בהיכל שירתנו

ושכני בחצרות אלהינו

הר"ר מנחם דאליצקי

 

למה תבכה, למה תיליל, נדד חלכה,

על עזבך ארץ הקיאתך מגוה?

הנה גם אנכי מארצי אלכה,

גם היא הקיאתני – ונפשי מה שלוה.

 

אימים החיים ונורא מותנו...!

אך אל נא שנינו מפניהם נחתה,

לא עצים יבשים אנכי ואתה,

ומגלם קהה לכחיד עצמנו.

 

אתה הלך לחיים – לך והלחם,

ואני על משכבי אשלים מלחמתי

וכמוני כמוך אל נא ננחם

על חלומות שתחלם ועל אשר חלמתי.

 

לא מקסם כזב ראיתי בחלומי

ותרמית עינים גם אתה לא תחז;

לכן אל תירא כמוני משחת,

הא לך עטי, עלה רש מקומי!

 

ספ"ב 14 יולי 1892.

 





 






</body>
   </text>
</TEI>
