<?xml version='1.0' encoding='UTF-8'?>
<TEI xmlns="http://www.tei-c.org/ns/1.0">
   <teiHeader>
      <fileDesc>
         <titleStmt>
            <title>שירים מן העזבון</title>
            <author>חיים נחמן ביאליק</author>
            <respStmt>
               <name>Mandel Scholion Hebrew Revival Research Group</name>
               <resp>Formatting of content from the Ben-Yehuda Project to TEI-XML according to the TEI P5 Guidelines.
                  Addition of dates, not present in the online version, by Shira Wigderson, Asaf Isser, Adi Cohen, Nitzan Cohen, and Adi Cohen.
               </resp>
            </respStmt>
         </titleStmt>
         <publicationStmt>
            <authority>Project Ben-Yehuda</authority>
            <idno>http://benyehuda.org/bialik/izavon_poems_037.html</idno>
         </publicationStmt>
         <sourceDesc xml:lang="Hebrew">
            <bibl>
               <date when="1893" notBefore="1893-01-01" notAfter="1893-12-31"/>
            </bibl>
            <p>The Ben-Yehuda Project (http://benyehuda.org/). Content provided within the Ben-Yehuda Hackathon at the University of Haifa (THATCamp Haifa, February 2014).</p>
         </sourceDesc>
      </fileDesc>
      <revisionDesc>
         <change>
            <date>2017-08-09</date>
            <name>Jerusalem corpus of Emergent Modern Hebrew (JEMH) staff</name>
            <note>Created the initial version of the content in TEI-XML and added dates (some based on estimation)</note>
         </change>
      </revisionDesc>
   </teiHeader>
   <text>
      <body>







שירים מן העזבון – עצה בתפלה / ח"נ ביאליק








עצה בתפלה

ח"נ ביאליק

 

הארץ הלזו, שמיה
האלו

               כבר
בלו; כבר נושנו למדי;

לו שמעני: השיבם
לתהו

            ובראם
חדשים, אל שדי!

 

בארץ הבלה הזאת
אפס דבר

               אשר
לא שוררו אנשים,

ויתם החמר ואין
נושא חדש

לשירי המשוררים החדשים.

 

ותכלת שמים
וזהב קרני שמש

               וחורת
הלבנה הברה – 

הוי, אלי אלי! האמנם לא קצת

            מפניהם
ויהיו לזרא?

 

ותשואות יום בהיר
ודמי רזי ליל,

ים סאן וסופה ממזרים...

ומשק הפלג...  וירקרק הדשא...

            ונשיקה...  וצפצוף צפרים...

 

האביב ופרחיו,
הזמיר ורנניו –

               מחמדי
כל בעלי הרננים..

אם יפו בעתם
כבר שחתו הוד צלמם

המשוררים מימים ושנים.

 

מקרני הראמים
עד ביצי הכנים –

על כלם שיריהם הכבירו;

ואנחנו עלובים,
עט שקר עשינו

            כי
לנו מאום לא השאירו.

 

אך הבל יגעתי
למצא ענין חדש

לחרוזי על ימין ועל שמאל

אהה! אין כל חדש
שלא הקדימני

            בו
אחד החרזים מתמול.

 

אמרתי שאת חזון
על מדקרות הפרעש

והנה הקדימני החריזי,

ואמר תת קולי
בשיר לכבוד עזי

ופתאם – ותמת עלי עזי.

 

עניה! בבקר
ברפת חלשה

            ותזורר
ותגהר ותמת;

ומאז לבי רע
עלי, לשיר לא אוכל,

רק אבכה ואזכיר נשמות...

 

וכענני בקר
על לבי הריקן

הרהורי הבקר יגדו,

ולפני כחזון
תנומה קלה, חד זקנה

ועטישתה ברוח ידדו...

 

ובמעמקי שתי
אזני קול שעירה מתגלגל

כגרגור החזן דמתא,

עת יצנף בגרונו
"הצפיר והשעיר"

בפזמון הפיטן ויזתא

 

ובכל זאת ערכתי
לכבודה שיר ארך

            בן
שבע עשרה תנועות מלעיל 

ובדלת ובסוגר...  לולא שקדמני

            הפיטן
הנזכר לעיל...

 

עד שוליו הובישו
את מעין השירה,

            כי
על מה לא סמכה שירתם?..

אם גרם מזלם
הולד ראשונה

               וסבלנו
אנחנו קדמתם?

 

עם עתם תם שירם
ולמה יוגיענו

            במשנה
ובכפל הענין?

הארץ הלזו, שמיה
האלו – 

            מה
ישן, מה בלה הבנין!

 

לו, אלי, שמעני:
הן צבא לארץ, –

               האמנם
עד כה לא בא יומה?

אם לא למענך –
עשה למעננו

            וברא
ארץ חדשה במקומה!

 

ואנכי האחרון
על עפר אקומה

               לשורר
מהפכת החלד,

ובשובך לחדש
פני תבל – אשובה

            וראשון
משורר אולד...

 

ער'ח כסלו, תרנ'ד

 





 

 






</body>
   </text>
</TEI>
