<?xml version='1.0' encoding='UTF-8'?>
<TEI xmlns="http://www.tei-c.org/ns/1.0">
   <teiHeader>
      <fileDesc>
         <titleStmt>
            <title>מן העזבון</title>
            <author>חיים נחמן ביאליק</author>
            <respStmt>
               <name>Mandel Scholion Hebrew Revival Research Group</name>
               <resp>Formatting of content from the Ben-Yehuda Project to TEI-XML according to the TEI P5 Guidelines.
                  Addition of dates, not present in the online version, by Shira Wigderson, Asaf Isser, Adi Cohen, Nitzan Cohen, and Adi Cohen.
               </resp>
            </respStmt>
         </titleStmt>
         <publicationStmt>
            <authority>Project Ben-Yehuda</authority>
            <idno>http://benyehuda.org/bialik/izavon_poems_021.html</idno>
         </publicationStmt>
         <sourceDesc xml:lang="Hebrew">
            <bibl>
               <date when="1892" notBefore="1892-01-01" notAfter="1892-12-31"/>
            </bibl>
            <p>The Ben-Yehuda Project (http://benyehuda.org/). Content provided within the Ben-Yehuda Hackathon at the University of Haifa (THATCamp Haifa, February 2014).</p>
         </sourceDesc>
      </fileDesc>
      <revisionDesc>
         <change>
            <date>2017-08-09</date>
            <name>Jerusalem corpus of Emergent Modern Hebrew (JEMH) staff</name>
            <note>Created the initial version of the content in TEI-XML and added dates (some based on estimation)</note>
         </change>
      </revisionDesc>
   </teiHeader>
   <text>
      <body>







מן העזבון – בלב ים / ח"נ ביאליק








בלב-ים

 

משוטי צי
שיטי אל לועך, ים זועף,

בידי
אשליכה אף אסיר נסהו

גם תרנו
אמיש; ולמקום הרוח שואף

תנחנו
בלעדי, לבדך השחהו…

 

כי כבדה עלי
העבודה, כבדה,

שוט בדד בין
גלים, ברוח הלחם

וחתור אל
יבשה עת דרך אבדה

עת אפגש
בגלים וישיתוני שכם…

 

משפתך, ים
זועף, אך הנתק הנתקתי,

לא נסיתי
תפוש משוט, בחובלים לא יצאתי,

אך שוט
החלותי עד לכת הרחקתי

ומה רבו
הגלים שרגשו לקראתי…

 

שרגשו
ויגעשו וילחמני

ונבוך בין
נבכי המים הזידונים

נלחמתי
בראשית אנים – וילאוני

עד אבדו כלי
מלחמה ושארית אונים…

 

והניחותי את
כפי; ובירכתים

בספינה
ארדם ואשמר הרוח.

אנה יוליכני?
הישכו המים?

האמצא מי
מנוחות בם אוכל לנוח?

 

                                           כ"ג
אב תרנ"ב זיטומיר

 





 

 






</body>
   </text>
</TEI>
