<?xml version='1.0' encoding='UTF-8'?>
<TEI xmlns="http://www.tei-c.org/ns/1.0">
   <teiHeader>
      <fileDesc>
         <titleStmt>
            <title>ספר הענק</title>
            <author>יהודה אלחריזי</author>
            <respStmt>
               <name>Mandel Scholion Hebrew Revival Research Group</name>
               <resp>Formatting of content from the Ben-Yehuda Project to TEI-XML according to the TEI P5 Guidelines.
                  Addition of dates, not present in the online version, by Shira Wigderson, Asaf Isser, Adi Cohen, Nitzan Cohen, and Adi Cohen.
               </resp>
            </respStmt>
         </titleStmt>
         <publicationStmt>
            <authority>Project Ben-Yehuda</authority>
            <idno>http://benyehuda.org/alxarizi/haanak.html</idno>
         </publicationStmt>
         <sourceDesc xml:lang="Hebrew">
            <bibl>
               <date when="1220" notBefore="1220-01-01" notAfter="1220-12-31"/>
            </bibl>
            <p>The Ben-Yehuda Project (http://benyehuda.org/). Content provided within the Ben-Yehuda Hackathon at the University of Haifa (THATCamp Haifa, February 2014).</p>
         </sourceDesc>
      </fileDesc>
      <revisionDesc>
         <change>
            <date>2017-08-09</date>
            <name>Jerusalem corpus of Emergent Modern Hebrew (JEMH) staff</name>
            <note>Created the initial version of the content in TEI-XML and added dates (some based on estimation)</note>
         </change>
      </revisionDesc>
   </teiHeader>
   <text>
      <body>







ספר הענק / ר' יהודה אלחריזי








ספר הענק

 

אלף

א

צורי בזכרי רב עונותי

אהים בשיחי מר וגם אריד

אולם בעת אזכר מחילתך

אגאה ועל מלכי זמן אריד.

ב

לבי עשה חסד הכי מחר

תאכל אשר היום תהי אופה

כי איך ביום הדין תהי מוצא

לשון להשיב מענה או פה.

ג

באזני צעקה תבל בלי קול

אני כל מחשבות שרים אניאם

אני תמיד אעורר התלאות

ואם המה כמו בנות אני אם.

ד

אשו התשובה לחרמש ואולם

עלי שבלי החטאים אניפו

ולתור מנוחה ליום הנסיעה

אמהר עשות טוב בעוד כי אני פה.

ה

דאג למות יולדיו ומשפחתו

לא אדאגה להם ולא אדאב

אדרש שלום נפשי ולא אשית

לבי לשבר אח ולא אד אב.

ו

תבל נטי מני הכי יומי

קצר אבל המעשה ארוך

כי את כמו גנה וסם מות

פריך אבל הבערים ארוך.

ז

כל יום חטוא אוסיף ולא אחדל

לענות שקרים או שלח אצבע

עת יחשב חטאי להתלבן

אתו בשני יום ליום אצבע.

ח

אם אחליק לשון לאל אדע

כי אחניף נפשי ולה אשקר

לא יכשרה חנף עדי יצא

מקר נחלים אש ומאש קר.

ט

אשים לבבי להדף צבאות

חטאי בחיל ישר ואפאיהם

כי טוב זמן יכלה והוד שרים

יסוף ואי עשרם ואף אי הם.

י

אהה יצרי יענני בתקפו

והוא עבדי ושמני אסירו

לזאת ארוץ בטרם בוא זמני

ועלו מעלי שכמי אסירו.

יא

יצרי, בכל יום מחשבות לבי

תניא ואיך אוכל אניאך

אם בעלי צדק בצדקתם

ינצלו יום דין אני איכה.

יב

בטוב תבל אני שגה בכל עת

כשור ישכים וילין על אבוסו

ומתק מעדניה מרורים

ולו בנתי לסוד דבשה אבוסו.

יג

הה לי ביום אראה מתי צדק

יצאו לחרות ואני אסור

הה לי בעזבי מעלות חיים

ולתהפכות הזמן אסור.

יד

אראה זמן קים ותקותי

אבדה בתוחלתי אשר אוחיל

אוחיל מצוא מרפא ולא אמצא

מהזמן כי אם כאב או חיל.

טו

נמלט ונצל משאון הדין

כל מי בטוב המעשים אחז

אביט לכל עבר ולא אראה

חפצי בכל אישים אשר אחז.

טז

לבי כסיגים אמצאה אותך בעת

אבחן במצרף אותך ואנסכה

על כן אשוה לענה לחמי ויי-

ני אמסכהו בבכי ואנסכה.

יז

למצוא כפר אל חטאתי

מנחת ניבי אל אל אביא

יחרד לבי על רב חובו

כי איכה אעלה אל אבי.

יח

עוד לא אחי נמשך להוד תבל ולא

אפתה בטובתה ימי חיי, אבל

ארוץ לכלות את שאר ימי בדת

האל ואהבתו ובה ימי אבל.

יט

לבי נטה לך מנתיב החטאים

ונתיב נכחה ואמונה אורך

ממחשכי תאותך צא ואז

תזרח ויבקע כשחר אורך.

כ

לולי יקוד לבי אשר ילחך

דמעי במימיו היקום אגרף

לבי חדל מרוץ עשות חטא ול-

הכות באבני חטא וגם אגרף.

כא

לבי דעה כי יצרך יצר

ממעשה אויב לך או צר

לכן היה צפן ליום מחר

הונך ובזבול שים לך אוצר.

כב

איכה בתבל תחשב לבי להת-

ישב ואתה בה כמו אורח

טובה כעץ יבש ועת כי תטעמה

את טעמו אין לו פרי או ריח

כג

אם ירדפני חיל זמן אשים

צבאות אמת חילי ואגבר אז

נשקי אשו צדקי ובו אחלש

צרי ונצחם על בגדי אז.

כד

נפשי נשי חלדך הכי טובו כמו

תבן במזרה יחלף או רחת

אולם נטי לך מנתיב מות ואך

אל ארחת חיים היי אורחת.

כה

עד מה יליד חטא יהלך שובב ויר-

דף אחרי התאוה עד אנה

ישמח בסכלותו למען יאריך

ימים ולא יבין לסופו אנה.

 

ב י ת

כו

מעל נתיב החטאים הסוררים

אל מהלך אנשי אמת סורה בני

ואמר לנפשך מהרי להרס נתיב

חטאך ובית ישר ביד שכלך בני.

כז

מאס עשיר אשר יעז בעשרו

וגבור אשר יגבר בחרבו

ועת תמצא אנוש ירא אלהים

והוא נבזה חדל אישים בחר בו.

כח

אשר יבטח בתהפכות זמנו

יהי נוקש ויתחלחל בצירו

הכי חיי אנוש כרם ואך ה-

זמן בצר והאדם בצירו.

כט

אשר בנו לשבתם משכנות עז

וסכלו כי לזולתם בנותם

במותם שכנו זרים בתוכם

ולאחרים בניהם גם בנותם.

ל

הולך בראש נשא ורגל תופפה

איך לא תהי דאג עלי רגלך במוט

תרכב עלי סוס רעשה ארץ לצ-

הלתו ואחריתך תהי נשא במוט.

לא

ירא האל ובו ייראך כל

שמר חקיו וישמר לך בריתו

ברה היום לך מקום לשבתך

ומחר תחנה במקום בריתו

ואם תאפה לך לחם חסדים

יום מחר אכלתו גם בריתו.

לב

הוי ההולך בנתיב חטאו

ובלי נעל רגלו בצק

לעשות כונים לתאוה

זמותיו הם לשות בצק.

לג

אל תחשק בן איש בתענוגי זמן

ונטש בנות תאוה והתמה בעל

שית שכלך אדון ושימה יצרך

עבד בתוך כלא ומשכהו בעל.

לד

עזב יקר מחר בעד תענוג

היום שמו אקרא בליעל

ישח לתאותיו ועת כי או-

תו יקראו אל על בלי יעל.

לה

ידך חשף על יצרך תמיד וכ-

גבור בחרב שכלך אתו בתר

ודעה הכי האל מאד קרוב לכל

קרב לעבדו מבשור או מבתר.

לו

אשר אין לו יפי מעשים ומפעל

והוא נאוה במלבוש גם בצורה

כעיר שואה ואין אדם בתוכה

והיא מחוץ יפהפיה בצורה.

לז

זרע זרע אמת בשדה תבונה

ליום מחר ושים חטה בשורה

ואם יצמח שמח כי אל פקדך

והתבשר ולך מוצאת בשורה.

לח

כל מחמד תבל ענן בקר וכל

הודה וזיו יפיה כברק עת ברק

ייגע בתוכה איש ולא ירגע ויצ-

מא אל מקור מימה ויחנק ברק.

לט

הוי הרדף תענוג תבל

מטוב שמן ובאל בועט

כל מעשיך הם על ספר

וימין האל תניף בו עט.

מ

נפש חכמה בך כשרפי אל ואך

תדמה בתאותה בהמה או בעיר

איך יצרך תכעיס והוא נמצא בך

ובקרבך קדוש ולא יבוא בעיר.

מא

אשר יעז ביראת האלהים

וכל טוב הזמן מאס ובוחל

בשור קרות זמן יבטח ובצר

יהי לו אל כמגדל עז ובו חל.

מב

כל איש אשר בנה לשבתו בית

חומות והוא נבצר בתוך בירות

איכה יהי יכול להתעלם

מחץ שאון המותה בירות.

מג

לבי בטוב מעשים תהי נצל ביום

הדין ואין מפלט לאיש כי אם בזאת

סוף כל יקר תבל אלי שפלות וסוף

טובה יגון נפש וסוף עזה בזות.

מד

לזאת אשרי אנוש יזרע שדה תם

ואת נפשו יחיה בעבורו

אמת יצר אנוש מוקש לרגלו

ויענש ביום דין בעבורו.

מה

איך אפחדה מצר ביום מצור

והן צורי ביום צר לי למגן בעדי

אתיף ואתפאר באהבתו כמו

כלה אשר תגאה ותתיף בעדי.

מו

לבי התרדף את יקר תבל חדל

מה לך לרדף צל והוא בורח

שם טוב קנה כי הוא כבשם אם יהי

יבש ונשרף תמצאה בו ריח.

מז

אל תבטחה לבי עלי אהבת

תבל לבל תבער בכידודים

גם את לבבך אל תהי מאמין

בצחק חברים או בכי דודים.

 

גימל

מח

יצרך בחרב שכלך השמד

תמיד עדי אתו תהי גרש

כי בו תהי משקיט שאון ים ה-

תאוה בעת רפש וטיט גרש.

מט

יליד שכל התתעצל לסופך

עדה גאון לך ואזר גבורות

ימי ילדות התתרפה ותחלש

ומה זה תעשה בימי גבורות.

נ

לו האנוש יבין לאחריתו

פרץ בכי עיניו כנחל גר

היום בארמן הוא אבל מחר

יעזב מגורותיו אשר שם גר.

נא

עת יאהב משכיל להתעלס

יחשב עבדת אל עבדת גן

וביום עבר שאון כנף האל

יהיה לסתר לו ועליו גן.

נב

מה לך אנוש תתאו פרי עדן

לאכל ומה תחשק צרי גלעד

יראת אלהים היא צרי כל ציר

כי בה משוש עולם והיא גיל עד.

נג

אשר יבטח בגלגל הזמנים

למחר יחזר אחור גלילו

והשכן גבול איים לשחת

יהי משיג גבולו עם גלילו.

נד

נפתה בתענוגיו הלא יבין

כי הזמן חרש עלי גב הוא

הבט מלכים עד שאול שפלו

המה אשר אתמול לרום גבהו.

נה

לבי ביראת אל היה נשא

כי היא כמו מעלות ואת גרם

וזכר הכי יד הזמן תשחק

גופך ולא תשאיר בך גרם.

נו

אבוי למבקשים בנות תענוגים

ושמו בנות האמונות גרושות

ירוצון כברק לרוצץ עניים

ולשים עלי המרודים גרושות.

נז

ילדי זמן מה נאמן צור מחצבם

לכן בכו מרה אבל כצאן געו

רוצו לעץ חיים ואם לא תוכלו

לאכל צרי עדנו בעלהו געו.

נח

הה כי ספו בעלי אמון

גם החסיד כל יום גמר

על כן ארוץ לעבדת אל

כי הוא חסד עלי גמר.

נט

לבי הפשט בגד תענוג

ולבש שק במקום גליונים

כי מעשיך עצמו לכתוב

לו יהיה שחק גליונים.

ס

אשרי אנוש בנה דביר ישר

וספון דביריו יעשה גבים

ולרב עוניו יזלו עיניו

דמעה כנחל יעשה גבים.

סא

אראה זמן סכל ומתגלגל

על איש לזאת אקרא שמו גלגל

אדם בתבל כאנוש על שן

סלע ואותו הזמן גלגל.

 

דלת

סב

אשרי דורשי צור ישראל

כי כל-טובה מצאו דורשיו

ואשר דרשו צור בלעדיו

המה רדפי שקר דור שוא.

סג

אמנם בצור אבטח ובו יגבה

לבי ורעיוניו אשר דלו

אדע הכי יוציא כאור צדקי

על-כן לרום עיני לאל דלו.

סד

הסבלים צרות עלי דת אל

יקר בעיניו עד מאד דמם

כנור תהלותם ינגן מ-

אליו בטוב המעשים דמם.

סה

אשר ילבש לבוש רקמה וישכב

בערש שן ועטה פז ודר דר

הלא יזכר בעת ירד שאולה

ושם ירקב ויעלה קוץ ודרדר.

סו

אבכה לרע פעלך יצרי עדי

מרב בכי בת יענה דמיתי

לו יש לאל ידי הרגתיך בצור

חרבי ותאוה ממך דמיתי.

סז

עלי רב עוני אשוה לבבי

לקרבן ונסכי אשו דם ודמעה

ביען שניהם יקרים בעין אל

כמקריב לפניו מלאה ודמעה.

סח

לבבי לחטאך בכה נא ויכאב

בשרך ויומם וליל דאבה

הכי כל ירא אל יהי עז ויגבר

באויביו ותדוץ לפניו דאבה.

סט

בן איש ביראת אל עדה גאוה ובה

הכנע גאון ימים ודוש הרים ודק

ובעת בצר תהיה בטח באל אשר

גלגל שחקים כיריעה שם ודק.

ע

לבי לבש שריון צדקה מפני 

קשת תלאות (יד זמן) דורכה 

ורדף לך אחר רצון האל וסור

מבעלי רשע וחטאי דורך.

 

הא

עא

נלכד בפח התאוה שבר

מוקשך ומפח נפשך הצל

כי כל יקר תבל כצל לכן

עורה ואל תבטח בזה הצל.

עב

נפשי דאי למצא אשר תאהבי

וליוצרך מהלל ותודות הבי

לכן לבבי אם תבקש לך דרור

צוארך תוך על אלהים הביא.

עג

לו השכילו ילדי תבל

דמעה כים הזילוה

כל אהביה ימאסוה

ומרימיה הזילוה.

עד

אשרי תמימים דרכו בנתיב

ישר ואתו ליקום הורו

וידרכו קשת מזמותם

תמיד ולב התאוה הורו.

עה

בני איש יבטחו על רב כבודם

הכי פתה זמן אתם והונם

ופתע קרבה עתם ואבדו

ולא נפדו בכל עשרם והונם.

עו

אל נא תהלל איש לפי עשרו

רק איש ישר המעשים הלל

כי הון אנוש ידמה לאור יומם

חיש יחליפו מאפל הליל.

עז

רדף אחרי תבל רדפה

חיל יצרך גם אתו השיג

והרס בנין החטא וגבול

צדק בנוה ישר הסיג.

כי במצרף יקר זהב

בצרף אך ישרף הסיג.

עח

בן איש דעה כי אמך תבל וחיש

תשוב וגם תשכב בחיק הורתך

לכן קנה חכמה ומצותה שמר

תצלח בעת תעשה אשר הורתך.

עט

לצבא עלי עיר תאותיך

צבאות גדודי שכלך העיר

וערך קרב עמה עדי תתן

לך יד ותבקע לך העיר.

פ

לבבך בברית הבא ובאסר

אסור אתו והשביעו והואל

ועד מתי תהי נעצל ונחלש

אזר-כח כמו גבור והואל.

 

 

ויו

לך צורי יחידתי תאוה

ותרדף אחרי חפצך ותרוץ

היה עזרה ומשגבה ביום ת-

חליף גלת זהב הגוף ותרוץ.

פב

אלהי ממך איך אעלים סוד

ואת ראה עלמי ותצפה

ועשית ארון הגוף ובזהב

נשמה העטיתו ותצפה.

פג

בני תבל זמן בגד יכלם

למען כי אביהם הוא והורם

תמל היו עלי שכמו והיום

הקימם לו למטרה והורם.

פד

בני מות זמן יחשף קלונם

הכי באו בצל בשת וחסו

ונפשם מכרו לשאול בחטאם

ולא חמלו עלי הודם וחסו.

פה

אנוש יחשב הכי תבל כמרעה

ואך הוא בה כשור אבוס ופרה

וישכח חסדי אל שיצרו

ומנדבת ימינו צץ ופרה.

פו

אשר קצו בעבדות האלהים

ולהיות אהבו חפצם ורצו

לרגלם חפרו שוחה ושחת

ונפלו בה בעת הלכו ורצו.

פז

אנוש יחשב הכי נפשו למקנה

וכי אתה בעז לקח ושבה

ואמנם היא כפקדון ומחר

תהי חזרה למפקידה ושבה.

פח

אדמה היא כיבשה ומות

כנחל יעבר-בו איש ושחה

ותבל נאלמת אך בלי פה

פלאות תענה לנו ושחה.

פט

אהה נפש בני אדם סכלה

ואשרה לו תהי ידעה ובנה

ויבנה האנוש בתים ויבוש

כרגע מאשר יגע ובנה.

צ

שדי מאד רמת וגבורים

מפחדך ירהו ויחגו

אולם יראיך שלוים כי

בך ישמחו יום יום ויחגו.

צא

אלהי על-שמך אסבל מצוקים

ועל דתך אני נגש ונענה

ואדע כי בעת אקרא בכל לב

לך מחר אהי נעזר ונענה.

 

זין

צב

בעולם זה זרע זרע צדקה

ומי טהר זרק בו עת זרע

תהי קצר בעולם בא אלמות

אשר תלאה לנשאם על זרע.

צג

בני תבל עדנים תאכילם

ויינקו בה שדי בת הזמורה

ובסוף תחשף להם קלונה

וגם תשלח לאפם הזמורה.

צד

עורה אנוש לעולמך טרם

תסע וקח צידה בעולם זה

וזכר יקוד תפת אשר יבער

מאש עדי תאמר כסיני זה.

צה

לא יועיל לבני איש קרבן

גם נסך ולבונה זכה

כי אין חפץ לאל בלתי

לב נשבר עם נפש זכה.

צו

דרש רצון אל ימאסה תבל

גם יחשב אתה כשית זונה

אך עזבי אל נתנו הונם

תמיד במו יין ובזונה.

צז

כל איש אשר קנה אחזה משדה

ישר ובו זרע אמת זרוע

יצלח ועת כי יחשכו אורים לפ-

ניו ימצאה צדקו כאור זרוע.

צח

תבל משכרת בני אדם הכי

דמתה ביד האל כמו כוס זהב

יום דין הלא הוא אל בני חלד כמו

מצרף אלי כסף וכור לזהב.

צט

ישמח אנוש עת יחזה בניו סבי-

בותיו ועת ירבה כחול ים זרע

ובעת ישכל הזמן אתו אזי

אמר משוש בנים בעולם זה רע.

ק

אישים ברב חטא טמאו נפשם

וינחלו מומם אלי זרעם

ידמו לאיש לו בת קדשה ומ-

כרה לבן נכר ואל זר עם.

 

חית

קא

בן איש חלק עולמך עם יוצרך

חציו תנה לאל ולך החצי

טרם יקימך לו למטרה זמן

בגד והמות יהי החצי.

קב

אמת זכה לטוב האל ועזו

אשר נפשו תמימה גם חסידה

ולעוף אל מעון האור תנופף

כנפים ככנפי החסידה.

קג

טוב מליבם תאותך רק

קצפה ולהיות נעלך חלוץ

כי אז במחנות רדפי צדק

תעבר בירדן דינך חלוץ.

קד

כל איש אשר יכיר יגון תבל

גם תחלאים בה זמן חלה

ידע הכי אין לאנוש תקוה

רק עת פני צור יצרו חלה.

קה

הוי כי יצרי נחש נשך

אתי גם תאותי חיה

נפש משכלת אשרך אם

יש לך יתרון על החיה

עת תחזי מחנה נשמות אל

יום תאספי אל החיה.

קו

אמת תבל כמו גנה ואדם

כעץ פריה ופגיה חנטים

ונשאר באנוש חטאו במותו

ומה יועיל היות מן החנטים.

קז

מכיר יקר תבל ימאן לה-

יות ראש ויאמר לא אהי חבש

כי יש לשוט המותה מכה

לא ימצאו לה בזמן חבש.

קח

יחידתי סעי מבית עונים

ובנוה מחנה צדק חני נא

הכי אז תמצאי חסד בעין אל

בעת לא תמצאי מאיש חנינה.

קט

בן איש בנה בית ליום מחר לך

אולם בטוב המעשים אתו חנוך

גם נפשך נהל במוסרך לאט

כי היא כמו נער ולכן לה חנוך.

קי

טוב לך היות בודד בעי מדבר

מלהיות לך בזמן חבר

כי כל בני אישים נחשים לא

יועילך בם חברי חבר.

קיא

ביד תבל אהה כוסות מלאות

ועל כל היקום לשתות חמתם

והימים כאכזרים פרוצים

ואין מי יעמד לפני חמתם.

קיב

אשרי אדם יתאזר עז

גם ללחם עם יצרו חרץ

גם כאריה ישאג עד כי

כלב לשון לו לא חרץ.

קיג

הדר עולם כמו יער ואישים

בעת מותם כמו עצים חטבים

והישר כערש אל בעליו

ובו ישכב במרבדים חטבים.

 

טית

קיד

כל איש אשר יטבל במי תאוה

גופו הלא טמא בעת טבלו

ואשר בעולם זה לחטא נולד

לו מת ביום לדתו יהי טוב לו.

קטו

עורו בני איש אל תאחרו מעקר

כל חטא אבל תחתיו עצי ישר טעו

כי יצרכם למשך לבבכם אחריו

יאמר אליכם מנתיב צדק טעו.

קטז

ישמח אנוש בראות ערוגות גן

צצו ושמש חנתה טלה

ידמה בהתחבר זמן אליו

כזאב אשר נחבר אלי טלה.

קיז

כל איש אשר החזיק נתיב מוסר

טוב עם אנשים הוא וכן טוב עם

האל ולא ידמה לחטאים נד-

מים פעלם (עמם בים) טובעים.

קיח

אישים במשאות חטא עמוסים הם הכי

אתם בני יום כבעירים טענו

שלפו חרבות אחרי התאוה

עד תכבשו אתה ונפשה טענו.

 

יוד

קיט

נפש כסיל דמתה בהמה מצאה

מרעה ותדרש אחרי כל ירוק

אשרי אשר יטהר ותבל יחשב

נדה ועליה בכל עת ירק.

קכ

עורה לבבי וחלש צבאות עון

נער והכם שוק באף על ירך

ובטח ואל תירא לחיל תאוה ואם

יגבר ולבך יצרך אל ירך.

קכא

אשרי אשר בנה בשחק מעלות

וביד פעלותיו עליותיו יקר

כי כל מבקשי יוצרם כמה נעי-

מות העניק להם ומה נעשה יקר.

קכב

הבט רום כרקב יבלה

גם כוכביהם יעדרון

אף ההרים יבלו ובמע-

דר כליון יעדרון.

קכג

אל יפת לבך אם זמן יחליק

לשון ושמן ראשך יני

כמה אנשים חשבו להיות

אך מחשבותם הזמן יניא.

קכד

כל הירא יצרו טרם

מותו לעשות ישר ירוץ

פשתה כהה לא יכבה גם

קנה רצוץ עוד לא ירוץ.

קכה

אמת זכה לזו עולם ונמלט

אשר האל ביראתו יריחו

הכי יצור עלי עיר תאותו

לבקענה כהבקע יריחו.

קכו

איש לבב ישפיל תאותו

עד עפר וביצרו יקוט

ישים על אל מבטחו לא

על נברא כי כסלו יקוט.

קכז

אמת חטא איש לרגליו הוא כגומץ

וכל יום יד עונו יקבנו

ואם יזכה הכי זכה לשם טוב

אשר פי האלהים יקבנו.

קכח

אם ירבה איש חטאת כל יום

על שכמו יום דין ישאם

כי חטאו יבעיר בעצמיו

אש לא יכבה עד ישאם.

קכט

דע לך יליד עפר הכי אתה

כצל וכצלם יצריך

לכן חזק על תאוה תכבש

אתך ועל יצר יצרך.

קל

אהה גדול וקרוב יום אדני

לכל זדים ואתו מי יכלכל

לזאת אשרי אנוש ירעיב לבבו

ואת נפשו בפת חסד יכלכל.

קלא

מה לאנוש יצבר כחול הים

עשר והוא מחר כעוף יעוף

לא טוב לאיש כי אם ביראת אל

בה שחרו יזרח ובה יעוף.

קלב

תבל כים גדול ואישים תוך אני

תרוץ כברק בם ולא יבינו

אך הזמן פתאם ישלח אש בסי-

רותם אזי טרם אשר יבינו.

קלג

ידאג אנוש עקר עדי יוליד

בנים עלי תבל ויבנה

ושאול יבל זרעו ויהרס את

ביתו בעת יכון ויבנה.

קלד

הבט שרי תבל גאו

לעלות לזבל ויהרסו

אך הימים בנינם הו-

רידו לשאול ויהרסו.

קלה

אשר ישר ונאמנו פעליו

ובלשונו וניבו לא יכזב

יהי מחר בגן האל כעץ על

מקור יובל לעולם לא יכזב.

 

כף

קלו

שדי אני ממעשים ערם

אנא בצלך עבדך כסה

לעד במרבץ טוב רעה אתי

כי את כרעה ואני כשה.

קלז

הה כי עוני כפפו אתי

אחר היותי בזמן כנס

אלי ראה כי נסתרה דרכי

שובה ונדחי עבדך כנס.

קלח

עורו בני ישר ונשובה וגם

נשא לבבנו אלי כפים

אל אל אשר נעלם והוא נגלה ועב

ירכב וכסה אור עלי כפים.

קלט

בן איש זכר כי יצרך אויב

אך על לבבך כארי כרע

ופחד ליום יהיה לכל מקרה

אחד והטוב יחלף כרע.

קמ

עונות נבלוך נפשי ונהפך

יקרך בוז והם שמוך כראי

לזאת אבכה וירז רב בשרי

עדי מרב רזוני יבך ראי.

קמא

יראת אלהים שים מנורה אך

שכלך כפרח שים וגם כפתר

כי הון אנוש הבל ולא ישוה

נצת כנף יונה ולא כפ-תר

לכן ירא קרות זמן טרם

ספים יהי מרעיש ויך כפתר

ואשר בצרפת יהיה מעריב

תשכים ותראהו באי כפתר.

קמב

חשב טוב הזמן כרע ויהיו

מתקיו נחשבים לך כמריו

וחשב הזמן כדלי ויהיו

בעינך נחלי טובו כמריו

הכי אישיו בתער השכירה

יגלח והשבית את כמריו.

קמג

לבי עבדת תאוה הרחק

כי יום ליום תכביד כצר כבלי

וחשב גדלתה כשפלותה

וכבוד יקר עזה חשב כבלי.

קמד

אנוש עד אן תרדף תאותך

ותנוע כנוע בכברה

ונפש נטמאה תחשב כזכה

והחטאת תהי חשב כברה.

קמה

עת אזכרה חטאי דמעי יזלו

עד אחשב מי הבכי כנהר כבר

אך אדעה כי אין גמול חטא כמו

צדיק ולא תגמול אנוש חנף כבר.

קמו

אשר צדקת אלהיו לו יארש

בטוב מעשים תהי לו חיש כבושה

והסכל יחשב הצדקה

כחרפה לו והתמה כבושה.

קמז

לבשי יחידתי לבוש תם ועדי

ישר עינך בענוה כחלי

ותני מעילך אהבת האל ויר-

אתו תני על צורנך כחלי.

קמח

ממותה גורה ותוך

על שכלך יצרך כבש

לא נשאה פנים אבל

תאביד לעז פנים כבש.

 

למד

קמט

הוי לנפשות החטאות כי

לא ידעו ערר לויתן

לו חכמו לבשו שק כעדי

וחבלים שמו לויתן

עולם הים אך הם דגיו

ולבלעם מות לויתן.

קנ

במומי מעשי תבל פלאים

וקצרו להגות בהם לשונות

אשר תרחיק נפשות החסידות

ותתחבר לזרות גם לשונות.

קנא

עולם נוה צרות הכי אין בו

שלוה ליוצא בו ולא לבא

רק הוא כמו יער והם שכניו

עצים והמות כמו לבה.

קנב

בן איש בתבל את כאיש כלוא

בכלוא ובידי יצרך לחוץ

אתה בתוך מסגר בעודך חי

אכן במותך תצאה לחוץ.

קנג

די לך היות שכן במחשך תאוה

ובאור אדני בן אנוש קומה לך

ורדף רצון האל הכי מכל הדר

תבל וטובתה הלא הוא טוב לך.

קנד

יחידתי בני ארמן לשבתך

בהר המור וגבעת הלבונה

והרסי בית חטאים כי גמול טוב

להרסת ותגמול רע לבונה.

קנה

שמרה נתיב האל ואשרי איש

מעל נתיב צור יצרו לא לז

יזכה במעמד דין ומי ומי

יזכה ביום המעמד הלז.

קנו

אמת נפש אשר תפשט לבוש חטא

הדר יצרה תהי יום דין לבושה

ונפש חטאה תחשף קלונה

ותהיה אז לראיה לבושה.

קנז

העת אשר תאותך תרעב לפת

רשע עצר אתה ופת ישר לחם

וזכר יקד תפת אשר לו דלקה

אשו בשלג הר שניר נהפך לחם

וקנה לך שם טוב הכי יתרון לאנ-

שי שם עלי בלתו כמו בין שם לחם.

קנח

יליד סכלות התשכח חסדי אל

ויש לך פה תהלותיו לתנות

בכה על חטאך והיה לבת י-

ענה רע ותהיה אח לתנות.

 

מים

קנט

חצי זמן בגד מרוקים הם

ובלב בני אישים מרוקיהם

יתעדנו בו הנפשות אך

מות למק יהפך מרוקיהם.

קס

אמת אשרי אנוש יש לו ביד אל

נעים מעשים חקקים על מגלה

ואבן מבאר נעם בגן אל

תהי יד הסליחה לו מגלה.

קסא

שריון יקר אם תעטי נפשי

עת הזמן יהיה כחץ מורך

­–  –  –  –  –  –  –  –  –

­–  –  –  –  –  –  – 
–  –

קסב

בן איש למתי תהיה משיא

נפשך ועיניך תהי מעלים

ובני זמן רצים להשפיל כל

גאון ומורידים ולא מעלים.

קסג

הידעו שכני היכל מלוכה

הכי מחר יהי שכנם מערות

ובתיהם לזר יהיו וקרות

זמן יהיו יסדיהם מערות.

קסד

בן איש רדף שכלך והחזק בו

כי אל שלחהו לך מחיה

אך יצרך נגע ינגע ה-

נפש ורע מעשיו מחיה.

קסה

נפש בתענוגי זמן תגיל

יום דין תהי מרה מעלפת

ואשר רצון אל בקשה תשכן

טירה בספירים מעלפת.

קסו

סכלו מאד הנתנים חלקם

מהזמן קול תף וקול מחול

נדמו וחכמתם בסכלותם

לו היתה חכמת בני מחול.

קסז

מצוקות הזמן חלפות ובאות

ועת יכלו אזי המה מחלות

והיום תחזה שרים בארמן

ומחר יהיו שכנים מחלות.

קסח

יה אחריך רדפה נפשי

ואעזב ארץ מגורותי

אנא היה עזרי בגלותי

והיה מנוסי יום מגורותי.

קסט

עולם כמו מעבר לילדי יום

אך הנפשות לקחים מכסם

ואשר במטות פז תמול שכבו

היום שאול ערשם וגם מכסם.

קע

יתעדנו אישים בטוב תבל

עד כי עצמות מלאו מחם

ידמו כמו טורים כתבם יד

ספר ואולם יד שאול מחם.

קעא

מרדף תענוג תבל אהה לו

הכי תשפיל גאון כל שר וכל מר

אשר ייגע ולא ירגע ברדפו

יקר תבל ולבו נאנח מר

ולו ישכיל יהי ממעיט חפציו

ואם רבו ודי לו מדלי מר.

קעב

נפשות ברים טהרו מחטא

ובשמן ישר משחתם

אך נפשות חטאים נכשלים

יען כי בהם משחתם.

קעג

אם התלאות יהדפו אתך

גם היגונים לבך מחלים

דע כי ביד ישר רפואתך

ובשכלך חליך תהי מחלים.

קעד

אישים דעו כי הזמן קצר לזאת

רוצו ולעשות טוב וישר מהרו

ובעת כסילים בת כסילות ארשו

לכם בנות צדק לנשים מהרו.

קעה

הער שחרים לעבדת אל

טרם שאול אתך יהי מעיר

אל תבטחה בזמן אשר ישמיד

כל חי ושריד יאביד מעיר.

קעו

רדף זמן בגד דעה כי הוא כמו

אהב ואך בצר כאויב מגנך

לכן רדף אחר אלהיך אשר

מטוב גמולותיו עטרת מגנך.

קעז

נפש יקרה אחריתך בקשי

פן יהיה דינך כדין מורדת

אל תרדפי תבל מכלה נעמך

את תעלי מעלה והיא מורדת.

 

נון

קעח

ראוי לכל משכיל להכניע

לבו ועם יצרו יהי נוכח

ובעת בסתר יחשב לעשות

עון ישוה יוצרו נוכח.

קעט

קול הזמן יעביר הכי מקרה

חטא כמו מקרה אנוש נקיא

גם הארצות יקראו אל שכ-

ניהם המונכם מחרת נקיא.

קפ

אמנם עבדת האלהים היא

מסעד ומעז לאנוש נופל

היא לאנוש מעז ביום יאבד

כל חי ויעתק צור והר נופל.

קפא

נרוץ להלחם בצבאות חטא

תמיד ואל נחדל עדי נירם

על תאות נער נהי משבית

מנו ונסיר ממלכות נירם

כי הנשמות כאדמות מל-

או קוץ ומעשה האמת נירם.

קפב

כמה יפתני זמן בכלי

יין ופת שקר וטוב נזיד

נזיד ונענש עלי מדו-

תינו ובדבר אשר נזיד.

קפג

נפשות חסידים פרקו נזמי עדי

תבל ועדיה מעליהם נצלו

כי נבדלו מחטאים ויהיו

אלה לדראון ואלה נצלו.

קפד

אל מי ביום הדין נהי ברחים

מצר ומחסנו במי נשים

אין טוב לבד לרוץ למגדל עז

האל ושמה נהיה נסים.

קפה

צצי חסדים לך ארה גם הת-

ענג בבשמיהם וטוב נרדם

בם תמצאה טעם ותתעדן

כי הם יחיו לב אנוש נרדם.

קפו

רבת צררוני בני ימים

גם צררו אתי במו נכלם

צורי המל על דל ויום דינך

אל נא יהי שב ממך נכלם.

קפז

אם אסבלה מצוק אקוה כי

ריבי ומשפטי לאל נגע

ירפא נגעי מזמן אכזר

על פיו יהי כל ריב וכל נגע.

קפח

אנוש יגאה ברב עשרו ויראה

לחברת אהביו כל בית נכתה

ויום שברו מזורו לא ירפא

מזור רפא וצריו עם נכאתה.

קפט

טירת ששוני על עוני חרבה

וברב יגונותי כמדבר נצתה

עלי שארית רחמי אל חפפו

עתה חמתו בי כמו אש נצתה.

קצ

אשר יזכו ראות נעם כבוד אל

בביתו הם פקידים נאמנים

ופתחון פה יהי להם ביום דין

ביום הסיר שפת כל נאמנים.

קצא

קרוב רצון האל לכל דרשיו

נרוץ להשיגו וגם נחוש

טרם בכור מות בשרנו

יאכל ואלו יהיה נחוש.

קצב

אשר רוו ביין תאוה לשכרה

יקוו טוב ותגמול הנזרים

והמות יעולל את המונם

כסלסלות וילקט הנזירים.

קצג

אשר נפתו בתענוג הזמנים

וצוף טעמם וישתו יין נסיכם

שאול ירדו ושכבו ראש וזנב

והשתוה בזוים עם נסיכם.

קצד

עורה חצות ליל עמוד מול אל

עד לבך נגדו יהי נשפך

ובעת מאורים יחשכו יחד

האר בטוב המעשים נשפך.

קצה

מה תפצרו בזמן להתישר

ואיך יהפך חברברות לעולם נמר

לכן מתי סודי לכו עד נחליף

אבד בעמד גם בטוב רע נמר.

קצו

תעבר בתוך ימים ותרבה בנ-

דרים ולא תשלים לאל נדרך

מה תעשה בהיות כטיט חוצות

גופך וכעפר יהי נדרך.

קצז

עיני לחטאתי בכו תמיד

וכמעין נחלי בכי נבעו

רגזו ליום בו מעשי כל איש

נגלו ומצפניו לאל נבעו.

קצח

אדם לאוי ילד וגם נקרא

כי הוא לקרות הזמן נקרה

מחר ידי מות יביאוהו

בנקיק סעיף סלע וגם נקרה.

קצט

כל איש אשר לבו בהוד תבל

יחשק ופיה יהיה נשק

נפשו יהי הרג בלי שלח

רק תאותו היא כלי נשק.

ר

נפשי בגוף תוך מאסר ישבת

תפתי ברוח ליק… נשבת

גופך כעיר נשבה ביום אחד אבל

מחר תהי חרבה בלי נשבת.

רא

עד אן נהי ירדים שאול מטה

אכן ולמרום היקר נעל

יפתח לשכניו שערי מות

אך שערי חיים באף נעל.

רב

אל תשת לב אל החטאים

שקטים גם לא אל ניד ברים

כי כל המעשים לפני אל

הם נזכרים גם נדברים.

רג

לולי יקוד לבי אשר יתיך

דמעי מקור עיני יהי נקפה

על רב חטאי מק אשו בשמי

תחת חגורה אעשה נקפה.

 

סמך

רד

כל הנסמך בזמן בגד

על משענת קנה סמך

לכן אל תבטח בו אלו

כחותם על לבו שמך.

רה

נפש נקיה מהדר תבל

לא נטמאה מחטא ולא סוגה

תזכה ותנעם בערוגת גן

האל בשושני יקר סוגה.

רו

יראת אדני היא פאר משכיל

כל עת גדלתו תהי ספה

ושמו וטוב זכרו כנפת צוף

ימתק לכל לשון וכל שפה.

רז

מכרי יחידתי בטוב אל הוד

תבל לבד והיי כסחרת

ובמלחמות יצרך תני יראת

צור יצרך צנה וסחרת.

רח

ליום הדין היה חרד ורגז

לשאתו ואל קול סערתו

למען הוא בעת יקלע קלעיו

לאיש לא יחטיא אל שערתו.

רט

אליכם אקראה ישבי דבירים

מרוחים ובארזים ספונים

ומחר תצאו מהיכלי עז

ותהיו תוך שאול יחד ספונים.

רי

כל מי ישמח ביקר תבל

על כפיו באחרית ספק…

 

עין

ריא

–  –  –  –  –  –  – 
–

–  –  –  –  –  –  – 
–

הבט אנשים יעלו היום

מחר לשחת ירדו עולם.

ריב

אנוש יסע לבית ציה ומדבר

ולא יהל לעולם שם ערבי

לזאת אוחיל לרחמיך אלהי

ותקותי בך שמתי ערבי.

ריג

אשר יהרס דביר בצעו

ויהיה מזבחו ערף

ועל רשעו ענן דמעו

כמו מטר יהי ערף.

יהי אמיץ כגבור יום

מתי חטא יהפכו ערף.

ריד

צדק זרע ובעת אשר יצמח

תשא אזי על שכמך עמר

גם מרצון אל חלקך אלפים

בת וחלק בלתך עמר.

רטו

אשרי אשר נטע עצי ישר

בזמן ושרש חטא ושוא עקר

כי בו יהי לו יד ושם טוב מ-

בנים ואלו יהיה עקר.

 

פא

רטז

נוקש בעל חטאך שבר עלך

כיום ומוסרות רשעך פתח

ותהיה חותם באצבע אל

לכן בתוכו רוץ שמר פתח.

ריז

דע כי יקר תבל חלום חלם וטו-

בתה לרעה אל בעליה פתור

ברכת זמן בגד קללה נהפכה

כי הזמן דומה לאיש בא מפתור.

ריח

שובו בני תבל ועד מה תהיו

בשתי סעפי תאותכם פסחים

אתם מזמנים לענש רב לזאת

על נפשכם כיום היו נא פסחים.

ריט

יחשב אנוש כי תעמד חברת

תבל וישכח יום פרידתה

תדמה לעץ רענן וצלה צל

צרות והמות פרי דתה.

רכ

אנוש יאריך מאד לשון ויום דין

יהי אלם בלי לשון ולא פה

ומושבו בביא תפת מלאה

מדרת אש ועץ מפה ועד פה.

רכא

הידע איש מהלך על שבכה

הכי רשת טמונה לו וגם פח

ורוחו אם תהי היום בגופו

הלא מחר כמו רוח יהי פח.

רכב

נעבד בעל יצרו תנה שכלך

גאל ויראת יצרך פדיום

אז תשכבה בטח ולא תדאג

מתהפכות ליל ולא פיד יום.

 

צדי

רכג

נפש אשר מתענוג תבל

תרחק ומפת נעמה צמה

תשבע למחר טוב אלהים וב-

מעין וגיל תשתה בעת צמא.

רכד

נפש אשר תחת רצון אל שטתה

לא יעזרך חיל ורגשת צבא

תחיי במי מרים מאוררים עדי

תפל ירכך חיש ובטנך צבה.

רכה

נפשות ברחות מבית תלאות

וחטאותם עלי שכמם צררות

ויהיו תוך שאול על מפעלותם

כאלמנות בחייהם צררות.

רכו

אהבת אלהים מה מאד ערבה

לי מדבש מתוק ונפת צוף

אך עת אשר אזכר עונותי

אמר לים דמעי בפני צוף

כי אין אנוש מיד שאול נמלט

לו יהיה נביא כמו בן צוף.

רכז

מה לך אנוש נוקש בפח התאוה

רוץ נא והנצל כאיל או צבי

דת האלהים שים לך ציץ נזרך

על ראש ועבדת תנה לגאון צבי.

רכח

בן איש עמד תמיד עלי מצפה

ולקול שאונות הזמן צפה

וארון לבבך בזהב אמון

כסה ומבית וחוץ צפה.

 

קוף

רכט

הדר תבל כמו גנה מלאה

בשושנים סביבם סיר וגם קוץ

נטה מנה וקבל תוכחותי

ואל תקץ ובדבר בערים קוץ

חשב אתה כזונה מחזקת

מבושי איש לזאת ידה באף קוץ.

רל

הוי חקקי און הידעו כי

חטאם באש תפת יהי קולם

שם יזעקו אל אל ולא יענם

עד ירגזו השמעים קולם.

רלא

נפש חכמה היא בצל שדי

אך הסכלה היא בכף קלע

בן איש שמע מני וצא מבית

מדות עליהם היפי קלע.

רלב

בקע עצי יצרך וגרזן שכ-

לך אל יהי קהה ולא קלקל

ושאל בדת האל ולא תדמה

אל גוי בחצי תאוה קלקל.

רלג

אם תטה מארחות עול

ונתיבתך תשים על קו

הוחיל מאל אחרית טובה

גם שכר טוב מהאל קו.

רלד

כל מעשיך שים לך

מקרה ויראת אל קבע

ולחם ביצר לחמך

תמיד וקבעיך קבע.

רלה

נפשך מרדפת יקר תבל ובע-

בות תאוה היא אתך קשרת

אם היא לך תבל כמו שפחה הלא

מחר בך חיש תהיה קשרת.

רלו

שאף בתאותו אלי מימי

ישע אשר מצור אמונות קר

יראת אלהים היא תרוה צמ-

אונך כחם צמא בחם ובקר

 

ריש

רלז

עד מה תאחר בן אנוש כי נ-

טה שמשך לערב ויומך רד

אשרי אשר שריון אמת ילבש

לקרב ובו עם אל ואישים רד.

רלח

נטה מבעלי תבל הכי אין

בפיהם ניב אמת כי אם רמיה

תכינם לך בצר ללחום באויבים

ויהפכו כמו קשת רמיה.

רלט

כל איש אשר יהמה ברב מכאוב

חליו ביראת יצרו רפא

יגבר וחיל יאזר עת ה-

מות מזיח כל אנוש רפה.

רמ

כל המחליק אל אל לשון

לא ידע כי נפשו רמה

ימצא תגמול על מפעליו

יום יהיה מאכלו רמה.

רמא

אתמה לאיש לא יאזין אל קול

קרא ולו עין ולא ראה

לעשות נבלה עף כמו נשר

אל הנבלה או כמו ראה.

 

שין

רמב

שכב בצל שיחים ומתעלס

על קול שאון מים ושיר יונים

מות בך ילחם ולא תהיה

נצל בכל נשק ושריונים.

רמג

לבשי יחידתי כסות צדק ושי-

מי האמת ערבך והישר שתי

ובעת בחם לבך למים תצמאי

ממעין ישר מקור חיים שתי.

רמד

חדל להגיש לדל מנחת התלים

ולב נבר תנה לו גם שלח תם

תהי מוצא שכר חיים וישע

לך, תגמול מנחות לו שלחתם.

רמה

זרע בשדה אמונה זרעך כי

בקצרך תמצאה מאה שערים

ואם יסגר זמן שערי רצונך

ביד האל לך כמה שערים.

רמו

הנה ימי מעשה לפניך עשה

ישר ימי החול בטרם יום שבות

כי אין לך מועיל זמן בגד לבד

צדק והוא יגאלך מיום שבות.

רמז

אמרו לאיש ייגע להרבות הון ואון

עורה ולאכול חלקך קומה שבה

כל הון לבד יראת אלהים ריק ולו

תאסף לך כל אוצרות מלכי שבא.

רמח

גבור תהי נקרא ואמיץ יד בעת

עז יצרך תכנע וגם תוכל שבור 

­–  –  –  –  –  –  – 
–  –  –

­–  –  –  –  –  –  – 
–  –  –

רמט

בן איש התתעדן בתענוג הזמן

ובשרך דשן מאד גם שמן

הנך כלי שמן וישבר במו-

תך הכלי גם יהלך השמן.

רנ

יסבל אנוש חטאו בצוארו וימ-

שך מעמס מעשיו כמשא על שכם

אש תצאה מהם ותאכלהו כר-

גע כאבימלך בעם אנשי שכם.

 

תו

רנא

בן איש התתגאה ברב עשרך וקול

המית נבליך וקול תפיך

תרום עלי בוראך ולא תבין בך

סודות נקביך וגם תפיך

רנב

חסדי אדני עצמו למאד

כי הם בלי קצה ולא תכלה

צור יצרי אל תמנעה מני

חסדך למענך ולא תכלא.

רנג

אנוש יחליק לאל לשון ויצעק

למולו אז וימצא לו תנואות

ולא יאמין בנוראות אל ועת יא-

מרו זה פעלו יאמר תנו אות.

רנד

מה לך אנוש תגאה ותתערה

כעץ רענן וקומתך כקומת תמר

יום תהיה נשפט עלי מפעלך

מה מענה תמצא ומה זה תאמר.

רנה

כל הנפשות עת לדין יקראו

יהמו וידים אזי תרפינה

שובה לאל שדי אשר יכאיב וגם

יחבש וידיו כל כאב תרפינה.

רנו

אשר ירצה עלות מבור עוניו

ולמצוא אחרי נפלו תרומה

יהי נתן לאל לבו למנחה

ואת נפשו יהי מרים תרומה.

רנז

יליד שכל ערך אל אל תפלה

והפל יום וליל נגדו תחנה

ואולי תמצאה חסד בעיניו

ותהיה לך מעט רגע תחנה.

 

 





 






</body>
   </text>
</TEI>
