<?xml version='1.0' encoding='UTF-8'?>
<TEI xmlns="http://www.tei-c.org/ns/1.0">
   <teiHeader>
      <fileDesc>
         <titleStmt>
            <title>שיר אחרון</title>
            <author>רחל מורפורגו</author>
            <respStmt>
               <name>Mandel Scholion Hebrew Revival Research Group</name>
               <resp>Formatting of content from the Ben-Yehuda Project to TEI-XML according to the TEI P5 Guidelines.
                  Addition of dates, not present in the online version, by Shira Wigderson, Asaf Isser, Adi Cohen, Nitzan Cohen, and Adi Cohen.
               </resp>
            </respStmt>
         </titleStmt>
         <publicationStmt>
            <authority>Project Ben-Yehuda</authority>
            <idno>http://benyehuda.org/morpurgo/morp48.html</idno>
         </publicationStmt>
         <sourceDesc xml:lang="Hebrew">
            <bibl>
               <date when="1870" notBefore="1870-01-01" notAfter="1870-12-31"/>
            </bibl>
            <p>The Ben-Yehuda Project (http://benyehuda.org/). Content provided within the Ben-Yehuda Hackathon at the University of Haifa (THATCamp Haifa, February 2014).</p>
         </sourceDesc>
      </fileDesc>
      <revisionDesc>
         <change>
            <date>2017-08-09</date>
            <name>Jerusalem corpus of Emergent Modern Hebrew (JEMH) staff</name>
            <note>Created the initial version of the content in TEI-XML and added dates (some based on estimation)</note>
         </change>
      </revisionDesc>
   </teiHeader>
   <text>
      <body>







שיר אחרון / רחל מורפורגו











שיר אחרון

 

אוי דעתי
חלושה

מכתי אנושה

הן קרבו ימי

אודה על
פשעי

אשוב אל
אלהי.

 

אעבד את
בוראי – בנפש חפצה,

אודנו על
כל-טוב – אשר עמי עשה,

ועל בני ביתי
– אליו כפי אשא,

הלא ישמע  קולי – כל-עוני נרצה:

 

יפתח לי שערי צדק

אבא בם אודה יה

כי נפלאות עשה:

הושיעה את
עמך – ברך נחלתך:

                    
אכי"ר

                    
אלהי

 

ה'תר"ל, 1870








</body>
   </text>
</TEI>
