<?xml version='1.0' encoding='UTF-8'?>
<TEI xmlns="http://www.tei-c.org/ns/1.0">
   <teiHeader>
      <fileDesc>
         <titleStmt>
            <title>נפתלי הירץ גינצבורג</title>
            <author>יהודה ליב גורדון</author>
            <respStmt>
               <name>Mandel Scholion Hebrew Revival Research Group</name>
               <resp>Formatting of content from the Ben-Yehuda Project to TEI-XML according to the TEI P5 Guidelines.
                  Addition of dates, not present in the online version, by Shira Wigderson, Asaf Isser, Adi Cohen, Nitzan Cohen, and Adi Cohen.
               </resp>
            </respStmt>
         </titleStmt>
         <publicationStmt>
            <authority>Project Ben-Yehuda</authority>
            <idno>http://benyehuda.org/yalag/ylg268.html</idno>
         </publicationStmt>
         <sourceDesc xml:lang="Hebrew">
            <bibl>
               <date when="1872" notBefore="1872-01-01" notAfter="1872-12-31"/>
            </bibl>
            <p>The Ben-Yehuda Project (http://benyehuda.org/). Content provided within the Ben-Yehuda Hackathon at the University of Haifa (THATCamp Haifa, February 2014).</p>
         </sourceDesc>
      </fileDesc>
      <revisionDesc>
         <change>
            <date>2017-08-09</date>
            <name>Jerusalem corpus of Emergent Modern Hebrew (JEMH) staff</name>
            <note>Created the initial version of the content in TEI-XML and added dates (some based on estimation)</note>
         </change>
      </revisionDesc>
   </teiHeader>
   <text>
      <body>






נפתלי הירץ גינצבורג / י"ל גורדון








אל הבאראן
ר' נפתלי הירץ גינצבורג[1]

 

אור פניך, אדון,
עלי נשאת

ובין העומדים
על ידך שמתני:

אם אניח רוחך?
אם בי מצאת

את אשר בקשת?
– לא אדע אני:

לא אדע אם מעשי
יהיו כרצוני,

ורצוני טוב – האמינה
לי, אדני.

 

ואני בך מצאתי
את לא קויתי:

משכיל חובב עמו,
עשיר שפל רוח,

גם לב רחב וטוב
(חנף שנאתי!)

כספיר הטהור
מאיר אל כל רוח, 

וסגלות הארץ,
הונך ורכושך,

מסגרת זהב הם
ליקרות נפשך.

 

ובכן שירי אלה
אשר כתבתי

בשפת אבותינו,
גם לך נעמה,

למאור פניך,
אדון, פה הקרבתי,

על הגות לבי יעידו
לך המה,

אחלי, קבל מחברתי
וקראנה,

בה נפשי שפכתי,
שם תמצאנה.

 

כ"ב תמוז, תרל"ב, ספ"ב.

 

 





 











[1] בבואי להשתקע בפ"ב (י"ג יוני
1872) ובשבתי ראשונה לשוחח לפני הבאראן הנזכר שאלני: מה כתבתי בימים האחרונים (כי
את ספרי אדו"ם קרא בימי עלומיו), ומדוע לא שלחתי את ספרי אשר כתבתי? ואען לו
בתמי, כי לא ידעתי כי קורא הוא בלה"ק וחביבים עליו ספרי "שירי יהודה" ואכתוב על גביו את החרוזים האלה. –
בעת הדפסת שירי בשנת תרמ"ג שאלתי את פי הבאראן אם נותן לי רשות להדפיס את
שירי זה אשר כתבתי לו, ולא ענני, על כן לא בא השיר הזה בדפוס.








</body>
   </text>
</TEI>
