<?xml version='1.0' encoding='UTF-8'?>
<TEI xmlns="http://www.tei-c.org/ns/1.0">
   <teiHeader>
      <fileDesc>
         <titleStmt>
            <title>קינה היא</title>
            <author>רחל מורפורגו</author>
            <respStmt>
               <name>Mandel Scholion Hebrew Revival Research Group</name>
               <resp>Formatting of content from the Ben-Yehuda Project to TEI-XML according to the TEI P5 Guidelines.
                  Addition of dates, not present in the online version, by Shira Wigderson, Asaf Isser, Adi Cohen, Nitzan Cohen, and Adi Cohen.
               </resp>
            </respStmt>
         </titleStmt>
         <publicationStmt>
            <authority>Project Ben-Yehuda</authority>
            <idno>http://benyehuda.org/morpurgo/morp47.html</idno>
         </publicationStmt>
         <sourceDesc xml:lang="Hebrew">
            <bibl>
               <date when="1870" notBefore="1870-01-01" notAfter="1870-12-31"/>
            </bibl>
            <p>The Ben-Yehuda Project (http://benyehuda.org/). Content provided within the Ben-Yehuda Hackathon at the University of Haifa (THATCamp Haifa, February 2014).</p>
         </sourceDesc>
      </fileDesc>
      <revisionDesc>
         <change>
            <date>2017-08-09</date>
            <name>Jerusalem corpus of Emergent Modern Hebrew (JEMH) staff</name>
            <note>Created the initial version of the content in TEI-XML and added dates (some based on estimation)</note>
         </change>
      </revisionDesc>
   </teiHeader>
   <text>
      <body>







קינה היא / רחל מורפורגו











קינה היא בשנת
"כטל לישראל" מוכן להחיות מתים נלקח ארון האלקים המכובד והענו עטרת
ראשנו הדרשן המפורסם אב"ד פה טריאסטי יע"א כמהר"ר מרדכי אשכנזי
ז"ל ונשמע קולו בבאו אל הקדש ויאמר:

 

ישנתי אז
ינוח לי

לכן אשמח כי
רב חילי,

לבני דורי ירוח
להם

כי ינקו
מעשיהם

 

מאז נשאתי על
ראשי

טרח צבור
בכל-נפשי

טובם אדרש
כבשמים ראש

ויהי בימי
אחשורוש:

 

            
קול הקהל

מעת אבדנו
הרועה

איכה נרבץ
איכה נרעה;

ותהי זאת
נחמתנו

כי הוא שוכב
עם אבותנו:

 

העזתי פני להביא לפני אדוני אלו
השטות ואם אינן ראויות

 להתקבל ברגלים תרמסנה וה' יברך את אדוני כל בני ביתו אמן.

                   הקטנה
שבקטנות רמה ותולעה.

ה'תר"ל, 1870.








</body>
   </text>
</TEI>
