<?xml version='1.0' encoding='UTF-8'?>
<TEI xmlns="http://www.tei-c.org/ns/1.0">
   <teiHeader>
      <fileDesc>
         <titleStmt>
            <title>נוסח מצבת המשורר טור ז"ל</title>
            <author>מרדכי צבי מאנה</author>
            <respStmt>
               <name>Mandel Scholion Hebrew Revival Research Group</name>
               <resp>Formatting of content from the Ben-Yehuda Project to TEI-XML according to the TEI P5 Guidelines.
                  Addition of dates, not present in the online version, by Shira Wigderson, Asaf Isser, Adi Cohen, Nitzan Cohen, and Adi Cohen.
               </resp>
            </respStmt>
         </titleStmt>
         <publicationStmt>
            <authority>Project Ben-Yehuda</authority>
            <idno>http://benyehuda.org/maneh/tour_gravestone.html</idno>
         </publicationStmt>
         <sourceDesc xml:lang="Hebrew">
            <bibl>
               <date when="1885" notBefore="1885-01-01" notAfter="1885-12-31"/>
            </bibl>
            <p>The Ben-Yehuda Project (http://benyehuda.org/). Content provided within the Ben-Yehuda Hackathon at the University of Haifa (THATCamp Haifa, February 2014).</p>
         </sourceDesc>
      </fileDesc>
      <revisionDesc>
         <change>
            <date>2018-11-01</date>
            <name>Omer Waldman</name>
            <note>Correction of previously annotated dates and addition of dates to majority of the works</note>
         </change>
         <change>
            <date>2017-08-09</date>
            <name>Jerusalem corpus of Emergent Modern Hebrew (JEMH) staff</name>
            <note>Created the initial version of the content in TEI-XML and added dates (some based on estimation)</note>
         </change>
      </revisionDesc>
   </teiHeader>
   <text>
      <body>







נוסח מצבת המשורר טור ז"ל / מרדכי צבי מאנה



 




  
  


נוסח מצבת
המשורר טור ז"ל / מרדכי צבי מאנה

 

נעים
שירי ציון כנור איהו?

פה
קדוש, פה טהור איה קולהו?

תחת
זאת האבן בסעיף אדמה,

לשון
זהב ירדה דומה, נאלמה.

ימי
– הה! – קצרו, רב עליליה!

זקנת
– לא בשנים – א בתושיה.

א
שנים ארבעים וחמש חיית,

במו
שם עולם ל, משורר, קנית;

בם חלי
ומדוה דכאו רוח,

ריש
ומגערת גם הם סבבו עלי.

יום,
יום אמצת, עוררת הרוח,

על
ערש דוי כתבת על לוח;

קראת,
הגית, הכנור עוררת,

בעז
וברגש שירי קדש שרת.

ידעת
כי מהר תעזב חיי ארץ,

הגיון
אל-מות השכיח כל קרץ;

ובעוד
חי שמימה כלתה נפש.

דומם
סבלת לתמהון לב יודעי,

הם
מהלל בדמעות יתנו עתה.

טרם
כל רוח הוצאת הה! מתה,

ותשב
אל חיק יה נפש העדינה,

רק
אותנו עזבת לנהי וקינה.

 

ורוחו
שב אל אלהים
לפ"ק

נפתלי
זאב ב"ר יעקב יהודה טור.

                             תנצב"ה.

 





 






</body>
   </text>
</TEI>
