<?xml version='1.0' encoding='UTF-8'?>
<TEI xmlns="http://www.tei-c.org/ns/1.0">
   <teiHeader>
      <fileDesc>
         <titleStmt>
            <title>זכרון אבותי</title>
            <author>מרדכי צבי מאנה</author>
            <respStmt>
               <name>Mandel Scholion Hebrew Revival Research Group</name>
               <resp>Formatting of content from the Ben-Yehuda Project to TEI-XML according to the TEI P5 Guidelines.
                  Addition of dates, not present in the online version, by Shira Wigderson, Asaf Isser, Adi Cohen, Nitzan Cohen, and Adi Cohen.
               </resp>
            </respStmt>
         </titleStmt>
         <publicationStmt>
            <authority>Project Ben-Yehuda</authority>
            <idno>http://benyehuda.org/maneh/046.html</idno>
         </publicationStmt>
         <sourceDesc xml:lang="Hebrew">
            <bibl>
               <date when="1883" notBefore="1883-01-01" notAfter="1883-12-31"/>
            </bibl>
            <p>The Ben-Yehuda Project (http://benyehuda.org/). Content provided within the Ben-Yehuda Hackathon at the University of Haifa (THATCamp Haifa, February 2014).</p>
         </sourceDesc>
      </fileDesc>
      <revisionDesc>
         <change>
            <date>2018-11-01</date>
            <name>Omer Waldman</name>
            <note>Correction of previously annotated dates and addition of dates to majority of the works</note>
         </change>
         <change>
            <date>2017-08-09</date>
            <name>Jerusalem corpus of Emergent Modern Hebrew (JEMH) staff</name>
            <note>Created the initial version of the content in TEI-XML and added dates (some based on estimation)</note>
         </change>
      </revisionDesc>
   </teiHeader>
   <text>
      <body>







זכרון אבותי / מרדכי צבי מאנה



 




  
  


זכרון אבותי /
מרדכי צבי מאנה

כה אמר ה' מנעי קולך מבכי ועיניך מדמעה...

ויש תקוה לאחריתך נאם ה' ושבו בנים לגבולם.

                                      (ירמיה
לא)

 

1.

עת ברחבות קרת בדד אשוח,

            בחצי
הליל, עת שקט ודממה;

ובקרבי כסער יהם הרוח,

               בפרוץ
שרעפי נפשי הנפעמה:

 

2.

אז אטוש, אעוף על כנפי דמיוני

            אל
עיר מולדתי בזרעות אבותי,

ופניהם הנעימים אז תחז עיני,

ובחיקם אריק הרת כל
רגשותי.

 

3.

אז ינעם אל עיני זהר ירח,

            כוכבי
רום עלי באהבה ישקיפו;

אז אשוב למעוני עלז, שמח,

            ומלאכי
שלום אותי יקיפו!

 

4.

צירי יה אלה גם ערשי ישמרו,

            שוקט,
שלאנן אסגור עפעפים;

אז עיני רוחי משנתם יעורו,

            וישעשעוני
חזיונות שמים! –

 

בחדש האביב,
תרמ"ג. פ"ב.





 






</body>
   </text>
</TEI>
