<?xml version='1.0' encoding='UTF-8'?>
<TEI xmlns="http://www.tei-c.org/ns/1.0">
   <teiHeader>
      <fileDesc>
         <titleStmt>
            <title>הכל הבל!</title>
            <author>מרדכי צבי מאנה</author>
            <respStmt>
               <name>Mandel Scholion Hebrew Revival Research Group</name>
               <resp>Formatting of content from the Ben-Yehuda Project to TEI-XML according to the TEI P5 Guidelines.
                  Addition of dates, not present in the online version, by Shira Wigderson, Asaf Isser, Adi Cohen, Nitzan Cohen, and Adi Cohen.
               </resp>
            </respStmt>
         </titleStmt>
         <publicationStmt>
            <authority>Project Ben-Yehuda</authority>
            <idno>http://benyehuda.org/maneh/hakol_havel.html</idno>
         </publicationStmt>
         <sourceDesc xml:lang="Hebrew">
            <bibl>
               <date when="1884" notBefore="1884-01-01" notAfter="1884-12-31"/>
            </bibl>
            <p>The Ben-Yehuda Project (http://benyehuda.org/). Content provided within the Ben-Yehuda Hackathon at the University of Haifa (THATCamp Haifa, February 2014).</p>
         </sourceDesc>
      </fileDesc>
      <revisionDesc>
         <change>
            <date>2018-11-01</date>
            <name>Omer Waldman</name>
            <note>Correction of previously annotated dates and addition of dates to majority of the works</note>
         </change>
         <change>
            <date>2017-08-09</date>
            <name>Jerusalem corpus of Emergent Modern Hebrew (JEMH) staff</name>
            <note>Created the initial version of the content in TEI-XML and added dates (some based on estimation)</note>
         </change>
      </revisionDesc>
   </teiHeader>
   <text>
      <body>







הכל הבל! / מרדכי צבי מאנה



 




  
  


הכל הבל! /
מרדכי צבי מאנה

(לענוי)

 

עד מתי, בן
אדם, תחשב מחשבות,

לרדוף גם
להלחם מבלי כל מנוח?

העד יום מות
עוד תשאף נשגבות?

אז לרוץ הלאה
לא עוד תעצר כח!

 

שא נא עיני
על הדר האביב,

אוצרות כל
חמדה ל עתה נפתחו;

רק אתה עור
לא תביט מסביב,

ולבב
חזיוני עתיד יקחו!

 

שירת הזמיר
גם ריח כל פרח,

לב רע נאמן
ונשיקות אהובה,

אות
יקראו!  האם לב קרח?

תזנח מיד
חיי נחת ושובה?

 

בלבב תקות
שוא ערכה מוקדיה

תרוץ חיש
את במשובה נצחת,

תולי אות
שולל בנעם מליה:

שם תשיג
מטרה, אשר ונחת!

 

אם כבוד
ומשרה וזהב פרוים,

אם חכמה ודעת
תפיל ל חבל –

אל תרדוף
אחרימו!  ופקח עינים

וראה כי
חלמת, כי הכל הבל!

 

שור שם
תקות עוד תעמד מנגד,

וכבר גדלת,
באת לשנות גבר;

עתה גם היא
ב, אמלל, תבגד בגד,

תעזב בדד
על עברי פי קבר!

 

שוא תתאו אז
חיים בדמי ימי,

עת על סף
השחת רגל נצבת,

ושחוק
התקוה עוד תקשיב אזנ,

עד תישן נצח
בזרעות המות!

 

כסלו, תרמ"ה.
ראדושקאוויץ.

 





 






</body>
   </text>
</TEI>
