<?xml version='1.0' encoding='UTF-8'?>
<TEI xmlns="http://www.tei-c.org/ns/1.0">
   <teiHeader>
      <fileDesc>
         <titleStmt>
            <title>שיר ציידים</title>
            <author>מרדכי צבי מאנה</author>
            <respStmt>
               <name>Mandel Scholion Hebrew Revival Research Group</name>
               <resp>Formatting of content from the Ben-Yehuda Project to TEI-XML according to the TEI P5 Guidelines.
                  Addition of dates, not present in the online version, by Shira Wigderson, Asaf Isser, Adi Cohen, Nitzan Cohen, and Adi Cohen.
               </resp>
            </respStmt>
         </titleStmt>
         <publicationStmt>
            <authority>Project Ben-Yehuda</authority>
            <idno>http://benyehuda.org/maneh/shir_zayadim.html</idno>
         </publicationStmt>
         <sourceDesc xml:lang="Hebrew">
            <bibl>
               <date when="1884" notBefore="1884-01-01" notAfter="1884-12-31"/>
            </bibl>
            <p>The Ben-Yehuda Project (http://benyehuda.org/). Content provided within the Ben-Yehuda Hackathon at the University of Haifa (THATCamp Haifa, February 2014).</p>
         </sourceDesc>
      </fileDesc>
      <revisionDesc>
         <change>
            <date>2018-11-01</date>
            <name>Omer Waldman</name>
            <note>Correction of previously annotated dates and addition of dates to majority of the works</note>
         </change>
         <change>
            <date>2017-08-09</date>
            <name>Jerusalem corpus of Emergent Modern Hebrew (JEMH) staff</name>
            <note>Created the initial version of the content in TEI-XML and added dates (some based on estimation)</note>
         </change>
      </revisionDesc>
   </teiHeader>
   <text>
      <body>







שיר ציידים / מרדכי צבי מאנה



 




  
  


שיר צידים /
מרדכי צבי מאנה

 

מי יוצר, יער
חן?

אי נשאת
על  הגבעה?

את האמן
אהללה,

ספר גדלו
ארים קול!

שלום ל!  שלום
ל!  שלום ל, יער חן!

 

עתה נרדם
כל היצור,

על ההרים
ירעה איל;

נרדף, נשיג
גם נריע,

עד כי יחרד
קול ההד!

שלום ל!  שלום
ל!  שלום ל, יער חן!

 

את נדרנו, טוב
לבנו,

גם ביער לא
נמירה,

כי בישישים
אמון רוח,

כל עוד נשמת
חיים בם!

שלום ל!  שלום
ל!  שלום ל, יער חן!

 

כסלו, תרמ"ה.
ראדושקאוויץ.

 





 






</body>
   </text>
</TEI>
