<?xml version='1.0' encoding='UTF-8'?>
<TEI xmlns="http://www.tei-c.org/ns/1.0">
   <teiHeader>
      <fileDesc>
         <titleStmt>
            <title>המכבים</title>
            <author>מרדכי צבי מאנה</author>
            <respStmt>
               <name>Mandel Scholion Hebrew Revival Research Group</name>
               <resp>Formatting of content from the Ben-Yehuda Project to TEI-XML according to the TEI P5 Guidelines.
                  Addition of dates, not present in the online version, by Shira Wigderson, Asaf Isser, Adi Cohen, Nitzan Cohen, and Adi Cohen.
               </resp>
            </respStmt>
         </titleStmt>
         <publicationStmt>
            <authority>Project Ben-Yehuda</authority>
            <idno>http://benyehuda.org/maneh/038.html</idno>
         </publicationStmt>
         <sourceDesc xml:lang="Hebrew">
            <bibl>
               <date when="1883" notBefore="1883-01-01" notAfter="1883-12-31"/>
            </bibl>
            <p>The Ben-Yehuda Project (http://benyehuda.org/). Content provided within the Ben-Yehuda Hackathon at the University of Haifa (THATCamp Haifa, February 2014).</p>
         </sourceDesc>
      </fileDesc>
      <revisionDesc>
         <change>
            <date>2018-11-01</date>
            <name>Omer Waldman</name>
            <note>Correction of previously annotated dates and addition of dates to majority of the works</note>
         </change>
         <change>
            <date>2017-08-09</date>
            <name>Jerusalem corpus of Emergent Modern Hebrew (JEMH) staff</name>
            <note>Created the initial version of the content in TEI-XML and added dates (some based on estimation)</note>
         </change>
      </revisionDesc>
   </teiHeader>
   <text>
      <body>







המכבים / מרדכי צבי מאנה



 




  
  


המכבים / מרדכי
צבי מאנה

בפ"ב.

 

מראש המגדל
פעמונים ירעישו:

עורו,
המכבים, אל מוקד החישו!

שם פרצה
האש, עלתה תבערה.

שם נפש
ורכוש ברעדה ומורא;

חושו המימה!
הסוסים הריצו!

הרעישום
כארבה, הצל האיצו!

חיש לבות
נמים מרגוע ישכחו, 

מאש השרפה
הצתו, רתחו. 

רגע – כובעי
הנחשת יברקו, 

אופני ברזל
גם הם ישתקשקו, 

אך התעיף עין
– הסוסים יצהלו. 

הוד נחרם אימה
וכמו אשתוללו; 

חיש ירכסו
אותם לחבתי המים, 

וכבר שם שבת
יגביהו המכבים. 

צלצלי
המצלה תשמענה אזנים, 

תרוץ חיש
הלאה אל שער בת רבים! 

 

(לא נשלם).  





 






</body>
   </text>
</TEI>
