<?xml version='1.0' encoding='UTF-8'?>
<TEI xmlns="http://www.tei-c.org/ns/1.0">
   <teiHeader>
      <fileDesc>
         <titleStmt>
            <title>זכרון ליום ב' של פסח, תרמ"ה</title>
            <author>מרדכי צבי מאנה</author>
            <respStmt>
               <name>Mandel Scholion Hebrew Revival Research Group</name>
               <resp>Formatting of content from the Ben-Yehuda Project to TEI-XML according to the TEI P5 Guidelines.
                  Addition of dates, not present in the online version, by Shira Wigderson, Asaf Isser, Adi Cohen, Nitzan Cohen, and Adi Cohen.
               </resp>
            </respStmt>
         </titleStmt>
         <publicationStmt>
            <authority>Project Ben-Yehuda</authority>
            <idno>http://benyehuda.org/maneh/a_pesach.html</idno>
         </publicationStmt>
         <sourceDesc xml:lang="Hebrew">
            <bibl>
               <date when="1885" notBefore="1885-01-01" notAfter="1885-12-31"/>
            </bibl>
            <p>The Ben-Yehuda Project (http://benyehuda.org/). Content provided within the Ben-Yehuda Hackathon at the University of Haifa (THATCamp Haifa, February 2014).</p>
         </sourceDesc>
      </fileDesc>
      <revisionDesc>
         <change>
            <date>2018-11-01</date>
            <name>Omer Waldman</name>
            <note>Correction of previously annotated dates and addition of dates to majority of the works</note>
         </change>
         <change>
            <date>2017-08-09</date>
            <name>Jerusalem corpus of Emergent Modern Hebrew (JEMH) staff</name>
            <note>Created the initial version of the content in TEI-XML and added dates (some based on estimation)</note>
         </change>
      </revisionDesc>
   </teiHeader>
   <text>
      <body>







זכרון ליום ב' של פסח, תרמ"ה / מרדכי צבי מאנה



 




  
  


זכרון ליום ב'
של פסח, תרמ"ה / מרדכי צבי מאנה

 

האח! הנה
האביב,

                  מחמד
לב ועין,

ובעת אביט
מסביב,

                  שלג
קר עוד אין!

 

האח! על הר
וגבע,

                  שפו
אור ונהרה,

ותחי בת-יה
הטבע,

                  עודה
זר תפארה.

 

האח! הנה כל
רמש,

                  עזב
חגוי ארץ

ובנעם קרני
שמש,

                  יחיה,
יפרץ פרץ.

 

אצאה נא
לשוח,

                  עתה
צר משכני,

שם חפשי
אשאף רוח,

                  אדע
כי חי אני!

 

עזביני נא,
מחלתי!

                  סורה
נא, ליל אמש,

הקיצי נא,
לבתי,

                  עורי
לקראתי, שמש!

 

א' דחוה"מ פסח
תרמ"ה. ראדושקאוויץ.

 





 






</body>
   </text>
</TEI>
