<?xml version='1.0' encoding='UTF-8'?>
<TEI xmlns="http://www.tei-c.org/ns/1.0">
   <teiHeader>
      <fileDesc>
         <titleStmt>
            <title>אל שמש האביב</title>
            <author>מרדכי צבי מאנה</author>
            <respStmt>
               <name>Mandel Scholion Hebrew Revival Research Group</name>
               <resp>Formatting of content from the Ben-Yehuda Project to TEI-XML according to the TEI P5 Guidelines.
                  Addition of dates, not present in the online version, by Shira Wigderson, Asaf Isser, Adi Cohen, Nitzan Cohen, and Adi Cohen.
               </resp>
            </respStmt>
         </titleStmt>
         <publicationStmt>
            <authority>Project Ben-Yehuda</authority>
            <idno>http://benyehuda.org/maneh/044.html</idno>
         </publicationStmt>
         <sourceDesc xml:lang="Hebrew">
            <bibl>
               <date when="1883" notBefore="1883-01-01" notAfter="1883-12-31"/>
            </bibl>
            <p>The Ben-Yehuda Project (http://benyehuda.org/). Content provided within the Ben-Yehuda Hackathon at the University of Haifa (THATCamp Haifa, February 2014).</p>
         </sourceDesc>
      </fileDesc>
      <revisionDesc>
         <change>
            <date>2018-11-01</date>
            <name>Omer Waldman</name>
            <note>Correction of previously annotated dates and addition of dates to majority of the works</note>
         </change>
         <change>
            <date>2017-08-09</date>
            <name>Jerusalem corpus of Emergent Modern Hebrew (JEMH) staff</name>
            <note>Created the initial version of the content in TEI-XML and added dates (some based on estimation)</note>
         </change>
      </revisionDesc>
   </teiHeader>
   <text>
      <body>







אל שמש האביב / מרדכי צבי מאנה



 




  
  


אל שמש
האביב / מרדכי צבי מאנה

(לסעודת פורים אשר עשה לנו רענו משה מיימון)

 

1.

משנת החרף עתה הקיצות,

אתה שמש אביב, ברו בוא!

ובלבי רגשי חיים העירות,

עת עיני השקיפו זהר פני.

 

2.

עוד קר קפאון, עוד שלג מסביב,

עוד ערפל כבד יעיב ערבים;

א נפשי תשמע קול צעדי האביב,

יחיש אחרי בתכלת שמים!

 

3.

אז אשחק לסער, אלעג לקרה,

אשכח החרף, גם עב-טיט ורפש,

כי אתה בשחק שמש תפארה

תשיב כל רוח ותחיה כל נפש!

***

כן אור התקוה כל עמל ישכיח,

כל סערות החיים ישקיט, ישביח;

א למה אור זה לא תמיד יופיע?

גם שמש למה יעזב חוג רקיע?

למה תקותי שולל תוליכני?

ולאור שמש אביב עצב הנני?...

 

אדר שני,
תרמ"ג. פ"ב 





 






</body>
   </text>
</TEI>
