<?xml version='1.0' encoding='UTF-8'?>
<TEI xmlns="http://www.tei-c.org/ns/1.0">
   <teiHeader>
      <fileDesc>
         <titleStmt>
            <title>ברכת הפרידה</title>
            <author>מרדכי צבי מאנה</author>
            <respStmt>
               <name>Mandel Scholion Hebrew Revival Research Group</name>
               <resp>Formatting of content from the Ben-Yehuda Project to TEI-XML according to the TEI P5 Guidelines.
                  Addition of dates, not present in the online version, by Shira Wigderson, Asaf Isser, Adi Cohen, Nitzan Cohen, and Adi Cohen.
               </resp>
            </respStmt>
         </titleStmt>
         <publicationStmt>
            <authority>Project Ben-Yehuda</authority>
            <idno>http://benyehuda.org/maneh/047.html</idno>
         </publicationStmt>
         <sourceDesc xml:lang="Hebrew">
            <bibl>
               <date when="1883" notBefore="1883-01-01" notAfter="1883-12-31"/>
            </bibl>
            <p>The Ben-Yehuda Project (http://benyehuda.org/). Content provided within the Ben-Yehuda Hackathon at the University of Haifa (THATCamp Haifa, February 2014).</p>
         </sourceDesc>
      </fileDesc>
      <revisionDesc>
         <change>
            <date>2018-11-01</date>
            <name>Omer Waldman</name>
            <note>Correction of previously annotated dates and addition of dates to majority of the works</note>
         </change>
         <change>
            <date>2017-08-09</date>
            <name>Jerusalem corpus of Emergent Modern Hebrew (JEMH) staff</name>
            <note>Created the initial version of the content in TEI-XML and added dates (some based on estimation)</note>
         </change>
      </revisionDesc>
   </teiHeader>
   <text>
      <body>







ברכת הפרידה / מרדכי צבי מאנה



 




  
  


ברכת
הפרידה / מרדכי צבי מאנה

(לאוהב דבק מאח ש. ציז
הי"ו)

 

הנה עד נצח ל לבי הקדשתי,

כי אוהב כמו עוד לא פגשתי,

            ובברית
אהבת הן אכבדה;

עתה רגשותי ממ לא אסתירה,

ולברכ עתה כנורי אעירה,

            טרם
חיש מהר ממ אפרדה.

–––

א כנורי פתאם נאלם דומיה,

כי לבי בי סוער, רוחי הומיה,

            רק
ברכות אלף ל יהגו כליותי;

על ענג לי תתה הא ל תודתי,

על אהבת לבת הא ל נשמתי,

            כי
לב הן יען אל קול רגשותי! –

                        היה
בטוב,

                           שנים
לרב,

                           שיש
ושמח,

                        עלה
והצלח!

 

ה' מנחם אב,
תרמ"ג. ווארשא.





 






</body>
   </text>
</TEI>
