<?xml version='1.0' encoding='UTF-8'?>
<TEI xmlns="http://www.tei-c.org/ns/1.0">
   <teiHeader>
      <fileDesc>
         <titleStmt>
            <title>על-מות</title>
            <author>מרדכי צבי מאנה</author>
            <respStmt>
               <name>Mandel Scholion Hebrew Revival Research Group</name>
               <resp>Formatting of content from the Ben-Yehuda Project to TEI-XML according to the TEI P5 Guidelines.
                  Addition of dates, not present in the online version, by Shira Wigderson, Asaf Isser, Adi Cohen, Nitzan Cohen, and Adi Cohen.
               </resp>
            </respStmt>
         </titleStmt>
         <publicationStmt>
            <authority>Project Ben-Yehuda</authority>
            <idno>http://benyehuda.org/maneh/007.html</idno>
         </publicationStmt>
         <sourceDesc xml:lang="Hebrew">
            <bibl>
               <date when="1880" notBefore="1880-01-01" notAfter="1880-12-31"/>
            </bibl>
            <p>The Ben-Yehuda Project (http://benyehuda.org/). Content provided within the Ben-Yehuda Hackathon at the University of Haifa (THATCamp Haifa, February 2014).</p>
         </sourceDesc>
      </fileDesc>
      <revisionDesc>
         <change>
            <date>2018-11-01</date>
            <name>Omer Waldman</name>
            <note>Correction of previously annotated dates and addition of dates to majority of the works</note>
         </change>
         <change>
            <date>2017-08-09</date>
            <name>Jerusalem corpus of Emergent Modern Hebrew (JEMH) staff</name>
            <note>Created the initial version of the content in TEI-XML and added dates (some based on estimation)</note>
         </change>
      </revisionDesc>
   </teiHeader>
   <text>
      <body>






על-מות / מרדכי צבי מאנה



 




  
  


על-מות / מרדכי צבי
מאנה

ילד בעל כשרון נפלא לחכמת הזמרה

 

1.

בן יקיר, בן פרת, הוי, ילד נעים!

הוי, למה כה חשת עלות שמים,

למה גועת עת פריך עוד בסר?

עת פריך – הוי, לא יתר ממקומו! –

עת כשרונותיך – הוי, אבך עלימו! –

עת פריך, כשרונך, פרח בסתר

 

2.

עת רגשות חן ויפי בך פרחו,

עת נגהי זמרה בלבבך זרחו,

עת בך ראיתי נפש עדינה;

על כנפי הזמרה נפשך רחפה,

מגן השיר לה זר־פרחים קטפה,

ככרוב יה השמעת נעם קול רנה.

 

3.

נפש זכה, למה ממרומים ירדת?

עם גו כצל ילך, הוי, למה נצמדת?!

למה על שמיו רק שחר הופיע?

למה באביב ילדות צעד לקבר?

הה, הוריו גם יודעיו יבכו על שבר! –

למה חץ מות אל ילד הגיע?

 

4.

ילד עם לב רגש למה לא יזקן?

ילד לא יזקן מה לו רגש יסכן?

אך הרבות תאניה עת כי איננו!

אך הה! בן אדם אם גם ישאל למה

אז יקשב מענה רק שקט ודממה,

אך חנם ישאל, הן אל לא יעננו.

 

5.

הן אל לא יען מן רעש הסערה,

חות דעת כי לא יחטיא השערה

כי כל משפטיו על צדק כוננו

רק האמונה היא תען ברמה:

הס, אנוש מתלונן: הבט נא שמה!

הן שמה עוד חיים חדשים לנו.

 

6.

אז חיש אנוש אמלל ידם, ישקט

ויקוה כי נצח כסלו לא יקוט,

כי אחרי מותו עוד יקום לתחיה;

ומקור כל אסון אם לא נדענו,

גם תכלית כל פגע אם נעלמה מנו

נאמין כי שם שם יש עין צופיה!

 

אדר, תר"ם,
ווילנא.

 





 






</body>
   </text>
</TEI>
