<?xml version='1.0' encoding='UTF-8'?>
<TEI xmlns="http://www.tei-c.org/ns/1.0">
   <teiHeader>
      <fileDesc>
         <titleStmt>
            <title>תפלת השחר</title>
            <author>מרדכי צבי מאנה</author>
            <respStmt>
               <name>Mandel Scholion Hebrew Revival Research Group</name>
               <resp>Formatting of content from the Ben-Yehuda Project to TEI-XML according to the TEI P5 Guidelines.
                  Addition of dates, not present in the online version, by Shira Wigderson, Asaf Isser, Adi Cohen, Nitzan Cohen, and Adi Cohen.
               </resp>
            </respStmt>
         </titleStmt>
         <publicationStmt>
            <authority>Project Ben-Yehuda</authority>
            <idno>http://benyehuda.org/maneh/008.html</idno>
         </publicationStmt>
         <sourceDesc xml:lang="Hebrew">
            <bibl>
               <date when="1880" notBefore="1880-01-01" notAfter="1880-12-31"/>
            </bibl>
            <p>The Ben-Yehuda Project (http://benyehuda.org/). Content provided within the Ben-Yehuda Hackathon at the University of Haifa (THATCamp Haifa, February 2014).</p>
         </sourceDesc>
      </fileDesc>
      <revisionDesc>
         <change>
            <date>2018-11-01</date>
            <name>Omer Waldman</name>
            <note>Correction of previously annotated dates and addition of dates to majority of the works</note>
         </change>
         <change>
            <date>2017-08-09</date>
            <name>Jerusalem corpus of Emergent Modern Hebrew (JEMH) staff</name>
            <note>Created the initial version of the content in TEI-XML and added dates (some based on estimation)</note>
         </change>
      </revisionDesc>
   </teiHeader>
   <text>
      <body>







תפלת השחר / מרדכי צבי מאנה








תפלת השחר

מרדכי
צבי מאנה

 

1.

השחר מקדים
יפיץ חן זהר.

רשת עבי ספיר
על כפת טהר,

רוח צח משפים אט אט יפוח;

ראשי ההרים יפזו
ינהרו

הצללים נסו בעמקים
נסתרו,

נגה אור שדי על תבל זרוח.

 

2

השמש עלה – הצפרים
הקיצו,

לטיף מנגינות
צוף אל אל יאיצו,

גם כל היצור אל אל ישא כפים;

שפתי העפאים
יתלחשו בדממה,

ארזים ואלונים
ירעדו ברמה,

ותפלת השחר עולה שמים

 

3.

ובמקדש אל עתה
תבל נהיתה,

שמשה כמנורה,
קדש אדמתה,

כקטרת קיטורה, וכמזבחות הריה;

אתה הכהן, בן
אדם, איכה?

עודך על ערש
עוד נרדם הנך!

וכבר אור תבל ירנין כל בניה

 

4.

הנני, הנני,
שחר אעירה,

ובמקדש אל בדד
אבכה, אשירה

וליוצר כל היצור עיני תשעינה!

הנני פה בדד על
הר, על מזבח,

אקטיר לבי כליל
עולת ניחוח,

קחנה שדי, קחנה ורצנה! –

 

בימי האביב
תר"מ, ווילנא, סיון.

 





 

 






</body>
   </text>
</TEI>
