<?xml version='1.0' encoding='UTF-8'?>
<TEI xmlns="http://www.tei-c.org/ns/1.0">
   <teiHeader>
      <fileDesc>
         <titleStmt>
            <title>לאחיו</title>
            <author>מרדכי צבי מאנה</author>
            <respStmt>
               <name>Mandel Scholion Hebrew Revival Research Group</name>
               <resp>Formatting of content from the Ben-Yehuda Project to TEI-XML according to the TEI P5 Guidelines.
                  Addition of dates, not present in the online version, by Shira Wigderson, Asaf Isser, Adi Cohen, Nitzan Cohen, and Adi Cohen.
               </resp>
            </respStmt>
         </titleStmt>
         <publicationStmt>
            <authority>Project Ben-Yehuda</authority>
            <idno>http://benyehuda.org/maneh/leachiv.html</idno>
         </publicationStmt>
         <sourceDesc xml:lang="Hebrew">
            <bibl>
               <date when="1886" notBefore="1886-01-01" notAfter="1886-12-31"/>
            </bibl>
            <p>The Ben-Yehuda Project (http://benyehuda.org/). Content provided within the Ben-Yehuda Hackathon at the University of Haifa (THATCamp Haifa, February 2014).</p>
         </sourceDesc>
      </fileDesc>
      <revisionDesc>
         <change>
            <date>2018-11-01</date>
            <name>Omer Waldman</name>
            <note>Correction of previously annotated dates and addition of dates to majority of the works</note>
         </change>
         <change>
            <date>2017-08-09</date>
            <name>Jerusalem corpus of Emergent Modern Hebrew (JEMH) staff</name>
            <note>Created the initial version of the content in TEI-XML and added dates (some based on estimation)</note>
         </change>
      </revisionDesc>
   </teiHeader>
   <text>
      <body>







לאחיו / מרדכי צבי מאנה



 




  
  


לאחיו / מרדכי
צבי מאנה

(ימים אחדים
לפני מותו, בצאת אחיו לבוא במסורת ברית התנאים)

 

רגעים אחדים
לי עתה נשארו

כי חבלי
השנה עפעפי סגרו;

גם רפיון
גופי, מחלתי הזעומה

תמנע את ידי
מכתוב ל מאומה.

 

לו רק יכלתי
כי עתה הן באתי,

כי יום
שמחת הוא גם יום שמחתי.

 

עתה ברכת
לבי תחתי הולכת [הולכת]

כי תקשר הקשר
בשעה מצלחת,

כי תהי ל
רעות ישע ועזר,

כי תענד
אותה תמיד בראש כנזר.

 

 





 






</body>
   </text>
</TEI>
