<?xml version='1.0' encoding='UTF-8'?>
<TEI xmlns="http://www.tei-c.org/ns/1.0">
   <teiHeader>
      <fileDesc>
         <titleStmt>
            <title>מ.	[מספרד עד הנה לך אביא כינורי]</title>
            <author>מרדכי צבי מאנה</author>
            <respStmt>
               <name>Mandel Scholion Hebrew Revival Research Group</name>
               <resp>Formatting of content from the Ben-Yehuda Project to TEI-XML according to the TEI P5 Guidelines.
                  Addition of dates, not present in the online version, by Shira Wigderson, Asaf Isser, Adi Cohen, Nitzan Cohen, and Adi Cohen.
               </resp>
            </respStmt>
         </titleStmt>
         <publicationStmt>
            <authority>Project Ben-Yehuda</authority>
            <idno>http://benyehuda.org/maneh/040.html</idno>
         </publicationStmt>
         <sourceDesc xml:lang="Hebrew">
            <bibl>
               <date when="1883" notBefore="1883-01-01" notAfter="1883-12-31"/>
            </bibl>
            <p>The Ben-Yehuda Project (http://benyehuda.org/). Content provided within the Ben-Yehuda Hackathon at the University of Haifa (THATCamp Haifa, February 2014).</p>
         </sourceDesc>
      </fileDesc>
      <revisionDesc>
         <change>
            <date>2018-11-01</date>
            <name>Omer Waldman</name>
            <note>Correction of previously annotated dates and addition of dates to majority of the works</note>
         </change>
         <change>
            <date>2017-08-09</date>
            <name>Jerusalem corpus of Emergent Modern Hebrew (JEMH) staff</name>
            <note>Created the initial version of the content in TEI-XML and added dates (some based on estimation)</note>
         </change>
      </revisionDesc>
   </teiHeader>
   <text>
      <body>







מ.	[מספרד עד הנה לך אביא כינורי] / מרדכי צבי מאנה



 




  
  


[מספרד עד הנה] / מרדכי צבי מאנה

(תרגום) 

 

*    * 

   * 

מספרד עד
הנה לך אביא כנורי, 

שב נא,
האזינה! הן אשיר מזמורי. 

מזמורי,
קינתי כל איש יודע, 

אך טח עינם
מראות, אזנם – משמוע. 

  

ברחוב ירקד
דוב, יצחק כל רואהו, 

שובהו
יאחזהו חח בלחייהו; 

הדוב הזה
הפיץ עברת חמתו, 

לו ראוהו
ביער במאורתו. 

  

גם אני
נלחמתי, חרבי השבעתי, 

טבחתי,
נצחתי, שבת הגבהתי; 

חרבי, הוי,
נשברה – מי יצלח לנצח? – 

סוסי, הוי, חלל
ממלחמת רצח! –

  

שבט, תרמ"ג. 





 






</body>
   </text>
</TEI>
