<?xml version='1.0' encoding='UTF-8'?>
<TEI xmlns="http://www.tei-c.org/ns/1.0">
   <teiHeader>
      <fileDesc>
         <titleStmt>
            <title>איש ומקטרתו</title>
            <author>דוד פרישמן</author>
            <respStmt>
               <name>Mandel Scholion Hebrew Revival Research Group</name>
               <resp>Formatting of content from the Ben-Yehuda Project to TEI-XML according to the TEI P5 Guidelines.
                  Addition of dates, not present in the online version, by Shira Wigderson, Asaf Isser, Adi Cohen, Nitzan Cohen, and Adi Cohen.
               </resp>
            </respStmt>
         </titleStmt>
         <publicationStmt>
            <authority>Project Ben-Yehuda</authority>
            <idno>http://benyehuda.org/frischmann/ishumik.html</idno>
         </publicationStmt>
         <sourceDesc xml:lang="Hebrew">
            <bibl>
               <date when="1885" notBefore="1885-01-01" notAfter="1885-12-31"/>
            </bibl>
            <p>The Ben-Yehuda Project (http://benyehuda.org/). Content provided within the Ben-Yehuda Hackathon at the University of Haifa (THATCamp Haifa, February 2014).</p>
         </sourceDesc>
      </fileDesc>
      <revisionDesc>
         <change>
            <date>2018-11-01</date>
            <name>Omer Waldman</name>
            <note>Correction of previously annotated dates and addition of dates to majority of the works</note>
         </change>
         <change>
            <date>2017-08-09</date>
            <name>Jerusalem corpus of Emergent Modern Hebrew (JEMH) staff</name>
            <note>Created the initial version of the content in TEI-XML and added dates (some based on estimation)</note>
         </change>
      </revisionDesc>
   </teiHeader>
   <text>
      <body>







איש ומקטרתו / דוד פרישמן










איש ומקטרתו

מאת דוד פרישמן



 




 
  
  על
  גל אבני אפל יסבכו שרשי-שיחים וסורי זמורה נכריה, אשר תבנית נפלאה להם
  ומראיהם זר; גם בחלקת העיר אשר שם המעונות הצרים לבני-ישראל תראינה עינינו
  לפעמים נפשות נפלאות וזרות, אשר רוחן הנטועה בהן רודה בהן בחזקה כל הימים,
  ורק את אשר תשים רוחן לפניהן אותה תשמורנה לעשות. – 
  הנה
  כן אעשה זכר לאיש אשר כזה: איש ומקטרתו. – 
  גם
  את מקטרתו אזכרה. – בעבר הרחוב אשר אל מול פני חלון ביתי יושב איש בחדרו אל פני
  החלון הפתוח ומקטרתו בפיו; והאיש בא בימים והדור בזקנו הלבן, ורק על מצחו
  ילין עז וחמת קרי והקמטים מלאים מרי, כי קשה-פנים הוא וחזק-לב. מן
  המקטרת יעלה עתר ענן-העשן, וכבד משאת-העשן יהיה לגלגלים גדולים עם קטנים יחדו
  והגלגלים יסבו בהתנשאם, להיות אופן בתוך אופן, והאופנים חוברים איש אל אחיו
  ומתנשאים ועולים למעלה ושואפים החוצה אל תוך התכלת, אשר מתחת לרקיע, וגלגלים
  חדשים יוצאים דחופים ומבהלים ורודפים אחריהם. גם מחשבות האיש ורעיונותיו יעלו
  בלולים ואיש רעהו ירדוף, ועלו ובאו וחדרו לעתידות הצפונים בחיק הימים הבאים
  – היש עוד אפוא תקוה לאחריתו? אם יש מרפא לחטא כמוהו?... אכן נכריה עבודתו,
  לא יוכל לה; נסתרה דרכו מעמו, ועבי-העשן כבר עלו השמימה והוא עם מחשבותיו לא
  יגיע עד עבי-השחקים! ובעודו הוגה, יעלה על לבו פתאום זכרון המאמר: שובו בנים
  שובבים, חוץ מאחר! – אז ישאף האיש עבים חדשים מן המקטרת, והעבים האלה יהיו
  כעבים הראשונים, ורוח עצום יפוח פתאום מן החוץ ונשב בם ודחה אותם אחורנית הביתה
  – חזור לאחוריך והפך ידך גם אתה האיש! והאיש יחזור לאחוריו, והגה עתה
  הגיונות אחרים, אשר יסודתם בימים אשר עברו, ואם העתיד נסתר מנגד עיניו, הלא
  קדמותיו נגלו לפניו. – בעודו נער היה לשם ולתפארת, כי שם „העלוי” בער למרחוק; בהיותו לבר-מצוה נבאו
  עליו כל יודעיו גדולות, כי גדולות חזו בו; בהיותו כבן שמונה-עשרה סמכו רבותיו את
  ידיהם עליו, ויתנו לו „התרת הוראה”; ובטרם עוד נראתה בו חתימת-זקן והוא
  ישב על כסא כבוד ותלמידים מקשיבים לקולו ורבנים קטנים וגדולים שואלים ממנו
  עצה. הימים היו ימי אורה ושמחה, ואם שנים הרבה יחיה האדם לא יסופו מלבו, והוא
  תמים היה עם אלהים ואנשים, וצדקתו הללו בשערים ואת חסידותו הביע פה לפה. אפס
  הנסיון הוא המורה היחיד אשר לאדם: יש אשר נקרא כללי חיים מתוך הספרים המהללים
  ושבע ביום נאמין, כי היו הכללים לנו לעצם מעצמנו ובשר מבשרנו, ובכל-זה לא יצלחו
  לנו אלה, עד אם בדם לבבנו קנינו אותם מיד הנסיון, מיד אל יד; עד כמה פעמים
  קרא את הקריאה מעל הספרים: „אל תאמין בעצמך עד יום
  מותך”,
  ובלבו האמין תמיד, כי בא עד תכלית הכלל הזה, והוא טרם ידע, כי בחדר יושב האורב
  לו. צדיק תמים היה, וכל העם מקצה הרנין את תהלתו כל היום, ואז בא יום השבת – – – אך הנה משאת-עשן גדולה וכבדה עולה
  עתה מן המקטרת, והאיש ישאף מעשן הטבק בחזקה והיה עמוד ענן על ראשו ועל
  סביביו, ובהשיבו רוחו תשטפהו שבלת-הקיטור וגאות-העשן יתאבכו וחסמו בעדו רגע
  אחד. האיש חדל פתאום מזכור את הימים אשר עברו, ורק את ההוה ואת היום אשר לפניו
  יזכור. הלא שבת הוא לאדני גם היום, והוא איש עברי, ובפיו מקטרת, והוא מעביר את
  הטבק באש. – האיש כזה היה רב גדול ומפורסם בישראל?
  אמנם
  כן, האיש הזה היה רב גדול ומפורסם לפנים בישראל, ושם ר' מאיר הרב הלך למרחוק
  ויהי נשא על כל לשון! ואולם עתה רקב שמו ואיש לא ידעהו עוד, כי מחרם
  ומבדל הוא מקהל עדת ישראל, מנדה ומנדח ומתעב בעיני איש ואשה, זקן וילד, והוא
  יושב בדד ועזוב בחדרו, ואיש לא ישעה ולא יפנה אליו, ולא יהיה לו שיח או שיג עמו,
  כי קללת כל העדה רובצת על האיש האמלל הזה, ופי ישראל לא יקרא לו עוד בשמו מדי
  דברו בו, כי-אם יקבנו בשם „אחר”. – ובצאת בת-קול מרחוב היהודים, ושמע
  גם מאיר את הקול הזה, ההולך מסוף העולם ועד סופו, וכל עצמותיו תאמרנה לו גם הן
  ככל דברי הקול ההוא: שובו בנים שובבים, שובו כלכם, חוץ מאחר!...
  אכן
  לא יבינו הרבים ולא יאבו הבין, כי כחות סתומים ונפלאים, איתנים מוסדי-חיים,
  ימשלו באדם להטותו לכל אשר יהיה הרוח לנטות, ואיש לא יעמוד בפניהם.
  גם
  ר' מאיר לא יכול לעמוד בפני מה שתקיף ממנו.
  הוא
  היה מן החסידים הראשונים, אשר בעיר, ולבו שלם עם אמונתו ודתו כל הימים, ויהי
  נכון תמיד להיות נהרג גם על פחות מערקתא דמסאני, וכל באי שער העיר ידעו מאיש
  ועד אשה, כי אין כר' מאיר איש צדיק תמים, בעל מעלות טובות ומדות טהורות. – אבל
  מדה אחת היתה לו, והיא לא היתה מן הטהורות; ואולם גם מגונה לא היתה המדה, ואולי
  היתה מגונה רק בעיני אשתו לבד, כי על-פי המדה ההיא היתה שומה, אשר שחת לפעמים
  את הכרים והכסתות מדי שכבו לנוח, כי הניצוצות שנתפזרו נאחזו בהן – וזה הדבר: ר'
  מאיר היה בן אפטוניות ובעל-תאוה לדבר אחד, כי הקטיר קטורת טבק באין מעצור ובלי
  הרף, ויאהב את העשן בכל נפשו ובכל מאדו, ויהי העשן לו לרע נאמן, אשר לא סר
  ממנו ולא זז מפיו אף רגע אחד. בבקר החל ובערב לא כלה עוד, כי גם בלילה לא ינוח
  פיו, ובטרם יישן, והוא שוכב על משכבו, והנה קנה-הקיטור עודו בין שניו והניצוצות
  עולים מן המקטרת, אשר על-פי כליו ונתזים על המטה ונאחזים בסבך בזקנו, או בין
  הכרים והכסתות, להבעיר בהן אש ולעשות חורים גדולים או קטנים, ואשתו תריח מרחוק
  את האדים העשנים ועלה עשן גם באפה; ובכל-זאת רוחו לא שככה. בהתהלכו תנחה אותו
  מקטרתו, בשכבו תשמור עליו, והקיץ והיא תשיחהו; בשבתו בביתו ובלכתו בדרך, בשכבו
  ובקומו, בשבתו ללמוד ובחדלו לא תמוש המקטרת מפיו, ובהגותו הגיונותיו והגה  ב ה  יומם ולילה. כאשר יחסר את המקטרת רגע אחד לא ידע שלו
  בבטנו, ובהקיצו בבקר והוסר התמיד הזה מלפניו במקרה, אז יצעק וירגז בקולות
  גדולים, ואין נחת עוד כל היום. – וגם את כל איש מר נפש ומדכא או ידוע-חלי אמר
  ר' מאיר לרפא תמיד בטבק: איש כי יחלה את שניו וצוה עליו ר' מאיר במפגיע להעלות
  עשן מן הטבק; איש כי בטנו תחסר או כי בטן מלאה לו וידע הרב, כי אין לו תקנה
  בלתי-אם טבק; חזן כי קולו לא יעלה יפה והבין ר' מאיר, כי הטבק יהיה בעוזריו;
  שוחט כי ירעד המחלף בידו וידע ר' מאיר, כי הקיטור יסמכהו ויחזקהו; עלם כי היתה
  לו מכה בסתר, נער כי חש בראשו, תלמיד כי חלה את חלי-הריאה, והיתה העצה היעוצה
  ממנו לקחת להם איש איש את הטבק והיה להם לרפואה שלמה; ולכל קטטה, לעצירות
  ולשלשול, לרעב ולשבע, לעפולים ולטחורים, לנגעים שאדם רואה ולנגעים שאין מגלים
  אף מפה לאזן, בין שהוא בן-ברית ובין שאינו בן-ברית, לכל אלה יצו ר' מאיר את
  הטבק; ואיש כי תבוא עליו פקודת כל האדם והשמיע הרב את דעתו, כי אולת אדם תסלף
  דרכו, אשר פנה האיש אל רהבים רבים ושונים ללא הועיל ואל הטבק ועשנו לא פנה, אשר
  מקור חיים ומרפא בו; וגם את הקטנים חנך ר' מאיר במצוה זו, וגם בכרוע אשתו ללדת
  ותהי הצעקה בבית, נסה האיש לעוץ עצה בדבר עשן הטבק; וגם כאשר הגידו לו, כי יש
  בימינו בתולות ונשים כבודות המתהלכות ברחובות העיר בגנים ופרדסים ופפירוסיהן
  בפיהן, ותעלוזנה כליותיו מאד. – אכן ידעו בני עדתו להוקיר אנוש כמוהו, ובבוא
  ימי מועד וחג או יום הלולים וישלחו לו כלם לכבוד יום טוב טבק וסיגרות, ור'
  מאיר, אשר שנא מתנות מעודו, לקח לו את אלה בשתי ידיו, כי במקום שיש טבק לא חלק
  כבוד גם לחקקי-לב, אשר שם לו; וגם הרב הקדוש אשר בקוכינוב הפלה לו את החסיד
  הזה ויכבדהו מכל אשר לפניו, כי נתן לו מתנה כלי-מקטרת וקנה עם מנקיותיו וגם
  התיק אשר ינתן בו הטבק. – הנה כן היה ר' מאיר עבד עולם לתאותו, ומקטרתו היתה
  לו למסכה והטבק לפסל, אשר להם ישתחוה. ככה יעשה ר' מאיר כל הימים.
  ראה
  אנכי אומר כל הימים – מלבד היום האחד בשבוע, אשר לא יעלה בהם היהודי עשן מן
  המקטרת. והיה בבוא ערב שבת עם חשכה, וחדל העבד מהיות עבד, וסר הקסם מעל הבריה
  הקלה והבזויה, אשר חוברי חברים הפכו אותה לבריה קלה ובזויה, ושבה והיתה לאדם
  בתור אדם המעלה וכמו חתן יוצא אל חפתו, כאשר יאמר המשורר בשירתו, והלך החתן
  לקבל פני שבת המלכה; והוא אדם יודע פרק בדרך-ארץ ובמדות יפות, כי על-כן ידע,
  אשר לא נכון הדבר להקטיר טבק בסוד בתולות ונשים, ומה גם בסוד מלכה. – יום הששי
  ור' מאיר ישאף טבק מן המקטרת בפה מלא עד לפנות ערב, והיה בהיות בין-השמשות, אז
  יתנשא פתאום כארי, לעשות רצון אביו שבשמים, והשליך את מקטרתו ואת כל חמודיו ממנו
  והלאה ולא ישים עוד לב אליהם עד צאת השבת; בערב-שבת עם חשכה ישלח אותם מיעל פניו
  ובמוצאי-שבת עם ההבדלה ישיבם אליו – אכן זה הוא הכח אשר ליהודי! בעודו אדוק
  בתאותו בכל נפשו ובכל חושיו, עד כי ישכח גם מאכול לחמו על-אדותיה, והנה זה „לאו” אחד מן התורה, „לאו” קטן כתוב בשתים שלש מלות: „לא
  תבערו אש”,
  והיהודי יכריע את תאותו תחתיו כגבור מלחמה.
  מי
  האיש יתחרה אתו לכבוש את תאותו עמו בלבו שעות עשרים-וארבע? היש כעמך ישראל גוי
  קדוש בארץ, המושל ברוחו ושליט בחפצו ובחשקו ובתאותו?
  אבל
  אל יתהלל חוגר כמפתח! אל תקרא „הידד”, עד אם כלית לדלג שור!
  ר'
  מאיר התהלל והוא טרם פתח, ר' מאיר קרא „הידד” ואת השור טרם כלה לדלג. איך יוכל איש
  להאמין בעצמו טרם בא יום מותו? – היום היה יום שבת קודש באחד מימי תמוז הארוכים,
  והוא ישב בחדרו לבדו והשמש הכה על קדקדו בלי חמלה וירתיח בו את דמו. תמונות,
  תמונות שונות נראו ונצבו לפניו ברוח לענותו ולהציק לו, וכלן מלאות תאוה ואביונה,
  נבלה וחלקלקות, אימים ומוראים, תבל ותועבה, לעורר בו חשק נמרץ, אשר לא ידע
  שחרו. אז יקום ר' מאיר מעל מושבו ובצעדי אונים יתהלך בחדרו אנה ואנה ובלבו יקרא
  את כל הפסוקים, המסורים לנו לקרוא אותם להסיר סמל בלתי טהור מנגד עינינו, ולא
  יכול; וכאשר יתאמץ להשליך את גלוליו מעל פניו ולקרוע את המחשבות הזרות והאיומות
  מתוך לבו, כן יעלו וכן יגברו בקרבו וכן יעמיקו שבת בבשרו ובבתי-נפשו, והיו
  בקרבו לאש זרה ולגחלים בוערות, לנסוך עליו רוח עועים ולהכות אותו בעורון
  ובתמהון, והיו לחבלי-אש ולשרשרות-אש, להאסר ולהוקש בהם באין מפלט. אז יתנפל
  ר' מאיר מלוא קומתו על כסאו, וביד חזקה יפריד את לולאות מעילו מכפתוריהן, למען
  היות לו הרוחה, אף יבך ויחנן קולו, כי ישמע אלהיו אליו בצרתה ועצר בעד
  מלאך-המשחית, לבלתי תת אותו לבוא אל ביתו לנגוף ואת הצפעוני ירחיק מעליו, והאיר
  את עיניו מן השמים, לשמרו ביום חשך ואפלה, יום צרה ומצוקה, ואת מלאכו ישלח לפניו,
  להורותו את הדרך, אשר ינוס עליה. – אכן את דמעותיו המעטות אכלה האש, אשר בקרבו,
  ואחריהן להטה להבה גדולה ונוראה, אשר לא היתה לו עוד, אז ימהר אל החלון ונבט
  החוצה לקרוא לאנשים עוברים לבוא הביתה, למען הנצל מפח; אבל הנה השמים נגלו
  לנגד עיניו כספר ומלכת השמים תושיט לו את השרביטים המוזהבים, להמו ולאבדו;
  ובעוד רגע ולנגד עיניו נראו על פני הרקיע עבים קלים, אשר יעבטו ארחותיהם גם אנה
  ואנה, ודמות להם כדמות העשן הנהפך לגלגלים, ומראה להם כמראה ענני-הקיטור, אשר
  ילפתו דרכם בצאתם מן המקטרת מתוך הטבק... בראותו את המראה הזה נחבא קול מליו
  ויהי לצוארו מחנק ועיניו חשכו בחוריהן ולא יסף לדעת עוד את הנעשה בו, ובבוא
  הרגע המר והרע לא היה בו כח לעמוד בנסיון. – ההשתגע האיש פתאום ממראה עיניו? אם
  דעתו נטרפה עליו? אם יד אלהים היתה בו, להמו ולאבדו? אם התהולל, השתולל
  ורוחו נהיתה עליו ולא ידע עוד את אשר לפניו? מי יודע! – בעוד רגע אחד אחזה ידו
  בכפות המנעול, לסגור אותו על מסגר, ורגע משנהו הבעיר אש במקטרתו ויעל את
  עשנה כמעט רגע...
  שמש
  בשמים, הסבי עיניך מנגד! רב מפורסם בישראל מקטיר טבק ביום השבת.
  מי
  בא עד תכלית התאוה לדעת ארחותיה? מי עמד בסוד יצר לב האדם ואת דרכיו יספור?...
  לפנות ערב, לעת עלות המנחה, מצאו התלמידים ואנשי-הבית את ר' מאיר שוכב בחדרו
  והוא נמוג בדמעות ובוכה ומתאבל ומכה כף אל כף; אכן לא ידע איש את אשר היה לו
  ולא עלה על לבם, כי איש כבד-עון עומד לפניהם, אשר יקח ברגעים האלה מוסר
  מכליותיו. גם בערב וגם ממחרת היום ראו את ר' מאיר בוכה ומתאבל ומסגף ומענה את
  נפשו; אכן ראה זה פלא: גם אל הטבק לא שם לב ביום הראשון הזה ולא עלה עשן מפיו
  כל הלילה וכל היום, ותהי חרדת-אלהים על כל אנשי הבית בראותם כזאת. וגם ביום השני
  לא אכל ר' מאיר לחם ומים לא שתה, ויהי בוכה ומתאבל גם היום ההוא ומכה על לבו
  בחזקה ומתודה בסתר. וכן רבו הצומות וזעקותיו כל הימים הבאים. – אמנם שב האיש
  בתשובה שלמה מחטאו וימרק במכאובים רבים וביסורים רעים את עונו, ובכל אלה לא
  שקט לבו ולא נח מזעפו, אשר זעף על נפשו, ועל אולתו, אשר סלפה דרכו.
  תלמיד-חכם שעבר עברה בלילה אל נהרהר אחריו ביום; ואם עבר עברה ביום אל נהרהר
  אחריו כל הימים!
  שבועות
  חלפו וחדשים עברו.
  השלג
  הנוצץ רקוע על פני האדמה כמו מכסה לבנת-ספירים, והשמש נשקף מבעד לשמים טהורים
  ובהירים וחודר אל תוך הקור הלבן. יום שבת ומנוחה על פני כל הארץ, ור' מאיר יושב
  בדד בחדרו – והשטן העומד הוא על יד ימינו לשטנו? הן אמנם נגש אליו השטן גם
  הפעם לנסותו, וינס דבר אליו גם הפעם ויציקהו בדמיונות ובהרהורים לאין חקר,
  ויסיתהו לאמר: לך צרור אלהי ישראל ועשה הרע בעיניו! ואולם הפעם הזאת נלחם
  ר' מאיר אל תאותו ביד חזקה ובזרוע נטויה, וילחם אליה בכל כחו וגבורתו, ולעת
  ערב יצא מן המלחמה ביד רמה, כי הכריע את תאותו תחתיו. – אכן אמת נכון הדבר:
  במקום שבעלי-תשובה עומדים צדיקים גמורים אינם יכולים לעמוד! 
  אבל
  אל תקרא „הידד” בטרם בוא מועד – ביום השבת הבא הקטיר מאיר את הטבק במקטרת...
  השטן
  הוא בריה גדולה אשר קומתו מגעת מסוף העולם ועד סופו, וכף יד לו והיא גדולה ורחבה
  מאד, והאיש אשר הושיט לו פעם אחת אצבע קטנה או אשר נתן לו את אצבעו זאת כמעט
  רגע, האיש הזה לא ימלט עוד מכף ידו הגדולה והרחבה ההיא. ומעשה השטן הלא נודע
  למדי! היום אומר הוא לאדם: עשה מעט, ומחר יאמר לו: עשה הרבה. – יותר
  מרביעית השעה שאף מאיר את העשן מן הטבק הבוער... האם לא נמלחו גם השמים כעשן?
  האם לא עשנו גם בני-מרום במרום?
  השמים
  לא נמלחו והאלהים לא רב ברקים על קדקד איש מתהלך באשמיו; ואולם הרב הכה גם הפעם
  בכף ידו על לבו בכל עת אשר הכה אותו לבו על מעלו, אשר מעל, ויבך גם הפעם,
  וינחם על הרעה, אשר עשה, ונפשו מאנה הנחם, וישבע בנפשו לבלתי תת עוד
  נשמתו בידי הורגים, ותפלתו מאת אלהי ישעו היתה, לחדש בו רוח נכון ולתת בו כח לעמוד
  בפני תאותו הבזויה.
  אכן
  הנה ימים באו ומוסר-כליותיו חדל גם הוא. ירא-חטא הזה חטא במסתרים במנוחת-לב
  ולא יסף עוד רוחו להציק לו ולענותו. ההרגל נעשה טבע, השגגות היו לזדונות, ומדי
  שבת בשבתו, בהיותו בחדרו לבדו ישאף עשן מן הטבק הבוער כנפשו שבעה, ונפשו תתענג
  על העננים הכבדים היוצאים מן התקיעות, אשר יתקע בשפופרת שבפיו, ומן השברים, אשר
  ישבר את גלגלי-העשן, הנוסעים בחפזון, ואיש רעהו ירדוף. – גם מחשבות לבו
  ודעותיו השתנו בקרב הימים האלה, ויחל האיש לחתור חתירות בקיר הדת. בראשונה
  בקש למצוא לו „פתחא דהיתרא” למעלו אשר הוא מועל; ואולם בלכתו לבקש
  את המתר ואת האסור הציץ בעין רעה לתוך חללה של הדת, הציץ ונפגע; ואז החל
  לקעקע את כל הבירה ויבקש חשבונות רבים ויגלה פנים חדשות בתורה, ויבז בלבו
  ליקהת-אם ויהי ממר ליולדתו – את כל אלה עשה האיש בסתר.
  אכן
  גם ברבים נודע הדבר ברבות ימים כמו אלה. – בתוך ארבע אמותיו, אשר בחדרו, לא מצא
  עוד מנוח לנפשו, כי צר לו המקום, והאויר שם מחנק לרוחו – אז בא יום שבת והוא
  עיף ויגע, קצר-רוח ורפה-יד, וראשו עליו סחרחר, וכל המעשה הנעשה תחת השמש רע
  עליו; אז ישב לשאף את עשנו ממקטרתו אשר בפיו ואת הדלת לא סגר אחריו, והנה אשתו
  באה החדרה. – האשה לא מלאה פיה תוכחות, ורק זעקה אחת גדולה ומרה התפרצה מקרב
  לבה:
  – אל אלהי אבי! – 
  – דמי! – קרא האיש בדממה וקול.
  אפס
  פקודת-הבעל הזאת היתה אך למותר. כי האשה החרישה גם בטרם שמעה חפצו, כי נפלה מלוא
  קומתה ארצה ותשכב כמו בול-עץ; ואולם לקול הזעקה, אשר המליטה מפיה, התקבצו החדרה
  כל אנשי-הבית והשכנים הקרובים אל הבית. – ר' מאיר עמד בתוך החדר בקומה זקופה
  ובמצח נחושה וכמלאך רע הביט בפני כל הנאספים ועל פניו אימים ומרי וחמת קרי;
  אז תעבור בקרבו המחשבה: הנה התרה הרצועה! עד כה עשיתי בסתר ועתה אעשה גלוי
  לעיני השמש!
  ממחרת
  היום ידעו כל בני-העיר מן הקצה אל הקצה, כי השטן מרקד בתוכם בדמות רב. ורבים
  הוסיפו, כי מאיר התנצר. – בימים הראשונים החלו בני-עמו לרדוף אותו, למען בער
  אחריו, כאשר יבערו את הגלל; ואולם פקיד-העיר עמד על יד ימינו ויהי עליו
  סתרה. האשה עמלה בכל עז ותוצא מידו ספר-כריתות, ואת בניה ובנותיה לקחה
  עמה, וכל הקהל עוזר אחריה, לעשות את כל הדברים האלה, ורק את הבן האחד, הוא
  הצעיר, את יחזקאל, לקח לו וישלחהו אל אחת הערים, אשר שם גימנזיום, למען היות לו
  זה למשען בימי זקנה ושיבה. אז ילך האיש מדחי אל דחי ויהי לפושע לעיני כל ישראל,
  ויעש כל תועבה וכל זמה, ועיני כל העם רואות. בימים ההם הכריזו עליו מטעם הרב
  ובהסכמת כל הקהל והעדה הקדושה, ויקללוהו עם ספר-התורה ועם תרי”ג
  מצות הכתובות בו ובקללה אשר קלל אלישע את הנערים ובכל התוכחות הכתובות בתורה,
  ואדני לא יסלח לו וימחה את שמו מתחת השמים, וחרה אפו וקנאתו באיש הזה כל הימים,
  והדבקים באדני אלהים חיים כלם! אז הזהירו את העם לבלתי היות עוד לאיש שיח ושיג
  עמו, לא בפה ולא בכתב, ולא ישים לו איש חנינה ולא ישב עמו במחיצה אחת, וגם את
  שמו לא יעבירו עוד על שפתם; ויקראו לו „אחר” ביום ההוא...
  למן
  היום ההוא ועד עתה יושב האיש בדד כערער ונעזב מאדם באחד מרחובות העיר בעלית בית
  קטנה, ובספריו יהגה ומקטרתו תמיד בפיו. – מה קצו כי ייחל?... גלגלי-העשן יוצאים
  מן המקטרת דחופים ומבהלים וחוברים איש אל רעהו; מאיר לא יחדור עוד אל מעבה
  המסך, אשר מלפניו, ולא יבקש עוד לדעת עתידות, וגם אל הימים אשר עברו לא יביט עוד
  ולא יחזור עוד לאחוריו. מלפניו עננים כבדים, אשר לא יוכל לחדור להם, ומאחריו
  רודפים עמודי ענן גדולים וכבדים. אז יזכור, כי לבו היה תהו ובהו, ואנחה בוקעת מבין
  שפתיו: אכן כלו בעשן ימי.
  ואולם
  האיש ומקטרתו לא נפרדו עוד עד עולם...
   
  
 




 










</body>
   </text>
</TEI>
