<?xml version='1.0' encoding='UTF-8'?>
<TEI xmlns="http://www.tei-c.org/ns/1.0">
   <teiHeader>
      <fileDesc>
         <titleStmt>
            <title>מרפא לרוחי</title>
            <author>מרדכי צבי מאנה</author>
            <respStmt>
               <name>Mandel Scholion Hebrew Revival Research Group</name>
               <resp>Formatting of content from the Ben-Yehuda Project to TEI-XML according to the TEI P5 Guidelines.
                  Addition of dates, not present in the online version, by Shira Wigderson, Asaf Isser, Adi Cohen, Nitzan Cohen, and Adi Cohen.
               </resp>
            </respStmt>
         </titleStmt>
         <publicationStmt>
            <authority>Project Ben-Yehuda</authority>
            <idno>http://benyehuda.org/maneh/010.html</idno>
         </publicationStmt>
         <sourceDesc xml:lang="Hebrew">
            <bibl>
               <date when="1880" notBefore="1880-01-01" notAfter="1880-12-31"/>
            </bibl>
            <p>The Ben-Yehuda Project (http://benyehuda.org/). Content provided within the Ben-Yehuda Hackathon at the University of Haifa (THATCamp Haifa, February 2014).</p>
         </sourceDesc>
      </fileDesc>
      <revisionDesc>
         <change>
            <date>2018-11-01</date>
            <name>Omer Waldman</name>
            <note>Correction of previously annotated dates and addition of dates to majority of the works</note>
         </change>
         <change>
            <date>2017-08-09</date>
            <name>Jerusalem corpus of Emergent Modern Hebrew (JEMH) staff</name>
            <note>Created the initial version of the content in TEI-XML and added dates (some based on estimation)</note>
         </change>
      </revisionDesc>
   </teiHeader>
   <text>
      <body>







מרפא לרוחי / מרדכי צבי מאנה








מרפא לרוחי

מרדכי צבי מאנה

 

1.

אם גם כאפיקים
שרעפי יזרמו,

יהמו, ישקו, יגעשו, ירתחו;

מפני הטבע חיש
יחשו, ידמו,

ישליו, ירגעו, זעפם ישכחו.

 

2.

אם גם כל רגשותי
נאלמו דומיה,

נפשי נדהמה על פני צלמות;

מפני הטבע חיש
אקום לתחיה

ופני ינהרו מבלי עצבת!

 

אב, תר"ם,
ראדאשקאוויץ עיר מולדתי.

 





 

 






</body>
   </text>
</TEI>
