<?xml version='1.0' encoding='UTF-8'?>
<TEI xmlns="http://www.tei-c.org/ns/1.0">
   <teiHeader>
      <fileDesc>
         <titleStmt>
            <title>"המליץ" לקוראיו</title>
            <author>יהודה ליב גורדון</author>
            <respStmt>
               <name>Mandel Scholion Hebrew Revival Research Group</name>
               <resp>Formatting of content from the Ben-Yehuda Project to TEI-XML according to the TEI P5 Guidelines.
                  Addition of dates, not present in the online version, by Shira Wigderson, Asaf Isser, Adi Cohen, Nitzan Cohen, and Adi Cohen.
               </resp>
            </respStmt>
         </titleStmt>
         <publicationStmt>
            <authority>Project Ben-Yehuda</authority>
            <idno>http://benyehuda.org/yalag/Ylg288.html</idno>
         </publicationStmt>
         <sourceDesc xml:lang="Hebrew">
            <bibl>
               <date when="1888" notBefore="1888-01-01" notAfter="1888-12-31"/>
            </bibl>
            <p>The Ben-Yehuda Project (http://benyehuda.org/). Content provided within the Ben-Yehuda Hackathon at the University of Haifa (THATCamp Haifa, February 2014).</p>
         </sourceDesc>
      </fileDesc>
      <revisionDesc>
         <change>
            <date>2018-11-01</date>
            <name>Omer Waldman</name>
            <note>Correction of previously annotated dates and addition of dates to majority of the works</note>
         </change>
         <change>
            <date>2017-08-09</date>
            <name>Jerusalem corpus of Emergent Modern Hebrew (JEMH) staff</name>
            <note>Created the initial version of the content in TEI-XML and added dates (some based on estimation)</note>
         </change>
      </revisionDesc>
   </teiHeader>
   <text>
      <body>






"המליץ" לקוראיו / י"ל גורדון








"המליץ"
לקוראיו

 

אחינו
הרחוקים, אחינו הקרובים,

העומדים בין
בים ובין ביבשה,

ברכנו אתכם
לימים הטובים,

ברכנוכם
לשנה החדשה!

אלהי אבותינו
ישפיע עליכם

מטל השמים
ומשמני הארץ,

והייתם טובים
אתם ובניכם

שאננים
מפחד מכל איד ופרץ;

אך זכרו
מרחוק אלהיכם ותורתו

זכרו את
עמכם, זכרו את שפתו,

כי רק אלה הם
היתרים הלחים

המחברים
אותנו לעם ולאחים.

לכל עמי
הארץ ולכל הלשונות

יש מלכיות
ושופרות  – ארצות וצבאות–

ואנחנו אין
לנו בלתי אם  זכרונות,

רק מהם לנו
לחיים תוצאות.

 

            (תרמ"ח).

 





 






</body>
   </text>
</TEI>
