<?xml version='1.0' encoding='UTF-8'?>
<TEI xmlns="http://www.tei-c.org/ns/1.0">
   <teiHeader>
      <fileDesc>
         <titleStmt>
            <title>השופטים את ציון</title>
            <author>יוסף ריבלין</author>
            <respStmt>
               <name>Mandel Scholion Hebrew Revival Research Group</name>
               <resp>Formatting of content from the Ben-Yehuda Project to TEI-XML according to the TEI P5 Guidelines.
                  Addition of dates, not present in the online version, by Shira Wigderson, Asaf Isser, Adi Cohen, Nitzan Cohen, and Adi Cohen.
               </resp>
            </respStmt>
         </titleStmt>
         <publicationStmt>
            <authority>Project Ben-Yehuda</authority>
            <idno>http://benyehuda.org/rivlin/hashoftim.html</idno>
         </publicationStmt>
         <sourceDesc xml:lang="Hebrew">
            <bibl>
               <date when="1884" notBefore="1884-01-01" notAfter="1884-12-31"/>
            </bibl>
            <p>The Ben-Yehuda Project (http://benyehuda.org/). Content provided within the Ben-Yehuda Hackathon at the University of Haifa (THATCamp Haifa, February 2014).</p>
         </sourceDesc>
      </fileDesc>
      <revisionDesc>
         <change>
            <date>2018-11-01</date>
            <name>Omer Waldman</name>
            <note>Correction of previously annotated dates and addition of dates to majority of the works</note>
         </change>
         <change>
            <date>2017-08-09</date>
            <name>Jerusalem corpus of Emergent Modern Hebrew (JEMH) staff</name>
            <note>Created the initial version of the content in TEI-XML and added dates (some based on estimation)</note>
         </change>
      </revisionDesc>
   </teiHeader>
   <text>
      <body>







השופטים את ציון / יוסף ריבלין



 




  
  


השופטים את ציון

יוסף ריבלין



 




 
  
   
  ירושלם, אלול תרמ"ד.
  בשעה שהראה הקב"ה לאדם דור ודור ודורשיו,
  דור ודור וסופריו ושופטיו וחכמיו, בלי ספק על דורנו זה – זה דור דורשיו ע"י
  כתבי העתים – הראהו את כתבי העתים וספריהם.  כי מה הם חכמי הדור ומאוריו ומדריכיו ושופטיו מבלעדם.  כי הם העומדים על פסגת מרום
  ישראל.  הם הצופים ומביטים מסוף
  העולם ועד סופו, וכל באי עולם יעברון לפניהם כבני מרון.  עיניהם משוטטות בכל הארץ.  עיניהם כגויים תצפינה, הם הפוקדים מעשה
  כל איש ותחבולותיו, וגם כל היצור לא נכחד מהם, ושופטי צדק הם.  לפניהם אין משוא פנים ואין מקח שוחד.
  בא וראה עד כמה רחקה מהם נשיאות פנים, כי גם
  על ציון בית חיי רוחם וחמדת נפשם חרפה לא נשאו.  ולא כסו על עונה הנכתם בבית משפטם ולא יועיל כל כפר וכל
  הצטדקות, כי אין משוא פנים בדין, וגם אין עדים ואין ראיה ורק מפי ההשפערה ומפי
  מוזרות בלבנה או מפי בת קול יצאו התלונות, אין משוא פנים ואם עידי מעשה יצאה,
  עידי הרהור לא יצאה, והיא נשענת גם על דברים שבלב (המליץ גליון 53 בהוספה), היא
  תשא את עונה בכלמות וריק, וגם אם תכבס בנתר ותרבה ראיות והוכחות כי חפה היא
  מפשע, וגם כי תזעק ותשוע, מאיזה טעם דנתוני, דרשו משפט, דרשו היטב חקרו ודרשו אם
  עשיתי זאת, אם יש עול בכפי.  הם
  עוד יכלימוה ויגערו בה, והדין דין אמת כי אין משוא פנים בדין, והיא יושבת וראשה
  חפוי, טענותיה הסתתמו, והכרוז יוצא מלפניהם: חטא חטאה ירושלם, והיא לוקה בבית
  דין, כי אין משוא פנים בדין.
  בנוהג שבעולם, כי יהיה ריב בין אנשים ונגשו אל
  המשפט ושפטום.  אחד יוצא מב"ד
  חייב ואחד זכאי.  והקריב החייב את
  משפטו לפני ב"ד אחר גבוה מרום מראשון.
  וישראל בזמן שהיו שרוין על אדמתן ושופטים
  ושוטרים היו להם בכל שעריהם, והיה כי יפלא מהם דבר למשפט, וקמו ועלו אל בית
  המשפט הגבוה שבלשכת הגזית, אשר תורת אמת היתה בפיהו, ומשום הוראה יצאה, כי ציון
  תצא תורה.
  ציון היא דורשת כיום מאת שופטיה, להגביה משפטה
  ודינה ולהקריבה לפני ב"ד הגדול שבלשכת הגזית במרום הר הקדש גבעת ירושלם!
  והלא תדעו מי המה השופטים אשר שמה ישבו כסאות למשפט? "המעשים!" אותם המעשים בעצמם, אשר בהם
  נתחייבה בבית דינכם, אותם המעשים בעצמם כמו שהם, והענינים כמו שהם; הם השופטים,
  הם העדים הם המליצים.
  שערי בית המשפט ההוא יהיו פתוחים ונשמעים דברי
  המלשינים, דברי העדים ומשפט השופטים. 
  וראש השופטים הוא "האמת לאמתו", הוא יגיד משפט החלוקה ומחלקיה
  ומקבליה, ואת הצדק הנשגב הנוהג בם. 
  ואם גם יש מיעוטא דמיעוטא שאינם צריכים ליטול ונוטלים, אין אחריותם על
  שאר המקבלים ומכ"ש על המחלקים (כמו שאין על כלל ישראל אחריות אותם מיעוטא
  דמיעוטא רעים וחטאים הנמצאים בכל המון ישראל) ראש השופטים יגיד אף ישמיע עד כמה
  יושבי ירושלם יאהבו עבודה ויבקשוהו כמטמונים ועד כמה עמלים בישוב הארץ הק' הן בבנין
  בתים הן בחברות עבודת אדמה, (אפס כי אין עוזר למו – על כי אין דרכיהם דרכם –)
  ועד כמה הצטערו יושבי ירושלם מגזרת נעילת השערים ועד כמה עמלו בבטולה, בכמה
  מהדברים המעבירים את רוע הגזרה.
  ובכן אתם מעריכי כה"ע לישראל וספריכם,
  עליכם לסתור את הדין, וקמתם ועליתם לשמוע מפי שופטי לשכת הגזית את דבר המשפט,
  ואל תנהגו בעדת ה' יושבת ציון עוד מנהג בזיון וקצף, עד יצא משפטה לאורה וכנוגה
  צדקה, וציון במשפט תפדה.
  אלה הדברים אשר תדבר ירושלם באזניכם, ע"י
  אחד מבניה, שהוא לא ממחלקי החלוקה ולא מאוכליה, לא מראשיה ולא מרבניה, כי אם מהעמלים
  בכל כחם על הרחבת ישובה, ואשר עד כה הרבה עזרנו ה'.  מיצר ודואג על חלול כבודם חנם, וכואב על שבר עם ה' בכלל
  וצופה לישועתו.
  המגיד.  כ"ח באלול תרמ"ד.
  
   
  
 




 





 

 






</body>
   </text>
</TEI>
