<?xml version='1.0' encoding='UTF-8'?>
<TEI xmlns="http://www.tei-c.org/ns/1.0">
   <teiHeader>
      <fileDesc>
         <titleStmt>
            <title>הקדשה לר' ישעיה באסאן</title>
            <author>משה חיים לוצאטו</author>
            <respStmt>
               <name>Mandel Scholion Hebrew Revival Research Group</name>
               <resp>Formatting of content from the Ben-Yehuda Project to TEI-XML according to the TEI P5 Guidelines.
                  Addition of dates, not present in the online version, by Shira Wigderson, Asaf Isser, Adi Cohen, Nitzan Cohen, and Adi Cohen.
               </resp>
            </respStmt>
         </titleStmt>
         <publicationStmt>
            <authority>Project Ben-Yehuda</authority>
            <idno>http://benyehuda.org/ramxal/003.html</idno>
         </publicationStmt>
         <sourceDesc xml:lang="Hebrew">
            <bibl>
               <date when="1724" notBefore="1724-01-01" notAfter="1724-12-31"/>
            </bibl>
            <p>The Ben-Yehuda Project (http://benyehuda.org/). Content provided within the Ben-Yehuda Hackathon at the University of Haifa (THATCamp Haifa, February 2014).</p>
         </sourceDesc>
      </fileDesc>
      <revisionDesc>
         <change>
            <date>2018-11-01</date>
            <name>Omer Waldman</name>
            <note>Correction of previously annotated dates and addition of dates to majority of the works</note>
         </change>
         <change>
            <date>2017-08-09</date>
            <name>Jerusalem corpus of Emergent Modern Hebrew (JEMH) staff</name>
            <note>Created the initial version of the content in TEI-XML and added dates (some based on estimation)</note>
         </change>
      </revisionDesc>
   </teiHeader>
   <text>
      <body>







הקדשה לר'
ישעיה באסאן /
משה חיים
לוצאטו














הקדשה
לר' ישעיה
באסאן / משה
חיים לוצאטו

 

            אל

יושב
בשבת, תחכמוני,
רכב ישראל
ופרשיו,

            בו נתלו
המאורות,
להורות זה
דור דורשיו.

שביב
אשו יגה,
הוא יגיה
חשכי,

            אבן הראשה,
ופריו מתוק
לחכי.

עתיר
סלעין, עתיר
תקוע - זהו
בעל פלפול
המאיר לארץ
ולדרים,

            סיני ועוקר
הרים.

ידיו
אמונה הן בפיהו
נכונה,

            אחריו יאיר
נתיב: הא זה
מקום בינה.

הר נשפה,
הר הגדול,
ירום ונשא
וגבה,

            נשוא פנים
הוא הראש,
חכמתו תהום
רבה.

 

הלא
הוא הרב הגדול
החכם הכולל
מורי ורבי,
מאור עיני,
חמדת לבי,
כמוהר"ר ישעיה
באסאן נר"ו:








 






</body>
   </text>
</TEI>
