<?xml version='1.0' encoding='UTF-8'?>
<TEI xmlns="http://www.tei-c.org/ns/1.0">
   <teiHeader>
      <fileDesc>
         <titleStmt>
            <title>איגרת אל דוד גורדון</title>
            <author>יוסף ריבלין</author>
            <respStmt>
               <name>Mandel Scholion Hebrew Revival Research Group</name>
               <resp>Formatting of content from the Ben-Yehuda Project to TEI-XML according to the TEI P5 Guidelines.
                  Addition of dates, not present in the online version, by Shira Wigderson, Asaf Isser, Adi Cohen, Nitzan Cohen, and Adi Cohen.
               </resp>
            </respStmt>
         </titleStmt>
         <publicationStmt>
            <authority>Project Ben-Yehuda</authority>
            <idno>http://benyehuda.org/rivlin/to_david_gordon.html</idno>
         </publicationStmt>
         <sourceDesc xml:lang="Hebrew">
            <bibl>
               <date when="1884" notBefore="1884-01-01" notAfter="1884-12-31"/>
            </bibl>
            <p>The Ben-Yehuda Project (http://benyehuda.org/). Content provided within the Ben-Yehuda Hackathon at the University of Haifa (THATCamp Haifa, February 2014).</p>
         </sourceDesc>
      </fileDesc>
      <revisionDesc>
         <change>
            <date>2017-08-09</date>
            <name>Jerusalem corpus of Emergent Modern Hebrew (JEMH) staff</name>
            <note>Created the initial version of the content in TEI-XML and added dates (some based on estimation)</note>
         </change>
      </revisionDesc>
   </teiHeader>
   <text>
      <body>







איגרת אל דוד גורדון / יוסף ריבלין







 




  
  


איגרת אל דוד גורדון

יוסף ריבלין



 




 
  
                                                                                 ב"ה
  פעה"ק ירושלם ת"ו כ"ה מרחשון תרמ"ה.
  שלום וברכת למעלת כבוד החכם הנכבד דורשת אמת
  וצדק מו"ה דוד גארדאן נ"י.
  רעיון ישא"י אשר הגיע כלפ פני כתבי העתים
  למרום קצו ויום מלאת מאה שנה של השר הצדיק החובב ארץ הקדושה יותר מגופו הקריב את
  קצו של הרעיון הזה עוד ביתר שאת ויתר עז. 
  הרעיון הקדוש הזה, שכולנו נושאים את נפשנו עליו, חסר ידיעה אחת, מביאה
  לידי מעשה ופועל אחד, והידיעה הזאת לא תוכל לצאת כ"א מקרבת המקום הזה,
  מתוככי ירושלים.  וממי? מהמעמיקים
  עצה בהרעיון הזה מצד אחד, ומהעוסקים בצרכי צבור, ומתוודעים אל הרשות והרשות
  אליהם מצד שני – ואנכי אשר כמעט רק אני בעצמי נמצאתי האיש אשר יתלכדו בו גם
  שניהם יחד, מצאתי חובה עלי להודיע לאחי אלה אשר תשתפך נפשם אל חיק הרעיון הזה את
  הידיעה אשר רכשתי ואשר מבלעדה כל עמל חובבי ציון וכל הכסף והרכוש וגם הנפש,
  הנכנסים בענין הזה, הם ח"ו יאבדו והמחיצה של ברזל תעמוד (אף כי לעיני חובבי
  ציון תתראה כקורי עכביש אשר יתמעך בנגיעת אצבע קטנה).  ובכברי בכברה אתהאנשים העוסקים בענין הזה, שאוכל לסמוך
  עליהם, על אמונתם וישרם ועל חכמת לבם והשכלתם, ועל כחם ואילותם, ואשר עוז בידם
  להוציא לאור את עצתי הנחוצה, ומבלי אדע אנשים הרבה רק אותך אדוני גארדאן מצאתי
  לבטוח ולסמוך, כי תדע לכלכל את הדבר בחכמה ובדעת.
  וזה הדבר.  הלא תדעו כולכם, כי אדוננו השולטאן ושרי ממשלתו אשר
  בקאנסטאנטינאפאל לבם באמת אך טוב לישראל, והשר הסוגר את ארצנו הקדושה בפני
  ישראל, הוא אחד יחיד הפחה בירושלים, הוא הנהו גדול מאד בעיר המלוכה וחותנו הוא
  מרואי פני השולטאן ויועציו הנאמנים, והפחה הזה הצטיין מכל אשר לפניו, ... ...
  והוא פקח ודעתן גדול, ואלה שעמדו לו להשאירו על כנו זה שמנה שנים, בעוד אשר הפחות
  שלפניו לא עברו על ...[h1]  שלהם שתי שנים,
  ורובם לא הוציאו שנתם.  וכל הימים
  אשר מתורגמנו היה איש עברי מאחינו, ה' קריגער, לא היה הפחה הזה עוין את היהודים,
  וידבר אתם טובות.  אכן מאז הסיר את
  קריגער, וה' קריגער רב אתו בדברים קשים, נהפל לבו לשנוא את כל בני עמנו, ומאותה
  שעה ואילך עינו צרה בבוא איש ישראל לקנות קרקע כל שהוא, ואם ישראלי יקנה, יעשה
  כל מה שבכחו ויותר מכחו, כדין ושלשא כדין, לעכב ולמנוע, ולא אחת דבר בפומבי:
  "עוד מעט והישמעאלים כלה גרש יגרשו מן הארץ, היהודים יירשום וישבו
  תחתם".   ומאותה שעה
  ואילך הוא יושב וחושב מחשבות יום יום להבאיש את ריח היהודים בעיני הממשלה, ...[h2]  יכול להתושבים, עמל
  ויגע לסגור לכה"פ שערי הארץ בפני החדשים.
  וראשי עדת הספרדים דפה עה"ק, שהם באמת
  אנשים חכמי לב ויראי אלקים, בכ"ז לא יוכלו לאהוב את האשכנזים באהבה גמורה
  וחבה יתרה, כי הם – הספרדים – רואים את עצמם תושבים ואת אחיהם האשכנזים כגרים,
  ובראשונה היו האשכנזים כפופים כאגמון תחת כפות רגליהם, עד שגם כתובת אשה לא ...[h3]  שתכתב שלא על ידיהם,
  ומכש"כ בטביחה ומכירת בשר, ומכש"כ בקבורת מתים, הכל היה תחת ידי
  חו"ר הספרדים הי"ו.
  ולמן היום אשר מנהלי כוללות האכשנזים הפרידו
  א"ע וקנו להם שדה לאחוזת קברות לבדם ואח"כ עשו להם גם מקולין בפני
  עצמם, ובקושי גדול ובמלחמת תנופה עלה בידם להוכיח כי גם האשכנזים זרע ישראל הם
  ושחיטתם מותרת לישמעאלים, מובן, כי מאותו היום ואילך לא נתוספה אהבה בלב הספרדים
  אל האשכנזים, ובהזדמן איזה מקום או דבר שיראו לטוב להם להבזות את האשכנזים לא
  מנעו את עצמם, כי עברתם על כסף ההכנסות שהלך מאתם שמורה נצח.  ויהי כראותם את פני הפחה כי אינו להם
  כתמול שלשום וכי נהפך לבו מאוהב לאויב ומבקש רעת כל היהודים, (כנראה) אמרו לבחור
  ברע במיעוטו, ויחבלו תחבולות להפקיע את עצמם מכלל שנאת הפחה ולגול אותם על ראש
  האשכנזים לבדם, ופתאום בצבץ ענין חדש אשר לא נשמע מעולם.  הנה בתשלומי כסף הגוגולת הנקרא יאמרו,
  כי הוא שבשתא כיון דעל על, וכמה מרואי פניו אמרו לנו, תדעו, כי הפחה חורש רק רע
  עליכם, ואחרית ישוב האשכנזים באה"ק – אם הפחה יאריך ימיו פה על משמרתו – מי
  ישורנה.  ובין כה וכה, אין לך יום
  ששולח הפחה שלוחים למצוא את אלה אשר מקרוב באו, למהר לשלחם מן הארץ.  בואו ונחזיק טוב לאותו הדבר,
  אשר ...[h4]  או חרש או עור, כי
  הדבר ההוא מרקד בין עיניהם ובין אצבעות ידיהם של שלוחי הפחה, וב"ה, כי עוד
  לא תמנו.  ...[h5]  איש אחד, אבל מה
  שיהיה מחר לא נדע! – מכל הדברים האלה ודומיהם, הגלוים ושאינם גלויים, ניכר
  ונראה, כי גם עצת הספרדים באמצע, לגול שנאת הפחה מעליהם על ראש האשכנזים לבדם,
  וזה פריה, כי השנאה שנשרשה בלב הפחה גמלה וניצניה נראו בכל פרט ופרט, וענפיה
  ארזי אל נוקבות ויורדות בכל מעשה שעשו ועושים מבני האשכנזים להגדיל ישוב
  הארץ.  ושנאתו עושה את שלה להרוס
  ולנתוש, ומלבד שלא השיב ידו מבלע, עוד ידו נטויה, ולבו מלא מחשבות עמל ואון
  לקעקע וכו' ח"ו.  והשנאה שהוא
  מדבר בכל עת ובכל שעה באזני כל רואי פניו ושומעי דבריו רב ועצום כחם להשירש
  השנאה בלב כל השרים ועם הארץ, ועל מי? על האשכנזים! והאשכנזים אין להם לא חכם
  באשי מאושר מהממשלה, ואפס עצור ועזוב. 
  – וגם זו מן ההוכחות כי יד הספרדים באמצע, כי גם החכם באשי
  בקאנסטאנטינאפאל הר"ם הלוי הי"ו, כשכתבנו אליו מכתב בחתימת ידי רבני
  הספרדים והאשכנזים יחד, וגם הרה"ג הר"ש סאלאנט נ"י חתום עליו,
  אודות סגירת שערי א"י, והוא השיב מכתב ארוך, שבאה העתקתו במ"ע החבצלת,
  מלבד כי לא הזכיר בתשובתו את שם הרה"ג רש"ס, נ"י, כי עוד גם
  בפירוש דבר במכתבו בזה"ל: " כי אלה האשכנזים היו
  בעוכרינו", והדברים האלה אינם שלו, כי נתונים המה לו וממקום קדוש יהלכו,
  וגם בעמדו לפני שרי הממשלה לא בקש כ"א בעד ילידי ארצות תורגמא, והאיסור על
  בני רוסיא ורומעניא בתקפו נשאר, וגם אחד מחו"ר הספרדים דפה שאל את אחד
  מחו"ר האשכנזים בבואו לפניו שנית זה לא כביר בבקשה לכתוב מכתב אודות החדשים
  שיש בהם אנשים זקנים ונכבדים, לאמר: "אנחנו – טוב איפא – נכתוב ונבקש
  להעביר את רוע הגזרה, אבל במה נמנע את ריבוי האשכנזים מארצנו?" וכו'
  וכו'.  ועל טע"ג שכתב דרב דפה
  על ככה להר"מ הלוי לא בא כל מענה. 
  היוצא לנו מכל הדברים האלה, כי כל העמלים ברעיון ישוב האה"ק עליהם
  לשלוח לקאנסטאנטינאפאפל איש אחד מורם מעם, היודע לדבר בלדון הקודש ושפת צרפת,
  למען ידע לדבר עם החכם באשי בלה"ק, ושלא יצטרך למתורגמן, וידע לדבר עם שרי
  הממשלה, והאיש ההוא לא יצא משם עד אשר יאיר עיני החכם באשי ועיני שרי הממשלה, כי
  אך שוא יחשדו את האשכנזים הנמצאים בירשלים או הבאים שעריה לעבוד עבודה בשדה
  להביא טרף לביתם, שהם עם רמאים ורמאות יפרידו וכדומה מהחטאים והפשעים שהפחה מושל
  ירושלים דובר עליהם יום יום באזניהם.
  קצרתי במקום שראוי להאריך.  וככה הנני אומר בקצרה, מתוך ידיעה
  ברורה הגלויה לפני, בשביל שאני, העוסק בבנינים ובמכירות וקניות קרקעות, עומד בכל
  עת בשערי המשפט, ואני הוא שהייתי בין שלוחי האשכנזים ובאזני דיבר כל דבריו
  הנ"ל ואני הוא שהשבתיו כי לא כן הדבר ושאלתיו מה עול נמצא בהאשכנזים
  שבירושלים מיום שתו על כסאו פה וכו' וכו' וגם אנכי מצד משמרתי בכולל, הנני עמל
  בכל עת בהדברים הסותרים את רוע הגזרות – והרבה דברים יש שניתנו להאמר בע"פ
  ואינם רשים להאמר בכתב.  –
  וע"כ, אם את הדבר הזה, לשלוח ציר אמונים לקאנסט', ולא ברעש כי אם כל מה
  שיוכלו להסתיר הדבר יסתירו, תעשו, – אז תלכו בעזה"י לבטח דרככם דרך הקודש,
  והארץ נשמה תעבד, וכל זמן שאינם עושים הדבר הזה, דעו, כי כל מה שאתם מרבים
  בשלהבת ...[h6]  תרבה ותפרוץ שלהבת
  השנאה בלב הפחה והשרים ועם הארץ. 
  ופתח-תקוה עומדת עי"ז ח"ו על פי פחת, כי הפחה לטש עיניו [אליה
  שלא] לטוב, כ"א להרוס ח"ו, ועמה יתר הקולוניות, ומי יודע אחרית ישוב
  האשכנזים פה, באין להם שוטר מושל וקצין אשר לו יד ושם בשערי ...[h7]  והאורב יושב לו
  ממולו, מקרב אחיו.  יבואו נא
  הדברים האלה בלבבכם, ותקבלוהו ממי שאמרו בידיעה עמוקה ובלב נשבר.
   
  (מתוך כתבים לתולדות חיבת-ציון וישוב ארץ-ישראל, ערוך על-ידי א. דרויאנוב,
  חלק ראשון, תרע"ט, מס' 143, טורים 323-318.)
  [h8] 
  אל מכתבו של יוסף ריבלין צורף מכתב מאת
  י"מ פינס (מובא שם, טור 3232) וזה לשונו: [h9] 
   
  כבוד
  ידידי הרב וכ"ו כמהורד"ג
  נ"י
  מו"ל המגיד.
   
  עיניו לנוכח יביטו דברי סופר הכוללות
  הר"י ריבלין נ"י אשר כתב בחום לבו דברים כנים ונאמנים, כי אמנם קטב
  האנטיסימיטיזם הולך ומתקרב אל העיר ההיא לשחתה וסכנתו עצומה מאד, כי התחפש בבגדי
  ת"ח לאמר לא על היהודים חמתי כ"א על האשכנזים (בשם ההוא יכנו התורקים
  את היהודים מכוללות האשכנזים), ומי יודע אם לא יעלה בידו חלילה לשים פדות בין
  אחים ולאמור כי כל חוקי הממשלה לטובת היהודים לא נאמרו אלא על הספרדים.  סוף דבר הבו עצה להסיר אך המכול הזה
  מדרך הישוב, ולתכלית זה על כל חובבי ציון לבא בעצה אחת לשלוח מתוככם איש אחד
  היודע למצוא דרך בהנתיבות הסבוכים אשר בחללה של הרשות  * * * [חסר במקור].
  והנה אך למותר להזהירך שנית לבלי תפרסם הדברים
  האלה במכתבך העת, כי עלולים הם להזיק, אבל עצתי היא כי מכל הדברים אשר שמעת
  תוציא תמציתם ותדפיסם בתור מכתב חוזר (צירקוליאר) לשלחו אך לאנשים אשר יש כח
  בידם לעשות דבר מה בענין הזה, אך לא לשום איש העומד מחוץ לחוג הפועל.  ואם הוקם דבר אחדות חבורות חובבי ציון
  למרכז אחד עפ"י הפראגראממע של ה' שפ"ר אז אין לך לעשות דבר כ"א
  למסור המכתבים האלה לידי הועד המרכזי. 
  וידעו כי לא יהיו ידים לפעולתם עד אם עשותם אשר יעצנום זה * * * [חסר
  במקור].
                                                                                                   והנני
  ידידו דו"ש
                                                                                                                     יחיאל
  מיכל פינס.
  
   
  
 








 













 [h1]בהערת שוליים נכתב שהמילה לא קריאה, ואולי צ"ל משמרת.









 [h2]בהערת שולים כתוב: אולי צ"ל ואם אינו









 [h3]בהערת שולים כתוב: מילה חסרה, אולי צ"ל התירו.









 [h4]מילה חסרה.









 [h5]מילה חסרה.









 [h6]מילה חסרה.









 [h7]מילה חסרה.









 [h8]העתקתי, למרות שנראה לי שלא שייך למקור, מכיון שלמכתב אין חתימה.









 [h9]גם הערה זו נראית לא שייכת למקור.

 










</body>
   </text>
</TEI>
