<?xml version='1.0' encoding='UTF-8'?>
<TEI xmlns="http://www.tei-c.org/ns/1.0">
   <teiHeader>
      <fileDesc>
         <titleStmt>
            <title>אהבה ואחוה</title>
            <author>מרדכי צבי מאנה</author>
            <respStmt>
               <name>Mandel Scholion Hebrew Revival Research Group</name>
               <resp>Formatting of content from the Ben-Yehuda Project to TEI-XML according to the TEI P5 Guidelines.
                  Addition of dates, not present in the online version, by Shira Wigderson, Asaf Isser, Adi Cohen, Nitzan Cohen, and Adi Cohen.
               </resp>
            </respStmt>
         </titleStmt>
         <publicationStmt>
            <authority>Project Ben-Yehuda</authority>
            <idno>http://benyehuda.org/maneh/041.html</idno>
         </publicationStmt>
         <sourceDesc xml:lang="Hebrew">
            <bibl>
               <date when="1883" notBefore="1883-01-01" notAfter="1883-12-31"/>
            </bibl>
            <p>The Ben-Yehuda Project (http://benyehuda.org/). Content provided within the Ben-Yehuda Hackathon at the University of Haifa (THATCamp Haifa, February 2014).</p>
         </sourceDesc>
      </fileDesc>
      <revisionDesc>
         <change>
            <date>2017-08-09</date>
            <name>Jerusalem corpus of Emergent Modern Hebrew (JEMH) staff</name>
            <note>Created the initial version of the content in TEI-XML and added dates (some based on estimation)</note>
         </change>
      </revisionDesc>
   </teiHeader>
   <text>
      <body>







אהבה ואחוה / מרדכי צבי מאנה



 




  
  


אהבה ואחוה /
מרדכי צבי מאנה

 

אם גם עיר
נויארק מעיני נסתרה, 

גם אותך, אח
יקר, לא עוד אראך; 

אך רעיון
רוחי כחץ למטרה, 

יעוף לרגעים
למקום מושבך. 

אז אותך,
מחמדי נכחי אביטה, 

אז קולך
הנעים עדי יגיע, 

ומדברותיך
לבי ירנינו; 

אז דמעת
ששון על עיני תופיע, 

ועליצות רוחי
לא רבים יבינו! 

רק אתה, אח
יקר תרגיש שמחתי, 

רק אתה תתור
כל חדרי לבתי, 

כי לבך
כלבבי אהבה ידע, 

וכנפשי
נפשך אך אהבה נמלאה. 

לכן רק אתך,
אחי אשתעשע, 

רק אתך
אשכח כל עמל ותלאה; 

רק אתך לי
תבל תיף שבעתים 

רק אתך פה
אמצא ענג שמים. 

פה עלי ארץ,
בין תהפוכותיה, 

אדע את האהבה
עם תענוגיה, 

האח עת אהבה
על אחוה נוסדת 

כי מי
השמים נצח עומדת. 

  

* 

דמי נא,
נפשי, אל עוד תתאונני. 

על מקרי
החיים עת בך יפגעו; 

לא עוד ישמע
על פי "אמלל אני", 

אף כי תאות
לבי עוד לא נמלאו, 

אף כי תקותי
שולל תוליכני, 

ובים החיים
עוד תועה הנני; 

עוד גלי זעם
עלי יתמרמרו, 

עוד משכנות
מבטחים מני נסתרו, 

עוד שפק
ותלונה בי יתרוצצו, 

–  שפק ותלונה הרעים הרעים –

הם כל
רגשותי הטהורים ימחצו 

ולפחד הפכו חלומי
הנעים. 

לא! לא! לא
אתאונן, תבל, עליך 

נעמת לי,
יקרת לי, יקרת כחיים! 

הן ככבי זהר
אראה על שמיך, 

אלימו, אלימו
אשא עינים 

ככבי אור
אלה על דרכי יאירו, 

ולנגהם קדימה
ארוץ שמח; 

הם שפק ופחד
מני יסירו, 

ובכל בתי
נפשי ארגיש רב כח; 

ככבי אור
אלה על דרכי יאירו. 

רפאות וישועה
הם ישלחו ללבבי, 

ושמם בקדש
שפתותי יזכירו, 

הם: אתה אחי,
גם אמי, גם אבי! –

  

אדר ראשון,
תרמ"ג.





 






</body>
   </text>
</TEI>
