<?xml version='1.0' encoding='UTF-8'?>
<TEI xmlns="http://www.tei-c.org/ns/1.0">
   <teiHeader>
      <fileDesc>
         <titleStmt>
            <title>על מות</title>
            <author>מרדכי צבי מאנה</author>
            <respStmt>
               <name>Mandel Scholion Hebrew Revival Research Group</name>
               <resp>Formatting of content from the Ben-Yehuda Project to TEI-XML according to the TEI P5 Guidelines.
                  Addition of dates, not present in the online version, by Shira Wigderson, Asaf Isser, Adi Cohen, Nitzan Cohen, and Adi Cohen.
               </resp>
            </respStmt>
         </titleStmt>
         <publicationStmt>
            <authority>Project Ben-Yehuda</authority>
            <idno>http://benyehuda.org/maneh/021.html</idno>
         </publicationStmt>
         <sourceDesc xml:lang="Hebrew">
            <bibl>
               <date when="1880" notBefore="1880-01-01" notAfter="1880-12-31"/>
            </bibl>
            <p>The Ben-Yehuda Project (http://benyehuda.org/). Content provided within the Ben-Yehuda Hackathon at the University of Haifa (THATCamp Haifa, February 2014).</p>
         </sourceDesc>
      </fileDesc>
      <revisionDesc>
         <change>
            <date>2017-08-09</date>
            <name>Jerusalem corpus of Emergent Modern Hebrew (JEMH) staff</name>
            <note>Created the initial version of the content in TEI-XML and added dates (some based on estimation)</note>
         </change>
      </revisionDesc>
   </teiHeader>
   <text>
      <body>







על מות / מרדכי צבי מאנה



 




  
  


על מות / מרדכי
צבי מאנה

מלכנו החסיד אלכסנדר השני. תנצב"ה

 

מי יתן לי עת, מתלאות מנוח, 

לארבות מי מבול מי יהפך עיני 

מי יתן לי אמץ גו בן מנוח 

קינות ירמיהו מי ישים בלשוני 

  

וסביבי מי יאסף כל יושבי תבל, 

כי יבכו יילילו אתי ביגוני, 

או אז קראתי אל נהי ואבל, 

לספוד מר על-מות אלכסנדר השני 

 

  סוף החרף,
תרמ"א. 





 






</body>
   </text>
</TEI>
