<?xml version='1.0' encoding='UTF-8'?>
<TEI xmlns="http://www.tei-c.org/ns/1.0">
   <teiHeader>
      <fileDesc>
         <titleStmt>
            <title>השארת הנפש</title>
            <author>יהודה ליב גורדון</author>
            <respStmt>
               <name>Mandel Scholion Hebrew Revival Research Group</name>
               <resp>Formatting of content from the Ben-Yehuda Project to TEI-XML according to the TEI P5 Guidelines.
                  Addition of dates, not present in the online version, by Shira Wigderson, Asaf Isser, Adi Cohen, Nitzan Cohen, and Adi Cohen.
               </resp>
            </respStmt>
         </titleStmt>
         <publicationStmt>
            <authority>Project Ben-Yehuda</authority>
            <idno>http://benyehuda.org/yalag/yalag_037.html</idno>
         </publicationStmt>
         <sourceDesc xml:lang="Hebrew">
            <bibl>
               <date when="1883" notBefore="1883-01-01" notAfter="1883-12-31"/>
            </bibl>
            <p>The Ben-Yehuda Project (http://benyehuda.org/). Content provided within the Ben-Yehuda Hackathon at the University of Haifa (THATCamp Haifa, February 2014).</p>
         </sourceDesc>
      </fileDesc>
      <revisionDesc>
         <change>
            <date>2017-08-09</date>
            <name>Jerusalem corpus of Emergent Modern Hebrew (JEMH) staff</name>
            <note>Created the initial version of the content in TEI-XML and added dates (some based on estimation)</note>
         </change>
      </revisionDesc>
   </teiHeader>
   <text>
      <body>







השארת הנפש / י"ל גורדון








השארת הנפש

(כ"א כסליו תרמ"ג)

אלה דברי המשורר האחרנים:

 

חמשים ושתים
שנה לי תמלאנה

וכבר אחוש כי
הזקנה עלי קפצת;

כחי ייבש, לחי
ינוס, עיני תכהינה,

ועננה כעופרת
על רוחי רבצת.

 

מי את, העננה,
אם לא צל כנפי המות?!

הנן משיקות,
הנהו קרב לגשת...

הרקב בעצמי
– מרוחו הנשבת;

הנהו כונן חציו
ומשך הקשת.

 

קש נדף קשתך!
חרבך המתהפכת

לא תפיל עלי
אימתה, לא תפחידני;

נכון אנכי, מר
מותי, נכון ללכת

אם היום או אחרי
מתי עוד תועידני.

 

חקי השלמתי;
כתבתי מעלות הרוח

ואשפך את נפשי
לפני אחי בספר,

ומה מני יהלך
אם גם יומי יפוח,

אם יכת בית-חמרי
ויהי עפר ואפר?!

 

יכת-נא בית-חמרי,
ירקב ויהי לרפש –

אני בצרור עלים
אלה את נפשי צרתי,

(וצרור העלים
כצרור החיים לנפש!)

ומכליון ונשיה
אותה שמרתי.

 

כלה עורי ובשרי,
מר מות, כלני,

הדקני לעפר,
רקעני לצמח

(אתה היוצר ואני
החמר הנני!) –

את נפשי הנשארה
מספרי לא תמח.

 

רבים לחמים לי
ישישו כי אמצא קבר

וינדוני גם אז
ובקברי ידו אבן,

ותהי זאת נחמתי
כי ימצא גבר

ירא נפשי השפוכה
פה והגיגי יבן.

 

יבין הגיגי, יצרהו
אף יפעלנו

ובשר יעל ועור
יקרם על הרוח,

ולעמי כי יצא
אז שמץ טוב ממנו

אשכב ארקב לבטח
ובקברי אנוח.

 

 

 





 






</body>
   </text>
</TEI>
