<?xml version='1.0' encoding='UTF-8'?>
<TEI xmlns="http://www.tei-c.org/ns/1.0">
   <teiHeader>
      <fileDesc>
         <titleStmt>
            <title>עם עולם</title>
            <author>מרדכי צבי מאנה</author>
            <respStmt>
               <name>Mandel Scholion Hebrew Revival Research Group</name>
               <resp>Formatting of content from the Ben-Yehuda Project to TEI-XML according to the TEI P5 Guidelines.
                  Addition of dates, not present in the online version, by Shira Wigderson, Asaf Isser, Adi Cohen, Nitzan Cohen, and Adi Cohen.
               </resp>
            </respStmt>
         </titleStmt>
         <publicationStmt>
            <authority>Project Ben-Yehuda</authority>
            <idno>http://benyehuda.org/maneh/024.html</idno>
         </publicationStmt>
         <sourceDesc xml:lang="Hebrew">
            <bibl>
               <date when="1882" notBefore="1882-01-01" notAfter="1882-12-31"/>
            </bibl>
            <p>The Ben-Yehuda Project (http://benyehuda.org/). Content provided within the Ben-Yehuda Hackathon at the University of Haifa (THATCamp Haifa, February 2014).</p>
         </sourceDesc>
      </fileDesc>
      <revisionDesc>
         <change>
            <date>2017-08-09</date>
            <name>Jerusalem corpus of Emergent Modern Hebrew (JEMH) staff</name>
            <note>Created the initial version of the content in TEI-XML and added dates (some based on estimation)</note>
         </change>
      </revisionDesc>
   </teiHeader>
   <text>
      <body>







עם עולם / מרדכי צבי מאנה



 




  
  


עם-עולם / מרדכי צבי
מאנה

 

1. 

מה נשמע לרגעים,

קול מכל אפסים: 

"כי אבל נבל עמנו? 

עצמתנו פסה, 

כל רוח נמסה – 

אין עוד חיים בלבבנו?" 

  

2. 

הוי, שונאינו הסו! 

הסיר איבה נסו, 

אז תפקחנה עיניכם; 

אז תראו, תבינו, 

תשכילו, תאמינו, 

כי נעלים אנו עליכם. 

  

3. 

לא יירא כל רצח, 

לא יבול לנצח 

עם מוציא רב אנשי רוח: 

הכהנים, הלוים, 

ומשוררים ונביאים, 

חורתי אמרי, אל על לוח. 

  

4. 

הם כשני המאורות, 

עד קץ כל הדורות, 

יאירו אל יושבי חלד; 

כי רמו, נפלאו, 

לכן לא יגועו, 

ובם יהגה שב גם ילד. 

  

5. 

גם שרי הצבאות 

ככפירים, כאריות, 

בנו תמיד לא חסרו. 

ברק ויהושע, 

שמשון הפצוע, 

(אף כי את עיניו נקרו). 

  

6. 

גם דוד אתמו 

עולה על כלמו, 

הוא גבור ומשורר יחד, 

לו כנור משחקים, 

לו חצים כברקים, 

לא חת, לא ידע כל פחד. 

  

7. 

גם אחרי נפלנו, 

עת חרבן ארצנו, 

עת כל מחמדינו שממו 

עוד גבורים קמו, 

אויבינו הממו, 

גבורים מספר עצמו! 

  

8. 

הן החשמונאים. 

הרעישו שמים. 

גם ארץ רגזה תחתימו 

עת חרבם הבריקה 

אז שחקה, הדקה, 

בעפר רבבות צרימו. 

  

9. 

כן עד עולם סלה, 

לבנו כסלע, 

אדירים נחנו כלנו! 

רום, בבל חלפו, 

פרס, מדי ספו, 

ובכל זאת עוד חיים אנו! 

  

10. 

ובגלי החיים, 

מתחת שמים, 

עוד רב ממלכות ימחו; 

רק עם הרבה בכי, 

רק הוא נצח יחי, 

ומאוריו נצח יזרחו! 

  

בימי האביב, אייר,
תרמ"ב. פ"ב.





 






</body>
   </text>
</TEI>
