<?xml version='1.0' encoding='UTF-8'?>
<TEI xmlns="http://www.tei-c.org/ns/1.0">
   <teiHeader>
      <fileDesc>
         <titleStmt>
            <title>אל הקורא</title>
            <author>יהודה ליב גורדון</author>
            <respStmt>
               <name>Mandel Scholion Hebrew Revival Research Group</name>
               <resp>Formatting of content from the Ben-Yehuda Project to TEI-XML according to the TEI P5 Guidelines.
                  Addition of dates, not present in the online version, by Shira Wigderson, Asaf Isser, Adi Cohen, Nitzan Cohen, and Adi Cohen.
               </resp>
            </respStmt>
         </titleStmt>
         <publicationStmt>
            <authority>Project Ben-Yehuda</authority>
            <idno>http://benyehuda.org/yalag/Ylg277.html</idno>
         </publicationStmt>
         <sourceDesc xml:lang="Hebrew">
            <bibl>
               <date when="1883" notBefore="1883-01-01" notAfter="1883-12-31"/>
            </bibl>
            <p>The Ben-Yehuda Project (http://benyehuda.org/). Content provided within the Ben-Yehuda Hackathon at the University of Haifa (THATCamp Haifa, February 2014).</p>
         </sourceDesc>
      </fileDesc>
      <revisionDesc>
         <change>
            <date>2017-08-09</date>
            <name>Jerusalem corpus of Emergent Modern Hebrew (JEMH) staff</name>
            <note>Created the initial version of the content in TEI-XML and added dates (some based on estimation)</note>
         </change>
      </revisionDesc>
   </teiHeader>
   <text>
      <body>






אל הקורא / יהודה ליב גורדון








אל הקורא

(כתוב על מחברת "מגדנות"
השלוחה למנה לקורא מה"ע "המליץ" בשנת תרמ"ג).

 

מי שבכל
השנה השח דאגתך,

נדך ספר
ותלאותיך מנה,

הוא לימי
הפורים על ראש שמחתך

מגדנות אלה
שולח לך מנה.

קחם ובטח! כי
לדמי חתימתך

לא תוסיף מאום –
כי בכלל מאתים מנה.

    (דורש טוב עמו
לפ"ק).







 






</body>
   </text>
</TEI>
