<?xml version='1.0' encoding='UTF-8'?>
<TEI xmlns="http://www.tei-c.org/ns/1.0">
   <teiHeader>
      <fileDesc>
         <titleStmt>
            <title>לפנות ערב</title>
            <author>מרדכי צבי מאנה</author>
            <respStmt>
               <name>Mandel Scholion Hebrew Revival Research Group</name>
               <resp>Formatting of content from the Ben-Yehuda Project to TEI-XML according to the TEI P5 Guidelines.
                  Addition of dates, not present in the online version, by Shira Wigderson, Asaf Isser, Adi Cohen, Nitzan Cohen, and Adi Cohen.
               </resp>
            </respStmt>
         </titleStmt>
         <publicationStmt>
            <authority>Project Ben-Yehuda</authority>
            <idno>http://benyehuda.org/maneh/031.html</idno>
         </publicationStmt>
         <sourceDesc xml:lang="Hebrew">
            <bibl>
               <date when="1882" notBefore="1882-01-01" notAfter="1882-12-31"/>
            </bibl>
            <p>The Ben-Yehuda Project (http://benyehuda.org/). Content provided within the Ben-Yehuda Hackathon at the University of Haifa (THATCamp Haifa, February 2014).</p>
         </sourceDesc>
      </fileDesc>
      <revisionDesc>
         <change>
            <date>2017-08-09</date>
            <name>Jerusalem corpus of Emergent Modern Hebrew (JEMH) staff</name>
            <note>Created the initial version of the content in TEI-XML and added dates (some based on estimation)</note>
         </change>
      </revisionDesc>
   </teiHeader>
   <text>
      <body>







לפנות ערב / מרדכי צבי מאנה



 




  
  


לפנות-ערב /
מרדכי צבי מאנה

 

 

בין הנוי
עבים קו שמש זורח 

מקצוי ים
אלי אורו שולח, 

עוד רגע – נגהו
יהפך לאמש; 

לבי לקראתי
התעורר מתנומה 

הקיץ לתחיה
טרם ירד דומה, 

טרם יכבה
כשביבי השמש. 

  

אט אט קרני
אור יאספו בערפל, 

צללי ערבים
עטו רום גם שפל, 

עוד רגע – יפרוש
הלילה צלמות; 

לבי עוד ידפוק,
עוד יסוב בי דמי, 

אך צללי שחת
יחשיכו עולמי 

עוד רגע – כליל
תאכלני עצבת! 

  

אב, תרמ"ב. 





 






</body>
   </text>
</TEI>
