<?xml version='1.0' encoding='UTF-8'?>
<TEI xmlns="http://www.tei-c.org/ns/1.0">
   <teiHeader>
      <fileDesc>
         <titleStmt>
            <title>זכרון ליום ד' של חוה"מ פסח, תרמ"ה</title>
            <author>מרדכי צבי מאנה</author>
            <respStmt>
               <name>Mandel Scholion Hebrew Revival Research Group</name>
               <resp>Formatting of content from the Ben-Yehuda Project to TEI-XML according to the TEI P5 Guidelines.
                  Addition of dates, not present in the online version, by Shira Wigderson, Asaf Isser, Adi Cohen, Nitzan Cohen, and Adi Cohen.
               </resp>
            </respStmt>
         </titleStmt>
         <publicationStmt>
            <authority>Project Ben-Yehuda</authority>
            <idno>http://benyehuda.org/maneh/d_pesach.html</idno>
         </publicationStmt>
         <sourceDesc xml:lang="Hebrew">
            <bibl>
               <date when="1885" notBefore="1885-01-01" notAfter="1885-12-31"/>
            </bibl>
            <p>The Ben-Yehuda Project (http://benyehuda.org/). Content provided within the Ben-Yehuda Hackathon at the University of Haifa (THATCamp Haifa, February 2014).</p>
         </sourceDesc>
      </fileDesc>
      <revisionDesc>
         <change>
            <date>2017-08-09</date>
            <name>Jerusalem corpus of Emergent Modern Hebrew (JEMH) staff</name>
            <note>Created the initial version of the content in TEI-XML and added dates (some based on estimation)</note>
         </change>
      </revisionDesc>
   </teiHeader>
   <text>
      <body>







זכרון ליום ד' של חוה"מ פסח, תרמ"ה / מרדכי צבי מאנה



 




  
  


זכרון ליום ד'
של חוה"מ פסח, תרמ"ה / מרדכי צבי מאנה

 

שוא עלצתי,
שוא שוררתי,

                  עוד
לא בא האביב;

עוד תגחנה,
עוד תסערנה

                  רוחות
סביב, סביב.

 

עוד ממזרים
תבא קרה,

                  סופה
מן החדר,

עוד גם שלג
ילבין ארץ,

                  ישמיד
חיש כל הדר.

 

מה נואלת
רמש חלש,

                  מה
גם את הנמלה!

מה עזבתם
משכן חרף,

                  סתר
חגוי סלע?

 

עתה כבה זהר
שמש,

                  עבים
על רקיע;

שובו תחת
מעבה ארץ,

                  עד
אביב יופיע.

 

גם אנכי אשב
ביתה,

                  לא
אצא לשוח;

עד יום אורה,
אנא אלי,

                  אמץ
בי הרוח!

 

יום ד' דחוה"מ
פסח, תרמ"ה. ראדושקאוויץ.

 





 






</body>
   </text>
</TEI>
