<?xml version='1.0' encoding='UTF-8'?>
<TEI xmlns="http://www.tei-c.org/ns/1.0">
   <teiHeader>
      <fileDesc>
         <titleStmt>
            <title>אין זאת, כי רבת צררתונו</title>
            <author>חיים נחמן ביאליק</author>
            <respStmt>
               <name>Mandel Scholion Hebrew Revival Research Group</name>
               <resp>Formatting of content from the Ben-Yehuda Project to TEI-XML according to the TEI P5 Guidelines.
                  Addition of dates, not present in the online version, by Shira Wigderson, Asaf Isser, Adi Cohen, Nitzan Cohen, and Adi Cohen.
               </resp>
            </respStmt>
         </titleStmt>
         <publicationStmt>
            <authority>Project Ben-Yehuda</authority>
            <idno>http://benyehuda.org/bialik/bia034.html</idno>
         </publicationStmt>
         <sourceDesc xml:lang="Hebrew">
            <bibl>
               <date when="1889" notBefore="1889-01-01" notAfter="1889-12-31"/>
            </bibl>
            <p>The Ben-Yehuda Project (http://benyehuda.org/). Content provided within the Ben-Yehuda Hackathon at the University of Haifa (THATCamp Haifa, February 2014).</p>
         </sourceDesc>
      </fileDesc>
      <revisionDesc>
         <change>
            <date>2017-08-09</date>
            <name>Jerusalem corpus of Emergent Modern Hebrew (JEMH) staff</name>
            <note>Created the initial version of the content in TEI-XML and added dates (some based on estimation)</note>
         </change>
      </revisionDesc>
   </teiHeader>
   <text>
      <body>







אין זאת, כי רבת צררתונו / חיים נחמן ביאליק












אין זאת, כי
רבת צררתונו

משירי בר-כוכבא

 

 

אין זאת, כי
רבת צררתונו,

אם לחיתו טרף
הפכתונו,

ובאכזריות
חמה

את-דמכם
נשת לא-נרחמה,

אם-נעור
כל-הגוי ויקם

ויאמר: נקם!

 

במצרי שאול,
במצוקות שחת,

זו הכינותם
לנפשנו,

גדלתם חיה
רעה אחת,

ותחיו אותה
בדמנו.

זמן רב
בסוגר דם נאנקה,

וחרון אין
אונים רתח דמה,

אך-עתה
מעצמת כאב נהקה –

ואוי לכם
בקום הנקמה!

 

אתם ברכב
ובפרשים,

אתם בסוסים
ובשנהבים;

אתנו מתי
מעט נואשים –

אך בנים המה
למכבים!

צבאנו – קנאת
עם קוממה,

ובשנאת
שאול לקרב נהגה,

וברק חרבנו
לטשה חמה,

ותקדש
אתכם ליום הרגה.

 

הכוס מלאה!
וזרענו

אשר אמרתם:
"פרקנוה!"

נאדרה שנית
בחרוננו,

אזרתנו עז –
ולאדני התשועה!

 

תרנ"ט,
ל"ג בעמר.





  


</body>
   </text>
</TEI>
