<?xml version='1.0' encoding='UTF-8'?>
<TEI xmlns="http://www.tei-c.org/ns/1.0">
   <teiHeader>
      <fileDesc>
         <titleStmt>
            <title>משאת נפשי</title>
            <author>מרדכי צבי מאנה</author>
            <respStmt>
               <name>Mandel Scholion Hebrew Revival Research Group</name>
               <resp>Formatting of content from the Ben-Yehuda Project to TEI-XML according to the TEI P5 Guidelines.
                  Addition of dates, not present in the online version, by Shira Wigderson, Asaf Isser, Adi Cohen, Nitzan Cohen, and Adi Cohen.
               </resp>
            </respStmt>
         </titleStmt>
         <publicationStmt>
            <authority>Project Ben-Yehuda</authority>
            <idno>http://benyehuda.org/maneh/064.html</idno>
         </publicationStmt>
         <sourceDesc xml:lang="Hebrew">
            <bibl>
               <date when="1886" notBefore="1886-01-01" notAfter="1886-12-31"/>
            </bibl>
            <p>The Ben-Yehuda Project (http://benyehuda.org/). Content provided within the Ben-Yehuda Hackathon at the University of Haifa (THATCamp Haifa, February 2014).</p>
         </sourceDesc>
      </fileDesc>
      <revisionDesc>
         <change>
            <date>2017-08-09</date>
            <name>Jerusalem corpus of Emergent Modern Hebrew (JEMH) staff</name>
            <note>Created the initial version of the content in TEI-XML and added dates (some based on estimation)</note>
         </change>
      </revisionDesc>
   </teiHeader>
   <text>
      <body>







משאת נפשי / מרדכי צבי מאנה








משאת
נפשי / מרדכי צבי מאנה

 

שמש אביב נטה ימה

עד לקצות שמים;

זיו חכלילי הוצק שמה,

תאוה לעינים.

 

סביב תשלט שלות השקט,

עלה בל יתעורר;

על ראש גבנון בדד, דומם,

יושב לו המשורר.

 

מה נעמת, תר האביב!

הודך מי ישמיע?

תקות אנוש כי תבאנה,

יום אל יום יביע.

 

רוח נואש ישוב יחי

יחשב רב-מחשבות;

ישכח מרך, רפיון גוו,

ישאף אך נשגבות.

 

  *  * 
*  *  *

 

סביב תשלט שלות השקט

הס, קול משק כנף!

רוח צח על פני עבר,

ינע גם כל ענף.

 

היא החסידה חשרת אבר,

זכת גו כסלת;

שם במחוגה הלאה, מעלה,

תחצה ים התכלת!

 

הה, מי יתן כנפי יונה

לי, גם לי תולעה!

או כאדם לו רק חפשי

אשב או אצאה.

 

אז אעופה, אסע קדמה,

שם שר מת הלוי;

שם על שדמות בר ופרי

חיש יחשך כאבי.

 

איך, איך, אדמת קדש

רוחי לך הומיה;

אויר ארצך חיי נפש,

מרפא גם לגויה.

 

אויר ארצך חיי נפש,

יעיר בי הגיון;

מחזות נעם, מחזות קדש,

אראה בחזיון:

 

שמש מזהיר האיר ארץ,

יבריק טל ערבים;

שיר האכר בריא, רענן,

נשמע מאפסים.

 

קול החליל משפת נחל,

רועה ישק העדר;

קול שיר נעים, שירת עלמה,

שם בפנים החדר.

 

עלי שדמות בר ופרי

אעבוד גם אנכי;

אעבוד, אשיר, אשאף רוח,

אולי ישוב כחי.

 

אשכח עצבי, תוגת נפשי,

על תקותי כלו;

ימים טובים, חיי שקט,

נגדי עוד יצהלו.

 

איך, איך, אדמת קדש

רוחי לך הומיה?!

לו גם את גם אני יחדו,

נשוב עוד לתחיה! —

 

בחדש
האביב, תרמ"ו (1886), ראדושקאוויץ.

 





 






</body>
   </text>
</TEI>
