<?xml version='1.0' encoding='UTF-8'?>
<TEI xmlns="http://www.tei-c.org/ns/1.0">
   <teiHeader>
      <fileDesc>
         <titleStmt>
            <title>לכבוד איש עברי, הנקרא י"ה סבר"י</title>
            <author>יהודה ליב גורדון</author>
            <respStmt>
               <name>Mandel Scholion Hebrew Revival Research Group</name>
               <resp>Formatting of content from the Ben-Yehuda Project to TEI-XML according to the TEI P5 Guidelines.
                  Addition of dates, not present in the online version, by Shira Wigderson, Asaf Isser, Adi Cohen, Nitzan Cohen, and Adi Cohen.
               </resp>
            </respStmt>
         </titleStmt>
         <publicationStmt>
            <authority>Project Ben-Yehuda</authority>
            <idno>http://benyehuda.org/yalag/Ylg278.html</idno>
         </publicationStmt>
         <sourceDesc xml:lang="Hebrew">
            <bibl>
               <date when="1884" notBefore="1884-01-01" notAfter="1884-12-31"/>
            </bibl>
            <p>The Ben-Yehuda Project (http://benyehuda.org/). Content provided within the Ben-Yehuda Hackathon at the University of Haifa (THATCamp Haifa, February 2014).</p>
         </sourceDesc>
      </fileDesc>
      <revisionDesc>
         <change>
            <date>2017-08-09</date>
            <name>Jerusalem corpus of Emergent Modern Hebrew (JEMH) staff</name>
            <note>Created the initial version of the content in TEI-XML and added dates (some based on estimation)</note>
         </change>
      </revisionDesc>
   </teiHeader>
   <text>
      <body>






לכבוד איש עברי, הנקרא י"ה סבר"י / יהודה ליב גורדון








לכבוד איש עברי,
הנקרא י"ה סבר"י, 

רעי אהובי, עד שובי אל קברי

הוא

ידידי היודע
ומוקיר שפת עבר,
האוהב על

שירי יהודה
להתענג, באהבת
ימי עלומים

נפשי קשורה
בנפשו, סירקין (של
זהב)[1]

 

זה עשרים
ושבע שנה לנו

מעת בברית
אהבה באנו:

אז נער הייתי

וקדים
רדפתי,

בשפת עבר
הגיתי

ולהיות
משורר נכספתי

עתה זקנתי
ושבתי 

ומטעותי לא
שבתי;

חתום בצרור
זה פשעי

כל עון וכל
חטא

שחטאתי
בטפשות העט,

ולפניך אותו
בהגישי 

חטאת נעורי
תזכר

ותזכר את
נעורינו,

והיית נאמן
בבריתנו

ובאלוף
נעוריך לא תשקר.

 

   בעיר
הבירה,

   כ"ט
לספירה

בשנת: "כל ימי
חיי אשירה"

חוץ מיו"ד צעירה.

 

תרמ"ד.





 











[1]  קדושין ל"א.








</body>
   </text>
</TEI>
