<?xml version='1.0' encoding='UTF-8'?>
<TEI xmlns="http://www.tei-c.org/ns/1.0">
   <teiHeader>
      <fileDesc>
         <titleStmt>
            <title>ציון במשפט תפדה</title>
            <author>יוסף ריבלין</author>
            <respStmt>
               <name>Mandel Scholion Hebrew Revival Research Group</name>
               <resp>Formatting of content from the Ben-Yehuda Project to TEI-XML according to the TEI P5 Guidelines.
                  Addition of dates, not present in the online version, by Shira Wigderson, Asaf Isser, Adi Cohen, Nitzan Cohen, and Adi Cohen.
               </resp>
            </respStmt>
         </titleStmt>
         <publicationStmt>
            <authority>Project Ben-Yehuda</authority>
            <idno>http://benyehuda.org/rivlin/zion_bemishpat.html</idno>
         </publicationStmt>
         <sourceDesc xml:lang="Hebrew">
            <bibl>
               <date when="1884" notBefore="1884-01-01" notAfter="1884-12-31"/>
            </bibl>
            <p>The Ben-Yehuda Project (http://benyehuda.org/). Content provided within the Ben-Yehuda Hackathon at the University of Haifa (THATCamp Haifa, February 2014).</p>
         </sourceDesc>
      </fileDesc>
      <revisionDesc>
         <change>
            <date>2017-08-09</date>
            <name>Jerusalem corpus of Emergent Modern Hebrew (JEMH) staff</name>
            <note>Created the initial version of the content in TEI-XML and added dates (some based on estimation)</note>
         </change>
      </revisionDesc>
   </teiHeader>
   <text>
      <body>







ציון במשפט תפדה / יוסף ריבלין



 




  
  


ציון במשפט תפדה

יוסף ריבלין



 




 
  
  ב"ה. 
  ירושלם ער"ח אלול התרמ"ד.
  כשהראה הקב"ה לאדם הראשון בין דור ודור
  וסופריו ודור ודור וחכמיו ושופטיו על דורנו זה, לית מאן דפליג כי הראהו את
  החכמים יודעי העתים הם המו"לים וסופריהם וחכמיהם.  כי באמת מי המה שופטי תבל בצדק ולאומים
  במישרים אם לא מעריכי מכה"ע, אשר עיניהם משוטטות בכל הארץ, וכל באי עולם
  יעברון לפני כס משפטם כבני מרון, משוא פנים אין לפניהם והכל במשפט והכל בצדקה,
  עד אשר יאמר היום: אשרי הדור שיש לו שופטים כאלה שגם משה ואהרן לא זכו בדורם
  למצוא: יראי אלהים, אנשי אמת, שונאי בצע. 
  ולא מצאו כי אם אנשי חיל לבדם.
  חרפה לא נשאו שופטי הצדק, כותבי העתים, גם על
  חמדת חיי רוחם – ציון בית חיינו, ואם אךכנגע נראה להם בקירותיה, וגם אם לא נראה
  למראה עיניהם, ורק למשמע אזניהם, וגם מפי עבד או שפחה, עדותם נאמנה להם מאד, אף
  לגבי אהובת נפשם שכל מעינם בה ולא יכסו על עונה, ומבלי הרבית חקירה ודרישה דנו
  דינה לחיוב, ואין טוענין לבוגדת וחוטאת כזו, והכרוז יוצא מלפניהם: חטא חטאה
  ירושלים, והיא לוקה בבית דין.
  העלובה הנרשמת בחטא שלא ידעה דורשת מאת
  שופטיה: "אם יש לכם עדים כי עשיתי זאת, כי יש עול בכפי, שבו לכסא שופטי צדק
  ודרשו משפט, והוו מתונים בדין" – אך הם, אשר לפניהם חנף לא יבא יגערו בה
  ויכלימוה לאמר: סורי טמאת השם, בושי והכלמי! אכן להשתוממות הנפש הישרה היא יצאה
  מבית דינם חייבת וכל הצטדקותה וכל התנצלותה וכי דברי צדיקים לא הועילו.  כי גם אם לכלל מעשה לא באה, מידי הרהור
  לא יצאה, ותאמר ציון: בנוהג שבעולם כי יהיה ריב בין אנשים ונגשו אל המשפט
  ושפטום, אחד יוצא זכאי ואחד יוצא חייב, והקריב החייב את משפטו לפני בית דין אחר
  מרום מראשון.  וישראל בזמן שהיו
  שרויים על אדמתם ושופטים ושוטרים היו להם בכל שעריהם, ג' בתי דינים היו יושבים
  בירושלם, אחד על פתח הר הבית ואחד על פתח העזרה ואחד בלשכת הגזית, והיה כי יפלא
  מבתי דינים שבעיירות דבר למשפט, וקמו ועלו אל המקום, עד שבאו לאותו ב"ד
  שבלשכת הגזית אשר תורת אמת היתה בפיהו.
  הנאשמת הבת ירושלם, תובעת את שופטיה ומגידי
  פשעיה למשפט גבוה שבלשכת הגזית, כי שמה ישבו כסאות למשפט המעשים בעצמם! הדברים כהווייתם והענינים
  כמו שהם, בגופם בקומתם ובציונם. 
  המה יהיו שופטינו ומה יוכיחו בין ירושלם ובין מחייביה; כי זכר כל המעשים
  בבואם יחד הם יגידו לירושלם צדקתה ולבניה ישרם, ואז יסכרו פיות כל הדוברים עליה
  עתק, הם יוכיחו יבררו וילבנו אף ישמיעו עד כמה צדקה עדת ה' יושבת ציון, מנהיגיה
  בהנהגתם, מחלקי החלוקה בסדרי חלוקתם, וכל בניה בקבלת החלוקה מכאב לב ושבר רוח
  ובפנים מלאים בושה וכלימה, ועד כמה גדול רצונם לעבודה אשר ממנה לחמם ימצא, ועד
  כמה עמלו יושביה בהרחבת היישוב 
  בבנין בתים ובהתיסדות חברות לעבודת האדמה, ועד כמה עמלו גדוליה להעביר את
  רוע הגזרה 1 והשתמשו בכמה דברים
  המעבירים אותה ורבות הועילו, ועד כמה עמלו בקבלת פני אורחיה אשר רובם הגדול
  השחירו פנינו במעשיהם ובמעלליהם לעיני העמים, והם היו בעוכרינו, עד שגם בימי
  השבת נצטוו הסירסים לשמור מצעדי באי העיר מדרך רחוקה, באמרם, לבשתנו, כי אותם
  האורחים בני ישראל צריכים שמירה לבל יבואו גם ביום השבת.  – כל המון המעשים האלה ודומיהם, אשר
  הגדילו יושבי ירושלם לעשות לחיזוק הישוב ולהגדיל כבוד ישראל בארצנו ולהרחיב מצבם
  ומעמדם, יעמדו ויעידו והם יהיו העדים. 
  והם הדיינים ודייני צדק הם, שהכל יכולים לסמוך עליהם.  ובין כה וכה אתם חייבים לסתור את הדין,
  עד יצא כנוגה צדקה.
  אלה הדברים אשר תדבר עדת ה' יושבת ציון על ידי
  אחד מבניה, אשר ביום טו"ב אלול ימלאו ארבעים שנה ליום בואו ירושלימה, והוא
  לא מראשיה ולא מרבניה, לא ממקבלי חלוקה ולא ממחלקיה, לא מאוהביה של החלוקה ולא
  מרודפיה, כי אם אחד מהעמלים בכל כחם בהרחבת ישוב הארץ ואשר בחלה נפשו לשמוע כל
  היום חרפת עה"ק על לא חמס בכפה, והמוצא את עצמו חייב לנסות כחו לגול אשמות
  חנם מעדתו, והמקוה כי דברים היוצאים מלב טהור יכנסו אל אזן שומעיהם.
  המליץ,
  י"ח באלול תרמ"ד.
  [הערת עורך המליץ.] נאמנו וגם נעימים לנו דברי
  מלמד בזכות עיר קדשנו, אשר לשמה ולזכרה תאות כל נפש עברי אמתי; אך הן לא על
  הקריה המהוללה יצאו הסופרים לערער, רק על הקנאים שבה ועל האשה המושלת בכיפה [היא
  "הרבנית מבריסק", אשת הרב יהושע ליב דיסקין] ועל אי הסדרים והעלמת החשבון
  מעין הכלל ועל הכסף המחולק לפועלים בטלים שיש בכחם לעבוד עבודה והבטלה מביאתם
  לידי שעמום.  וע"ד הכסף הנקבץ
  לא לירושלים לבד אך ביותר לצפת נדבר בקרוב.
  
   
  
 




 





 

 











1  המכוון בודאי לאיסור על העליה, שהוטל על-ידי
ממשלת תורכיה בשנים 1882–1883.  על
השתדלותם של ראשי הישוב לביטול הגזירה ראה י. קלוזנר, בהתעורר עם (העליה הראשונה
מרוסיה), תשכ"ב, עמ' 341.








</body>
   </text>
</TEI>
