<?xml version='1.0' encoding='UTF-8'?>
<TEI xmlns="http://www.tei-c.org/ns/1.0">
   <teiHeader>
      <fileDesc>
         <titleStmt>
            <title>ברכת רע</title>
            <author>מרדכי צבי מאנה</author>
            <respStmt>
               <name>Mandel Scholion Hebrew Revival Research Group</name>
               <resp>Formatting of content from the Ben-Yehuda Project to TEI-XML according to the TEI P5 Guidelines.
                  Addition of dates, not present in the online version, by Shira Wigderson, Asaf Isser, Adi Cohen, Nitzan Cohen, and Adi Cohen.
               </resp>
            </respStmt>
         </titleStmt>
         <publicationStmt>
            <authority>Project Ben-Yehuda</authority>
            <idno>http://benyehuda.org/maneh/042.html</idno>
         </publicationStmt>
         <sourceDesc xml:lang="Hebrew">
            <bibl>
               <date when="1883" notBefore="1883-01-01" notAfter="1883-12-31"/>
            </bibl>
            <p>The Ben-Yehuda Project (http://benyehuda.org/). Content provided within the Ben-Yehuda Hackathon at the University of Haifa (THATCamp Haifa, February 2014).</p>
         </sourceDesc>
      </fileDesc>
      <revisionDesc>
         <change>
            <date>2017-08-09</date>
            <name>Jerusalem corpus of Emergent Modern Hebrew (JEMH) staff</name>
            <note>Created the initial version of the content in TEI-XML and added dates (some based on estimation)</note>
         </change>
      </revisionDesc>
   </teiHeader>
   <text>
      <body>







ברכת רע / מרדכי צבי מאנה



 




  
  


ברכת רע / מרדכי
צבי מאנה

(לידידי ה' ארי' ליב שיינהויז הי"ו)

 

בין רעי
וידידי מכבר אצרתי

אות, יקירי,
מקרוב הכרתי,

            ובטהר
נפש לבי שבית;

נפש עדינה
אוהבת כל יפי,

תמה היא גם
צחה מבלי כל דפי,

            ובהגיון
רוח על רבים עלית.

–––

וברגשות
אלה לי אהבה תביע,

גם קסם
מדבר עדי הגיע,

            כתוב
על ספר, חרות עלי לוח;

מה ערבו מלי
ומה נמלצו!

מאז רגשי
אהבה בי יתרוצצו,

            אף
מלאו בי בתי נפש ורוח.

–––

מאז עד הנה
ל לבי הקדשתי,

– אף  כי זה כביר דוממתי,
החרשתי –

            כי
בברית אהבת הן אכבדה;

עתה רגשי
לבי לא עוד אסתירה,

ולברכ עתה
כנורי אעירה,

            טרם
חיש מהר מני תפרדה.

–––

א פתאם
כנורי נאלם דומיה.

כי לבי בי
סוער, רוחי הומיה, –

            רק
ברכות אלף ל יהגו כליותי!

כי ברכת
שדי על דרכ תופיע,

גם שלם, צלח
למקומ תגיע, –

            אז
קול ישיב הד אל קול רגשותי!...

 

אדר א', תרמ"ג.
פ"ב.





 






</body>
   </text>
</TEI>
