<?xml version='1.0' encoding='UTF-8'?>
<TEI xmlns="http://www.tei-c.org/ns/1.0">
   <teiHeader>
      <fileDesc>
         <titleStmt>
            <title>אל חכם הרזים בכל מיני חרוזים</title>
            <author>רחל מורפורגו</author>
            <respStmt>
               <name>Mandel Scholion Hebrew Revival Research Group</name>
               <resp>Formatting of content from the Ben-Yehuda Project to TEI-XML according to the TEI P5 Guidelines.
                  Addition of dates, not present in the online version, by Shira Wigderson, Asaf Isser, Adi Cohen, Nitzan Cohen, and Adi Cohen.
               </resp>
            </respStmt>
         </titleStmt>
         <publicationStmt>
            <authority>Project Ben-Yehuda</authority>
            <idno>http://benyehuda.org/morpurgo/morp10.html</idno>
         </publicationStmt>
         <sourceDesc xml:lang="Hebrew">
            <bibl>
               <date when="1850" notBefore="1850-01-01" notAfter="1850-12-31"/>
            </bibl>
            <p>The Ben-Yehuda Project (http://benyehuda.org/). Content provided within the Ben-Yehuda Hackathon at the University of Haifa (THATCamp Haifa, February 2014).</p>
         </sourceDesc>
      </fileDesc>
      <revisionDesc>
         <change>
            <date>2017-08-09</date>
            <name>Jerusalem corpus of Emergent Modern Hebrew (JEMH) staff</name>
            <note>Created the initial version of the content in TEI-XML and added dates (some based on estimation)</note>
         </change>
      </revisionDesc>
   </teiHeader>
   <text>
      <body>







אל חכם הרזים בכל מיני חרוזים / רחל מורפורגו











אל חכם הרזים בכל
מיני חרוזים חסיד ונבון דבר הוא כמ"ר אלכסנדר הלוי מיאראסלאוו ראיתי תפלתך
בככבי יצחק, מכותלי ביתך נכרת חסידותך. ועתה אשיבך מלין על דבר השיר אשר קבלתי על
יד בן דודי שד"ל מפאדובה. כי הוא משבח ואומר כי עלה באשי ותעל צחנתי כי
הגדלתי לעשות. ואני ידעתי כי לא ידעתי. 
ובבלי דעת מלין אכביר. ל"ב למ"ט מונים ית"ר שאת.

 

על  מה אדני-רם הרבה צוחות

אדות זמירי
אמר בלשון צחות

בין ככבי
יצחק את קני מצא

כנפי רננים
חסידה ונצה

 

אם כצל עובר
רוח השיר עבר

על כנפיו
נשא אבק אשר צבר,

על בגדי נחה
רק לא נשאר דבר,

נמשלו חיי
אל גוף אשר נקבר.

 

ערום ובלי
מכסה[1]
לצאת אחשה

כמתים חפשי
מכל מצות עשה

כל-עוד נפשי
בי אזכר תורת משה.

 

אמנם המון
שירי הם ככלי נעור

ונשא המון
רוחא והוו כעור

ולך האדרא רבא
לבלי שעור!

 

הנקלה שבבריות רמה

ה'תר"י, 1850













[1] חלוקה דרבנן.








</body>
   </text>
</TEI>
