<?xml version='1.0' encoding='UTF-8'?>
<TEI xmlns="http://www.tei-c.org/ns/1.0">
   <teiHeader>
      <fileDesc>
         <titleStmt>
            <title>שני העירים</title>
            <author>יהודה ליב גורדון</author>
            <respStmt>
               <name>Mandel Scholion Hebrew Revival Research Group</name>
               <resp>Formatting of content from the Ben-Yehuda Project to TEI-XML according to the TEI P5 Guidelines.
                  Addition of dates, not present in the online version, by Shira Wigderson, Asaf Isser, Adi Cohen, Nitzan Cohen, and Adi Cohen.
               </resp>
            </respStmt>
         </titleStmt>
         <publicationStmt>
            <authority>Project Ben-Yehuda</authority>
            <idno>http://benyehuda.org/yalag/ylg182.html</idno>
         </publicationStmt>
         <sourceDesc xml:lang="Hebrew">
            <bibl>
               <date when="1859" notBefore="1859-01-01" notAfter="1859-12-31"/>
            </bibl>
            <p>The Ben-Yehuda Project (http://benyehuda.org/). Content provided within the Ben-Yehuda Hackathon at the University of Haifa (THATCamp Haifa, February 2014).</p>
         </sourceDesc>
      </fileDesc>
      <revisionDesc>
         <change>
            <date>2017-08-09</date>
            <name>Jerusalem corpus of Emergent Modern Hebrew (JEMH) staff</name>
            <note>Created the initial version of the content in TEI-XML and added dates (some based on estimation)</note>
         </change>
      </revisionDesc>
   </teiHeader>
   <text>
      <body>







שני העירים / יהודה ליב גורדון



 




  
  


שני העירים /
יהודה ליב גורדון

 

שני עירים יחד

בדרך ארחו.

על כתפות האחד

אמתחות בר הנחו

ונטילי כסף נשא
משנהו,

ובמשאו זה רמו
עיניהו,

וברגל גאוה
צעד וילך

כסוס שירכב
עליו המלך:

ופתאם שודדים
בצהרים

נפלו על הנוסעים
השנים.

נגעי אדם אלה
יארבו כחתף

לא למצא מזון,
לא אכל לילדימו

כי לצבר כעפר
כסף

ולמלאת זהב בתימו

על כן העיר נטשו

הנשא מזון ולחם,

אך את רעהו תפשו

הנשא כסף על
שכם.

וישתער עליהם
העיר

לציל את הון אדונהו;

ויאחזו את רסנהו

וכהקיר מימיה
ביר

כן הקרה עליו
מהלמה;

ובתוך המבוסה
ומהומה

ראה את רעו שוקט
בוטח,

ויצא לבו ויאנח:

הנה שלאנן רעי,
ומדוע

מכה אני ולשמצה
פרוע?

אז פתח רעו את
פיו ויעננו:

"אל לחמור,
אחי! אל לחמור רום עינים

ולבן-אתון אי
לכת בגדלות מנו;

לו בחרת כמוני
עבדה שאננה

לשאת אמתחות
בר בית הרחים,

כי אז למכים
גפתך לא נתנה

ולמרטים
הלחיים.

 





 






</body>
   </text>
</TEI>
