<?xml version='1.0' encoding='UTF-8'?>
<TEI xmlns="http://www.tei-c.org/ns/1.0">
   <teiHeader>
      <fileDesc>
         <titleStmt>
            <title>לשמחת תקופת השנים</title>
            <author>רחל מורפורגו</author>
            <respStmt>
               <name>Mandel Scholion Hebrew Revival Research Group</name>
               <resp>Formatting of content from the Ben-Yehuda Project to TEI-XML according to the TEI P5 Guidelines.
                  Addition of dates, not present in the online version, by Shira Wigderson, Asaf Isser, Adi Cohen, Nitzan Cohen, and Adi Cohen.
               </resp>
            </respStmt>
         </titleStmt>
         <publicationStmt>
            <authority>Project Ben-Yehuda</authority>
            <idno>http://benyehuda.org/morpurgo/morp14.html</idno>
         </publicationStmt>
         <sourceDesc xml:lang="Hebrew">
            <bibl>
               <date when="1851" notBefore="1851-01-01" notAfter="1851-12-31"/>
            </bibl>
            <p>The Ben-Yehuda Project (http://benyehuda.org/). Content provided within the Ben-Yehuda Hackathon at the University of Haifa (THATCamp Haifa, February 2014).</p>
         </sourceDesc>
      </fileDesc>
      <revisionDesc>
         <change>
            <date>2017-08-09</date>
            <name>Jerusalem corpus of Emergent Modern Hebrew (JEMH) staff</name>
            <note>Created the initial version of the content in TEI-XML and added dates (some based on estimation)</note>
         </change>
      </revisionDesc>
   </teiHeader>
   <text>
      <body>







לשמחת תקופת השנים / רחל מורפורגו











לשמחת תקופת השנים
יום הלדת הגביר ר"ם ונשא מורה הוראות בישראל רבי מאיר ראנדגגער
יצ"ו לעד יחיה, והראה לי פירוש ההגדה שהוציאה לאור בתו היקרה ואשמח בשמחת
תורה.

 

הלא ישיש
נכבד ישיש

בהראותו
חכמת בתו

הנה יפה זכה
ברה

וחן חן לה
שמחת ביתו.

 

יום זה בחיר
שמשו יאיר

כי בו נולד
רבי מאיר

ולא יפל ולא
יוטל

כי אמרתו
תזל כטל.

 

ומזרעו
ומגזעו

יציץ יפרח
כמו אזרח

ובם ישמח
כל-הימים.

 

ישיש נכבד
אשר עבד

לילות ימים צור
עולמים

לעד כחול
ירבה ימים!

 

הצעירה מן הצאן כשבה מורפורגו.

הת'רי"א, 1851








</body>
   </text>
</TEI>
