<?xml version='1.0' encoding='UTF-8'?>
<TEI xmlns="http://www.tei-c.org/ns/1.0">
   <teiHeader>
      <fileDesc>
         <titleStmt>
            <title>השועל והזאב</title>
            <author>יהודה ליב גורדון</author>
            <respStmt>
               <name>Mandel Scholion Hebrew Revival Research Group</name>
               <resp>Formatting of content from the Ben-Yehuda Project to TEI-XML according to the TEI P5 Guidelines.
                  Addition of dates, not present in the online version, by Shira Wigderson, Asaf Isser, Adi Cohen, Nitzan Cohen, and Adi Cohen.
               </resp>
            </respStmt>
         </titleStmt>
         <publicationStmt>
            <authority>Project Ben-Yehuda</authority>
            <idno>http://benyehuda.org/yalag/ylg178.html</idno>
         </publicationStmt>
         <sourceDesc xml:lang="Hebrew">
            <bibl>
               <date when="1859" notBefore="1859-01-01" notAfter="1859-12-31"/>
            </bibl>
            <p>The Ben-Yehuda Project (http://benyehuda.org/). Content provided within the Ben-Yehuda Hackathon at the University of Haifa (THATCamp Haifa, February 2014).</p>
         </sourceDesc>
      </fileDesc>
      <revisionDesc>
         <change>
            <date>2017-08-09</date>
            <name>Jerusalem corpus of Emergent Modern Hebrew (JEMH) staff</name>
            <note>Created the initial version of the content in TEI-XML and added dates (some based on estimation)</note>
         </change>
      </revisionDesc>
   </teiHeader>
   <text>
      <body>







השועל והזאב / יהודה ליב גורדון



 




  
  


השועל והזאב
/ יהודה ליב גורדון

 

מדוע זה תחת
ירח

אין איש במנת
חלקו שמח?

באשר יש לו
תבחל נפשהו

בעבור התאות
את אשר לרעהו!          

כן קנא שועל
בזאב פעם אחת.

בתשמת-ידו לא
מצא עוד נחת

ובלחם הקלקל
נפשו קצה;

בבשר צפור ובשר
אפרח

לא מצאה עוד ריח
ניחח

ובשר צאן וכבשים
לאכל חפצה.

על כן אמר לזאב:
אחי ורע!

הן כי דל חלקי
גם אתה יודע,

אני אבוא כגנב
במחתרת

לחתוף בעמל
רב לי עוף כזרת,

אתה כגבור
נאדר בכח

תקח לך מבחר
הצאן לקח,

הורני אפוא חית
ידך

ובישר לבב תמיד
אודך".

טוב! ענה הזאב
­­– הן בזה הליל

מת אחד מאחי
(זכרו לברכה!)

בוא אפוא עמדי
והיה לבן חיל,

אלבישך עורו
ואלמד אותכה

איככה

תחתף מהעדר
שה עז ואיל.

וילבש השועל
עליו עורהו,

ויצר בלבבו
תורת מורהו;

כמעט כלה ללמוד
תורתו

וירא והנה עדר
לקראתו.

וירץ המתחפש
בחמת רוח

ויזרה אימה ורתת
אל כל רוח.

העדר נפץ כי
אחזו פחד,

הרעים, הכלבים
ברחו גם יחד,

ולשלל לשודד
כבשה נשארה,

לנוס על נפשה
כח לא עצרה

ובכף השועל
באה ותתפש,

אך פתאם שמע
קול שכוי מנגד

וימהר ויתן
לכשבה חפש,

התפשט עור הזאב,
השליך הבגד,

וירץ לשכוי
ורצחו נפש.

 

על יד הלמוד
שבע

חזקה יד הטבע.

 





 






</body>
   </text>
</TEI>
