<?xml version='1.0' encoding='UTF-8'?>
<TEI xmlns="http://www.tei-c.org/ns/1.0">
   <teiHeader>
      <fileDesc>
         <titleStmt>
            <title>צבי מדח</title>
            <author>יהודה ליב גורדון</author>
            <respStmt>
               <name>Mandel Scholion Hebrew Revival Research Group</name>
               <resp>Formatting of content from the Ben-Yehuda Project to TEI-XML according to the TEI P5 Guidelines.
                  Addition of dates, not present in the online version, by Shira Wigderson, Asaf Isser, Adi Cohen, Nitzan Cohen, and Adi Cohen.
               </resp>
            </respStmt>
         </titleStmt>
         <publicationStmt>
            <authority>Project Ben-Yehuda</authority>
            <idno>http://benyehuda.org/yalag/yalag_152.html</idno>
         </publicationStmt>
         <sourceDesc xml:lang="Hebrew">
            <bibl>
               <date when="1859" notBefore="1859-01-01" notAfter="1859-12-31"/>
            </bibl>
            <p>The Ben-Yehuda Project (http://benyehuda.org/). Content provided within the Ben-Yehuda Hackathon at the University of Haifa (THATCamp Haifa, February 2014).</p>
         </sourceDesc>
      </fileDesc>
      <revisionDesc>
         <change>
            <date>2017-08-09</date>
            <name>Jerusalem corpus of Emergent Modern Hebrew (JEMH) staff</name>
            <note>Created the initial version of the content in TEI-XML and added dates (some based on estimation)</note>
         </change>
      </revisionDesc>
   </teiHeader>
   <text>
      <body>







צבי מדח / י"ל גורדון








צבי מדח

יהודה
ליב גורדון

 

בין צללי דליות
גפן אדרת

התחבא הצבי
מחץ הציד אויבהו

ומאחזת הכלבים
עקביו שומרת.

ויהי כי נמלט
וישקט לבהו

תחת תת תודה
וברכה עתרת

לגפן החביאתו
צל ידיה,

היתה אתו רוח
אחרת

וילחך פריה
ויגרס בדיה.

אך אל קול הטחנה
הרודפים שבו

וכדבשן הדברים
אותו סבבו

ובשרו חצו שם
במקום הרשע.

ובעת מותו, בראותו
כי אין ישע,

קרא: "צדיק
הוא האל! בעוני נפלתי,

יען את שלמי
טוב רעה גמלתי;

כל שכחי גמולות
אם רעה תבואתכם

אל נא תרגנו
– אנכי מופתכם!"

 

 





 

 






</body>
   </text>
</TEI>
