<?xml version='1.0' encoding='UTF-8'?>
<TEI xmlns="http://www.tei-c.org/ns/1.0">
   <teiHeader>
      <fileDesc>
         <titleStmt>
            <title>העלמה וצלמה</title>
            <author>יהודה ליב גורדון</author>
            <respStmt>
               <name>Mandel Scholion Hebrew Revival Research Group</name>
               <resp>Formatting of content from the Ben-Yehuda Project to TEI-XML according to the TEI P5 Guidelines.
                  Addition of dates, not present in the online version, by Shira Wigderson, Asaf Isser, Adi Cohen, Nitzan Cohen, and Adi Cohen.
               </resp>
            </respStmt>
         </titleStmt>
         <publicationStmt>
            <authority>Project Ben-Yehuda</authority>
            <idno>http://benyehuda.org/yalag/Ylg196.html</idno>
         </publicationStmt>
         <sourceDesc xml:lang="Hebrew">
            <bibl>
               <date when="1859" notBefore="1859-01-01" notAfter="1859-12-31"/>
            </bibl>
            <p>The Ben-Yehuda Project (http://benyehuda.org/). Content provided within the Ben-Yehuda Hackathon at the University of Haifa (THATCamp Haifa, February 2014).</p>
         </sourceDesc>
      </fileDesc>
      <revisionDesc>
         <change>
            <date>2017-08-09</date>
            <name>Jerusalem corpus of Emergent Modern Hebrew (JEMH) staff</name>
            <note>Created the initial version of the content in TEI-XML and added dates (some based on estimation)</note>
         </change>
      </revisionDesc>
   </teiHeader>
   <text>
      <body>







העלמה וצלמה / יהודה ליב גורדון



 




  
  


העלמה וצלמה
/ יהודה ליב גורדון

 

כמים
הפנים לפנים כן מליצה חידה לרעיון.

                                                  (אסף
ל"ז נ')

עלמה ככשית
משחת מראה

נשאה את נפשה
כי יפה הנה,

כי אין כמוה
בארץ ליפי;

ובכל הגליונים
שראו עיניה

חרה אפה ותתן
דפי,

ותאמר כי כלמו

יעשו ברמיה
פעלמו,

ולדאבון נפשה
ולמרת רוח

על כל אשר רגליה
דרכו

שם גליון גלוי
בספר פתוח

יראה לה פניה
משחור חשכו.

במעון ביתה כי
תנוח

קירתיו גליונים
ימלאו,

ופעם בחוץ כי
תצא לשוח

גם שם אל עיניה
יראו.

אל אחת החניות
כי תסור פעם

לקנות קשורים
ובתי-הנפש

גם שם לא תחן,
לא תדע חפש,

גם שם מראה
מוראה – הוי מראה זעם

בצדיה תכעיסנה
בעבור הרעימה.

גם כי תעזב ביתה
מימים ימימה

לבוא בית מרזח
למצא בית חבר,

אז מראת הנשים
הצבאת שמה

תורינה תמיד
כבאצבע
נעלמה

את חסרון יפיה כל מום בה ושבר.

ותבחל נפשה
בתשאות הקרת!

כי מה-ימריצה
תענוג וזהר

אם חבלה נמרץ,
אם רוחה נעכרת!

ותרא לה משכן
בדד כסהר

תוך פרדס נחמד
בין עצי תפארת

במקום אין אדם
ודממה שררת.

אך הה! גם שמה
לא מצאה מנוח!

כי אובל מים כבדלח
לטהר

על עפרת זהב בין
פרחי ניחח

בראי מוצק יזל,
יתנהל שפי,

וכגליון גלוי
גליו יתגלגלו,

בם ראתה האמללה
כי תחת יפי

רק נקפה, רק קרחה
בלחייה עלו;

שוא גם משמה
לברוח אמרה –

ברתקות קסם תחתיה
אסרה,

כבריח ארמון
סגר הגן עליה

ומבחר עמקיו
לא נטשו רגליה.

 

לעלמה הזאת נדמינו
גם אנו,

מכי סנורים כמוה
כלנו;

את געל תארנו

לא נוכל נבינה,

למגלה מחסורינו

לא נחפץ נאמינה
–

אך איהו הגן
אדמת הצבי,

אי אובל הבהיר
רב הפעלים

ירא פנינו ולבבנו
ישב שבי?

הוא ספר מוסר השכל
– ספר המשלים.

 





 






</body>
   </text>
</TEI>
