<?xml version='1.0' encoding='UTF-8'?>
<TEI xmlns="http://www.tei-c.org/ns/1.0">
   <teiHeader>
      <fileDesc>
         <titleStmt>
            <title>עב הענן</title>
            <author>יהודה ליב גורדון</author>
            <respStmt>
               <name>Mandel Scholion Hebrew Revival Research Group</name>
               <resp>Formatting of content from the Ben-Yehuda Project to TEI-XML according to the TEI P5 Guidelines.
                  Addition of dates, not present in the online version, by Shira Wigderson, Asaf Isser, Adi Cohen, Nitzan Cohen, and Adi Cohen.
               </resp>
            </respStmt>
         </titleStmt>
         <publicationStmt>
            <authority>Project Ben-Yehuda</authority>
            <idno>http://benyehuda.org/yalag/Ylg169.html</idno>
         </publicationStmt>
         <sourceDesc xml:lang="Hebrew">
            <bibl>
               <date when="1859" notBefore="1859-01-01" notAfter="1859-12-31"/>
            </bibl>
            <p>The Ben-Yehuda Project (http://benyehuda.org/). Content provided within the Ben-Yehuda Hackathon at the University of Haifa (THATCamp Haifa, February 2014).</p>
         </sourceDesc>
      </fileDesc>
      <revisionDesc>
         <change>
            <date>2017-08-09</date>
            <name>Jerusalem corpus of Emergent Modern Hebrew (JEMH) staff</name>
            <note>Created the initial version of the content in TEI-XML and added dates (some based on estimation)</note>
         </change>
      </revisionDesc>
   </teiHeader>
   <text>
      <body>






עב הענן








עב הענן

 

אם עשיר אתה
ובביתך כל חסן,

אז באשר
תפנה תמצא טוב עיר גשן,

משתה שמנים
ומרזח סרוח,

כל שלחן
ערוך, כל פתח פתוח;

לא כן אם דל
אתה, אם רק כיסך,

אז סגר כל
בית, נעול כל פתח,

גם משתה
שמרים, פסת בר או נתח

לא יתנו לך
לשבור רעבון ביתך.

 

על ארץ ציה
מחם נחרה

עננה הרת מים
עברה,

אך לא הריקה
עליה נטף;

ועלי הים
אוצרה שפכה

ותורד שמה
גשם ושטף.

„רעת הלב, מה ראית על ככה?!

– הוכיחה הר
העומד מנגד –

לו שם על
השדמה

הריקות את
מימיך,

כי אז
הצמחת דגן ומגד

ומרעב
הצלת אדם ובהמה,

ובים יש מים
רב בלעדיך!”

 





 






</body>
   </text>
</TEI>
