<?xml version='1.0' encoding='UTF-8'?>
<TEI xmlns="http://www.tei-c.org/ns/1.0">
   <teiHeader>
      <fileDesc>
         <titleStmt>
            <title>הארי הנוטה למות</title>
            <author>יהודה ליב גורדון</author>
            <respStmt>
               <name>Mandel Scholion Hebrew Revival Research Group</name>
               <resp>Formatting of content from the Ben-Yehuda Project to TEI-XML according to the TEI P5 Guidelines.
                  Addition of dates, not present in the online version, by Shira Wigderson, Asaf Isser, Adi Cohen, Nitzan Cohen, and Adi Cohen.
               </resp>
            </respStmt>
         </titleStmt>
         <publicationStmt>
            <authority>Project Ben-Yehuda</authority>
            <idno>http://benyehuda.org/yalag/Ylg112.html</idno>
         </publicationStmt>
         <sourceDesc xml:lang="Hebrew">
            <bibl>
               <date when="1859" notBefore="1859-01-01" notAfter="1859-12-31"/>
            </bibl>
            <p>The Ben-Yehuda Project (http://benyehuda.org/). Content provided within the Ben-Yehuda Hackathon at the University of Haifa (THATCamp Haifa, February 2014).</p>
         </sourceDesc>
      </fileDesc>
      <revisionDesc>
         <change>
            <date>2017-08-09</date>
            <name>Jerusalem corpus of Emergent Modern Hebrew (JEMH) staff</name>
            <note>Created the initial version of the content in TEI-XML and added dates (some based on estimation)</note>
         </change>
      </revisionDesc>
   </teiHeader>
   <text>
      <body>






הארי הנוטה למות / יהודה ליב גורדון








הארי הנוטה
למות

 

כי זקן
האריה פטיש היער

וינס כחו
וגבורתו נשתה,

ויבאוהו
חבלים איד וצער,

כי כל
עשקיו קשרו עליו עתה

ובחלשו
לקחו הם למו קרנים

למד חמתו אל
חיקו כפלים:

הסוס ימרט
לחיו בשמיר צפרן,

השור נגח
הוא ירים עליו קרן,

ובשן חדה
ולמודה לטרף טרף

ירעה הזאב
קדקדו ויקרקר ערף; 

ומחלל
ומדכא כדמשק ערש

ייליל האמלל
דומם, יהגה חרש.

וירא גם
החמור נגש המערתה:

רב לי – קרא
האבד בצרתה – 

אמותה הפעם
ארדה לשאולה,

ובידי החמור
רק אל נא אפלה.

 





 






</body>
   </text>
</TEI>
