<?xml version='1.0' encoding='UTF-8'?>
<TEI xmlns="http://www.tei-c.org/ns/1.0">
   <teiHeader>
      <fileDesc>
         <titleStmt>
            <title>הארנבת והשלו</title>
            <author>יהודה ליב גורדון</author>
            <respStmt>
               <name>Mandel Scholion Hebrew Revival Research Group</name>
               <resp>Formatting of content from the Ben-Yehuda Project to TEI-XML according to the TEI P5 Guidelines.
                  Addition of dates, not present in the online version, by Shira Wigderson, Asaf Isser, Adi Cohen, Nitzan Cohen, and Adi Cohen.
               </resp>
            </respStmt>
         </titleStmt>
         <publicationStmt>
            <authority>Project Ben-Yehuda</authority>
            <idno>http://benyehuda.org/yalag/yalag_159.html</idno>
         </publicationStmt>
         <sourceDesc xml:lang="Hebrew">
            <bibl>
               <date when="1859" notBefore="1859-01-01" notAfter="1859-12-31"/>
            </bibl>
            <p>The Ben-Yehuda Project (http://benyehuda.org/). Content provided within the Ben-Yehuda Hackathon at the University of Haifa (THATCamp Haifa, February 2014).</p>
         </sourceDesc>
      </fileDesc>
      <revisionDesc>
         <change>
            <date>2017-08-09</date>
            <name>Jerusalem corpus of Emergent Modern Hebrew (JEMH) staff</name>
            <note>Created the initial version of the content in TEI-XML and added dates (some based on estimation)</note>
         </change>
      </revisionDesc>
   </teiHeader>
   <text>
      <body>







הארנבת והשלו / יהודה ליב גורדון








הארנבת
והשלו / יהודה ליב גורדון

 

לעג לרש איש
חסר לב הנהו,

הן מחר גם
אותו אסון יקרהו.

בשדה-יער
גרה שליו עם ארנבת  

בטח בדד אין
מכלים דבר בארץ –

פתאם להקת
כלבים פרצה שם פרץ,

עמם צידים
חצים וכלי מות.

הארנבת ראתה
ותפחד פחד

ותנס החרשה
באה בעבים,

ותעלם מעיני
עדת הכלבים.

אולם ביניהם
היה כלב אחד,

זרזיר מתנים
מבעלי האפים!

לא למשמע
אזן יצוד ולמראה עינים,

כי אם יחטם
ולמרחוק יריח.

וירח
הזרזיר את הארנבת

משתרעת
שוכבת

במחלת עפר
תחת השיח

בין החיים
ובין המות,

וימצאו
ויתעללו בה אויביה

עד יצאה
נשמתה מרב מדויה.

ובכל צרת
נפש הארנבת

שוקטת
ושלוה השליו יושבת

ובלב אכזרי
בה מלעבת:

"קלת-הרגלים,
אים רגליך,

למה לא תנוסי
מפני אויביך?"

עוד היא לעגת
גם קצה הגיע!

כי בטחה
הפתיה בשתי הכנפים,

ותשכח כי
יש תחת הרקיע

גם פרס גם
נץ בעלי צפרנים.

 





 






</body>
   </text>
</TEI>
