<?xml version='1.0' encoding='UTF-8'?>
<TEI xmlns="http://www.tei-c.org/ns/1.0">
   <teiHeader>
      <fileDesc>
         <titleStmt>
            <title>הדב והאדם</title>
            <author>יהודה ליב גורדון</author>
            <respStmt>
               <name>Mandel Scholion Hebrew Revival Research Group</name>
               <resp>Formatting of content from the Ben-Yehuda Project to TEI-XML according to the TEI P5 Guidelines.
                  Addition of dates, not present in the online version, by Shira Wigderson, Asaf Isser, Adi Cohen, Nitzan Cohen, and Adi Cohen.
               </resp>
            </respStmt>
         </titleStmt>
         <publicationStmt>
            <authority>Project Ben-Yehuda</authority>
            <idno>http://benyehuda.org/yalag/ylg161.html</idno>
         </publicationStmt>
         <sourceDesc xml:lang="Hebrew">
            <bibl>
               <date when="1859" notBefore="1859-01-01" notAfter="1859-12-31"/>
            </bibl>
            <p>The Ben-Yehuda Project (http://benyehuda.org/). Content provided within the Ben-Yehuda Hackathon at the University of Haifa (THATCamp Haifa, February 2014).</p>
         </sourceDesc>
      </fileDesc>
      <revisionDesc>
         <change>
            <date>2017-08-09</date>
            <name>Jerusalem corpus of Emergent Modern Hebrew (JEMH) staff</name>
            <note>Created the initial version of the content in TEI-XML and added dates (some based on estimation)</note>
         </change>
      </revisionDesc>
   </teiHeader>
   <text>
      <body>







הדב והאדם / יהודה ליב גורדון








הדב והאדם / יהודה
ליב גורדון

 

עם סכל וחסר דע,

אחי, אל תתרועע!

אדם ודב באו בברית יחד.

על תכלית תבל התעצבו,

על כן המונה עזבו

וביער ישבו.

ושניהם ישבו בנקיק סלע אחד

וביד חרוצים שרתו איש רעהו:

האיש נטע עץ פרי ויקטף אבו,

הדב צד ציד ויבא אליהו,

ויתעדנו יחד כעשיר במסבו.

ויהי הקשר אמיץ, אהבתם נצחת,

עד שכבם גם לישון על מטה אחת.

ויהי היום אחרי אכלם לשבע

וישכב האיש את משכב הצהרים

והדב עומד אצלו לשמור עליהו,

וזבוב מועף בא ויעמד על גבה

מצח האדם השוכב סרוח:

ויעופף הדב כפו ויגרשהו.

אבל על אף הדב ולמרת רוח

שב הזבוב עוד פעם ופעמים

ויעמד על מצחו בין העינים.

ויתמרמר הדב על בעל הכנפים:

"העוד תתגר בי ? עוד הפצר ומרי?

חכה נא – אמר – רם זלות, עז מצח,

אף אני אלך עמך בחמת קרי !"

ויור אבן בזבוב וימיתהו –

אך אתו מחץ גם ראש עמיתהו

וכשכבו לא הוסיף לקום לנצח,

 

מידי חסר-לב אל תקח מתת

פן יבואך רע תחת טוב;

כי חסד הכסילים חטאת,

לו יאמרו המשלים: חסד הדב.

 





 






</body>
   </text>
</TEI>
