<?xml version='1.0' encoding='UTF-8'?>
<TEI xmlns="http://www.tei-c.org/ns/1.0">
   <teiHeader>
      <fileDesc>
         <titleStmt>
            <title>אחרית דבר</title>
            <author>מאיר הלוי לטריס</author>
            <respStmt>
               <name>Mandel Scholion Hebrew Revival Research Group</name>
               <resp>Formatting of content from the Ben-Yehuda Project to TEI-XML according to the TEI P5 Guidelines.
                  Addition of dates, not present in the online version, by Shira Wigderson, Asaf Isser, Adi Cohen, Nitzan Cohen, and Adi Cohen.
               </resp>
            </respStmt>
         </titleStmt>
         <publicationStmt>
            <authority>Project Ben-Yehuda</authority>
            <idno>http://benyehuda.org/letteris/ugav_063.html</idno>
         </publicationStmt>
         <sourceDesc xml:lang="Hebrew">
            <bibl>
               <date when="1859" notBefore="1859-01-01" notAfter="1859-12-31"/>
            </bibl>
            <p>The Ben-Yehuda Project (http://benyehuda.org/). Content provided within the Ben-Yehuda Hackathon at the University of Haifa (THATCamp Haifa, February 2014).</p>
         </sourceDesc>
      </fileDesc>
      <revisionDesc>
         <change>
            <date>2017-08-09</date>
            <name>Jerusalem corpus of Emergent Modern Hebrew (JEMH) staff</name>
            <note>Created the initial version of the content in TEI-XML and added dates (some based on estimation)</note>
         </change>
      </revisionDesc>
   </teiHeader>
   <text>
      <body>







אחרית דבר / מאיר הלוי לטריס








אחרית דבר

אל רעי ומידעי מרחוק ומקרוב!

 

מזמרת ארץ קדם מנחה הנפתי

פרחי עץ החיים קו לקו אספתי

להוביל שי לאחי בם נפשי נקשרת;

אם שונים בעתם זה מזה נפרדו[1]

פה לאגדה אחת יחד נצמדו

כאשכלות ענבים בגפן אדרת.

 

אם חילי לא ינוב, מאום לא חסרתי!

אל קרית מלך רב במקלי עברתי,

וכאזרח רענן פה נפשי שמתני;

כי בין חכמי לבב רעים מצאתי

עם נדיבי עמים בברית עולם באתי

ומשד תנחמיה חכמה רותני.

 

אם באתי בימים, עוד לא זקנתי!

עוד על משען חזק לא ימוט נשענתי:

שפת יה מטה-עז לי מקל תפארה!

גם כי כשל כחי, עז לי ברוח

עוד תרנה אשפתי, חצי שלוח,

לב מבין הצבתי לי למטרה!

 

אם בידידות נפשכם עוד אמצא נחת

אם אהבת חכמה עוד בלבי פרחת

כל צוררי תשיה לא לי יוכלו

כנורי זה אורי, ישעי ידוע,

מי זה יעז פניו באיבה לנגוע

חבלים אלה לי בנעימים נפלו?

 





 











[1]  שירי המחבר השונים בעניניהם הבאים בזה לא
בזמן אחד נולדו בנודע כי אם במשך שנים רבות.








</body>
   </text>
</TEI>
