<?xml version='1.0' encoding='UTF-8'?>
<TEI xmlns="http://www.tei-c.org/ns/1.0">
   <teiHeader>
      <fileDesc>
         <titleStmt>
            <title>עשת ברזל וחצצרה</title>
            <author>יהודה ליב גורדון</author>
            <respStmt>
               <name>Mandel Scholion Hebrew Revival Research Group</name>
               <resp>Formatting of content from the Ben-Yehuda Project to TEI-XML according to the TEI P5 Guidelines.
                  Addition of dates, not present in the online version, by Shira Wigderson, Asaf Isser, Adi Cohen, Nitzan Cohen, and Adi Cohen.
               </resp>
            </respStmt>
         </titleStmt>
         <publicationStmt>
            <authority>Project Ben-Yehuda</authority>
            <idno>http://benyehuda.org/yalag/Ylg124.html</idno>
         </publicationStmt>
         <sourceDesc xml:lang="Hebrew">
            <bibl>
               <date when="1859" notBefore="1859-01-01" notAfter="1859-12-31"/>
            </bibl>
            <p>The Ben-Yehuda Project (http://benyehuda.org/). Content provided within the Ben-Yehuda Hackathon at the University of Haifa (THATCamp Haifa, February 2014).</p>
         </sourceDesc>
      </fileDesc>
      <revisionDesc>
         <change>
            <date>2017-08-09</date>
            <name>Jerusalem corpus of Emergent Modern Hebrew (JEMH) staff</name>
            <note>Created the initial version of the content in TEI-XML and added dates (some based on estimation)</note>
         </change>
      </revisionDesc>
   </teiHeader>
   <text>
      <body>






עשת ברזל וחצצרה








עשת ברזל
וחצצרה

 

מחמר אחד

הן קרצנו יחד

– את פי העשת
החצצרה שאלה –

ומדוע כה
את מני נבדלה?

אני כמעט
רוח

צח בי יפוח

ובקול פחדים
חיש הנני צוללה; 

ואת לו
במטה אותך יחבטו,

לו גם
לפתותים את גוך יכתו,

לא תשמיעי
קול אך תדמי סלה.

 

זה פשר
הדבר לדעת תשאלי

– ענתה
העשת

לא ידעה בשת
–

יען כי רקה את לכן תצללי.

 





 






</body>
   </text>
</TEI>
