<?xml version='1.0' encoding='UTF-8'?>
<TEI xmlns="http://www.tei-c.org/ns/1.0">
   <teiHeader>
      <fileDesc>
         <titleStmt>
            <title>לכבוד היקר והנעלה</title>
            <author>רחל מורפורגו</author>
            <respStmt>
               <name>Mandel Scholion Hebrew Revival Research Group</name>
               <resp>Formatting of content from the Ben-Yehuda Project to TEI-XML according to the TEI P5 Guidelines.
                  Addition of dates, not present in the online version, by Shira Wigderson, Asaf Isser, Adi Cohen, Nitzan Cohen, and Adi Cohen.
               </resp>
            </respStmt>
         </titleStmt>
         <publicationStmt>
            <authority>Project Ben-Yehuda</authority>
            <idno>http://benyehuda.org/morpurgo/morp29.html</idno>
         </publicationStmt>
         <sourceDesc xml:lang="Hebrew">
            <bibl>
               <date when="1858" notBefore="1858-01-01" notAfter="1858-12-31"/>
            </bibl>
            <p>The Ben-Yehuda Project (http://benyehuda.org/). Content provided within the Ben-Yehuda Hackathon at the University of Haifa (THATCamp Haifa, February 2014).</p>
         </sourceDesc>
      </fileDesc>
      <revisionDesc>
         <change>
            <date>2017-08-09</date>
            <name>Jerusalem corpus of Emergent Modern Hebrew (JEMH) staff</name>
            <note>Created the initial version of the content in TEI-XML and added dates (some based on estimation)</note>
         </change>
      </revisionDesc>
   </teiHeader>
   <text>
      <body>







לכבוד היקר והנעלה / רחל מורפורגו











לכבוד היקר והנעלה
החכם השלם הנותן אמרי שפ"ר כמ"ר יוסף אלמנצי יצ"ו חכו ממתקים, ושר
בשירים, כלם מחמדים, ואסף ספרים למאות ולאלפים. סחר טוב באמונה, מעדת מי מנה,
בפאדובה רבתי ברך ה' חילו.

 

יוסף הוסיף חכמה ועשר

יען הלך
בנתיבות ישר,

גם עוטה
כמעיל הכשר

לכן יום יום
יאות לו אשר.

 

אל כל-חכמה זה הוא מודע

בין משכילים
מה-לא ידע?

אך בתורה
גבר החשק

לדרש לחקר
כי הוא בן-משק.

 

מן הוא, מצוף טעמו ניחוח,

כל שר שירים
ילך שחוח

אל מול שיריו
הנם כחוח.

 

צי אדיר הנה בא אליו

משא כבד
נשא עדיו

כתר שם טוב
לתת עליו:

תבואתה לראש יוסף

 

אג"י שפחתך רמה ותולעה ראש חדש ניסן תרי"ח.








</body>
   </text>
</TEI>
