<?xml version='1.0' encoding='UTF-8'?>
<TEI xmlns="http://www.tei-c.org/ns/1.0">
   <teiHeader>
      <fileDesc>
         <titleStmt>
            <title>כוכב השבט</title>
            <author>יהודה ליב גורדון</author>
            <respStmt>
               <name>Mandel Scholion Hebrew Revival Research Group</name>
               <resp>Formatting of content from the Ben-Yehuda Project to TEI-XML according to the TEI P5 Guidelines.
                  Addition of dates, not present in the online version, by Shira Wigderson, Asaf Isser, Adi Cohen, Nitzan Cohen, and Adi Cohen.
               </resp>
            </respStmt>
         </titleStmt>
         <publicationStmt>
            <authority>Project Ben-Yehuda</authority>
            <idno>http://benyehuda.org/yalag/Ylg007.html</idno>
         </publicationStmt>
         <sourceDesc xml:lang="Hebrew">
            <bibl>
               <date when="1857" notBefore="1857-01-01" notAfter="1857-12-31"/>
            </bibl>
            <p>The Ben-Yehuda Project (http://benyehuda.org/). Content provided within the Ben-Yehuda Hackathon at the University of Haifa (THATCamp Haifa, February 2014).</p>
         </sourceDesc>
      </fileDesc>
      <revisionDesc>
         <change>
            <date>2017-08-09</date>
            <name>Jerusalem corpus of Emergent Modern Hebrew (JEMH) staff</name>
            <note>Created the initial version of the content in TEI-XML and added dates (some based on estimation)</note>
         </change>
      </revisionDesc>
   </teiHeader>
   <text>
      <body>







כוכב השבט



 




  
  


שירי-זהב

 

ב.  
כוכב השבט

  (בשנת תרי"ז)

 

דרך כוכב,
קם שבט מבית פרץ.

פניו מצפון
כנגה נהרו,

כנהר דינור
מנו זיקות בערו,

כשפיפון
ילפות רב רחב הארץ.

 

יודעי העתים
נבאו שד וקרץ,

מאמיני
באטים חלו שערו:

שבט-יה הוא,
מטאטא-השמד, – אמרו

לשמיד תבל
הוא בא, כלה תחרץ.

 

עבר הכוכב,
הארץ עומדת,

ממקומה תבל
כמלא-כף לא נטה,

כי גם לזקים
התוה שדי דרך,

 

לא תט אשורם
לעלות או לרדת.

בשו, הברים
עורים, הכלמו עתה,

ויראו את
היוצר, לו כרעו ברך.







 






</body>
   </text>
</TEI>
