<?xml version='1.0' encoding='UTF-8'?>
<TEI xmlns="http://www.tei-c.org/ns/1.0">
   <teiHeader>
      <fileDesc>
         <titleStmt>
            <title>השכוי והשועל</title>
            <author>יהודה ליב גורדון</author>
            <respStmt>
               <name>Mandel Scholion Hebrew Revival Research Group</name>
               <resp>Formatting of content from the Ben-Yehuda Project to TEI-XML according to the TEI P5 Guidelines.
                  Addition of dates, not present in the online version, by Shira Wigderson, Asaf Isser, Adi Cohen, Nitzan Cohen, and Adi Cohen.
               </resp>
            </respStmt>
         </titleStmt>
         <publicationStmt>
            <authority>Project Ben-Yehuda</authority>
            <idno>http://benyehuda.org/yalag/ylg181.html</idno>
         </publicationStmt>
         <sourceDesc xml:lang="Hebrew">
            <bibl>
               <date when="1859" notBefore="1859-01-01" notAfter="1859-12-31"/>
            </bibl>
            <p>The Ben-Yehuda Project (http://benyehuda.org/). Content provided within the Ben-Yehuda Hackathon at the University of Haifa (THATCamp Haifa, February 2014).</p>
         </sourceDesc>
      </fileDesc>
      <revisionDesc>
         <change>
            <date>2017-08-09</date>
            <name>Jerusalem corpus of Emergent Modern Hebrew (JEMH) staff</name>
            <note>Created the initial version of the content in TEI-XML and added dates (some based on estimation)</note>
         </change>
      </revisionDesc>
   </teiHeader>
   <text>
      <body>







השכוי והשועל / יהודה ליב גורדון



 




  
  


השכוי והשועל
/ יהודה ליב גורדון

 

השכוי עמד על
ראש תמר

ולמרחוק הביט
על גיא וגבע,

ויגש שועל
אליו ויאמר:

– חנן קולו ובלבו
תועבות שבע –

"אחי!  השלמו חיתו שדי כלהם,

שבתו מלחמות
בין גויי היער

וכמלאך הברית
ארוצה הפעם

לשמיע שלום
ולבשר בשער.

ובצאתי על ראש
כל הר חזקו תרן,

כי פרקו כל פרסה,
גדעו כל קרן,

לא עוד יגח שור,
לא עוד ירמס ליש,

לנשק-לו אחז
הארי בזקן תיש,

ופרה ודב תרעינה
גם יחד;

ובסתר אהלה
תהיה הארנבת

שאננה מפחד
רעה שוכבת.

שלום ליוצא,
לבא –  אין פחד!

רד-נא ושקה לי
על זאת הבשורה,

אשקך גם אני
– אחר אעברה".

אך לשכוי בינה,
השכיל ויבן

כי השועל יחבל
און,

ויתנכל גם
הוא ויחש

על מרמה וכחש,

ויענהו: אחי
החיתני

דברי שלום ואמת
כי השמעתני,

הנני בא אליך
לחבוק אתכה;

אך שם נראו לי
שני כלבי ציד

ימהרו הלם קלים
כאני-שיט,

אין זה כי אם רצים
גם הם על ככה;

חכה עד יבאו,
אז אמהר לרדת

ולכלכם גם יחד
כבוד אתמכה

גם כוס יין טוב
אז יחד נמסכה

לשלום גוינו,
לשלום ארץ מולדת.

"היה שלום!
– ענה זה – חכות לא אוכלה

עוד דרכי רחוקה
ומלאכתי נחוצה,

יבא יום – ובשמחת
גוינו נצהלה".

וישא רגליו
וינס במרוצה.

מה-זה – שאל השכוי
– לנוס מהרת,

הלא אתה שלום
בין החיות בשרת?

"כן הוא! אך
יראתי – מרחוק ענהו –

פן עוד הכלבים
את זאת לא שמעו".

 





 






</body>
   </text>
</TEI>
