<?xml version='1.0' encoding='UTF-8'?>
<TEI xmlns="http://www.tei-c.org/ns/1.0">
   <teiHeader>
      <fileDesc>
         <titleStmt>
            <title>החמור בעור הארי</title>
            <author>יהודה ליב גורדון</author>
            <respStmt>
               <name>Mandel Scholion Hebrew Revival Research Group</name>
               <resp>Formatting of content from the Ben-Yehuda Project to TEI-XML according to the TEI P5 Guidelines.
                  Addition of dates, not present in the online version, by Shira Wigderson, Asaf Isser, Adi Cohen, Nitzan Cohen, and Adi Cohen.
               </resp>
            </respStmt>
         </titleStmt>
         <publicationStmt>
            <authority>Project Ben-Yehuda</authority>
            <idno>http://benyehuda.org/yalag/Ylg117.html</idno>
         </publicationStmt>
         <sourceDesc xml:lang="Hebrew">
            <bibl>
               <date when="1859" notBefore="1859-01-01" notAfter="1859-12-31"/>
            </bibl>
            <p>The Ben-Yehuda Project (http://benyehuda.org/). Content provided within the Ben-Yehuda Hackathon at the University of Haifa (THATCamp Haifa, February 2014).</p>
         </sourceDesc>
      </fileDesc>
      <revisionDesc>
         <change>
            <date>2017-08-09</date>
            <name>Jerusalem corpus of Emergent Modern Hebrew (JEMH) staff</name>
            <note>Created the initial version of the content in TEI-XML and added dates (some based on estimation)</note>
         </change>
      </revisionDesc>
   </teiHeader>
   <text>
      <body>






החמור בעור הארי / יהודה ליב גורדון








החמור בעור
הארי

 

עור אריה עטה
החמור לו כבגד,

כי אמר:
אמלטה מעבודת פרך;

ויהי כל ראה
וינס מנגד,

ויגר ויאמר:
ארי בדרך!

אולם בבדל
אזניו (הה כי ארכו

ויצאו
מנקבי העור ומעל)

הכירו הבעל;

אז מהלמות
כמטר עליו נתכו

ולבוש עור
האריה שב אל סבלהו.

ויהי ממחרת
ויתמה כל ראהו – 

נער קטן נהג
ארי בית הרחים!

 

יש רב אדם
לבוש אטון מצרים,

לו יאמרו: חכם
הוא, בן-רמי יחש!

הורד-נא עדיו
וראה כלו כחש

ובעור הארי
חמור חמרתים.

 





 






</body>
   </text>
</TEI>
