<?xml version='1.0' encoding='UTF-8'?>
<TEI xmlns="http://www.tei-c.org/ns/1.0">
   <teiHeader>
      <fileDesc>
         <titleStmt>
            <title>העטלף</title>
            <author>יהודה ליב גורדון</author>
            <respStmt>
               <name>Mandel Scholion Hebrew Revival Research Group</name>
               <resp>Formatting of content from the Ben-Yehuda Project to TEI-XML according to the TEI P5 Guidelines.
                  Addition of dates, not present in the online version, by Shira Wigderson, Asaf Isser, Adi Cohen, Nitzan Cohen, and Adi Cohen.
               </resp>
            </respStmt>
         </titleStmt>
         <publicationStmt>
            <authority>Project Ben-Yehuda</authority>
            <idno>http://benyehuda.org/yalag/ylg175.html</idno>
         </publicationStmt>
         <sourceDesc xml:lang="Hebrew">
            <bibl>
               <date when="1859" notBefore="1859-01-01" notAfter="1859-12-31"/>
            </bibl>
            <p>The Ben-Yehuda Project (http://benyehuda.org/). Content provided within the Ben-Yehuda Hackathon at the University of Haifa (THATCamp Haifa, February 2014).</p>
         </sourceDesc>
      </fileDesc>
      <revisionDesc>
         <change>
            <date>2017-08-09</date>
            <name>Jerusalem corpus of Emergent Modern Hebrew (JEMH) staff</name>
            <note>Created the initial version of the content in TEI-XML and added dates (some based on estimation)</note>
         </change>
      </revisionDesc>
   </teiHeader>
   <text>
      <body>







העטלף / יהודה ליב גורדון



 




  
  


העטלף / יהודה
ליב גורדון

הצבוע הזה 
יש לו שס"ה מיני צבעונין כמנין ימות החמה

                               
(ב"ר פ' ז', ילקוט שמעוני רמז י"ב)

 

במאורת עטלף
חתול פרצה

ובכל אות נפשה
עליו קפצה

לאמר: הן עכבר
אתה

ולאכלה לי נתת!

"האנכי עכבר?
– ענה השרץ–

איפה ראית בארץ

עכבר בעל כנפים?

החתול יצאה ויבא
שם פרס

וירם חיש הצפרנים

ויאמר: צפור
את, עליך קרץ!

לי לבג תהיי
ולמלאת הכרס.

"אנכי צפור?
– ענה המתנכר –

שגית, על דברתי!

העיני האנשים
תנקר?

אם צפור אנכי
איה נוצתי?

כי מי זה ראה
תחת הירח

עוף כנף קרח?!"

 

שמרנו אל מהפכפך
כעטלף,

שלרוח כל יום
את פניו יחלף

ולעמת פניו
גם דרכו יסלף.

 





 






</body>
   </text>
</TEI>
