<?xml version='1.0' encoding='UTF-8'?>
<TEI xmlns="http://www.tei-c.org/ns/1.0">
   <teiHeader>
      <fileDesc>
         <titleStmt>
            <title>ראה זה חדש הוא</title>
            <author>רחל מורפורגו</author>
            <respStmt>
               <name>Mandel Scholion Hebrew Revival Research Group</name>
               <resp>Formatting of content from the Ben-Yehuda Project to TEI-XML according to the TEI P5 Guidelines.
                  Addition of dates, not present in the online version, by Shira Wigderson, Asaf Isser, Adi Cohen, Nitzan Cohen, and Adi Cohen.
               </resp>
            </respStmt>
         </titleStmt>
         <publicationStmt>
            <authority>Project Ben-Yehuda</authority>
            <idno>http://benyehuda.org/morpurgo/morp31.html</idno>
         </publicationStmt>
         <sourceDesc xml:lang="Hebrew">
            <bibl>
               <date when="1859" notBefore="1859-01-01" notAfter="1859-12-31"/>
            </bibl>
            <p>The Ben-Yehuda Project (http://benyehuda.org/). Content provided within the Ben-Yehuda Hackathon at the University of Haifa (THATCamp Haifa, February 2014).</p>
         </sourceDesc>
      </fileDesc>
      <revisionDesc>
         <change>
            <date>2017-08-09</date>
            <name>Jerusalem corpus of Emergent Modern Hebrew (JEMH) staff</name>
            <note>Created the initial version of the content in TEI-XML and added dates (some based on estimation)</note>
         </change>
      </revisionDesc>
   </teiHeader>
   <text>
      <body>







ראה זה חדש הוא / רחל מורפורגו











ראה זה חדש הוא

 

אם בארזים
נפלה שלהבת

מבחר נשי
תבל לאות תהיינה

אם תהלה
הושם ושל בהנה

מי זאת לעמתן
תהי נצבת?

 

לא יש לאל
ידי לחזק בדק

כי אם דרש
שלום ולשפט צדק

הנה דבורה
שופטה היתה

לא אעשה עולה
ולא יאתה.

 

שבח תהלה
עם יקר תפארת

אף היא בכל
שנה בשם נזכרת  (הפטרת
בשלח)

לכן לראש
נשים תהי כותרת. –

 

שאול ישאלו
באבל למה?

כי אשבה דומם כמו אחלמה –  (מלשון חלום)

מה-תעשה
רמה! כרחל נאלמה!

 

ה'תרי"ט, 1859.








</body>
   </text>
</TEI>
