<?xml version='1.0' encoding='UTF-8'?>
<TEI xmlns="http://www.tei-c.org/ns/1.0">
   <teiHeader>
      <fileDesc>
         <titleStmt>
            <title>לכבוד המשובח והמפואר</title>
            <author>רחל מורפורגו</author>
            <respStmt>
               <name>Mandel Scholion Hebrew Revival Research Group</name>
               <resp>Formatting of content from the Ben-Yehuda Project to TEI-XML according to the TEI P5 Guidelines.
                  Addition of dates, not present in the online version, by Shira Wigderson, Asaf Isser, Adi Cohen, Nitzan Cohen, and Adi Cohen.
               </resp>
            </respStmt>
         </titleStmt>
         <publicationStmt>
            <authority>Project Ben-Yehuda</authority>
            <idno>http://benyehuda.org/morpurgo/morp33.html</idno>
         </publicationStmt>
         <sourceDesc xml:lang="Hebrew">
            <bibl>
               <date when="1859" notBefore="1859-01-01" notAfter="1859-12-31"/>
            </bibl>
            <p>The Ben-Yehuda Project (http://benyehuda.org/). Content provided within the Ben-Yehuda Hackathon at the University of Haifa (THATCamp Haifa, February 2014).</p>
         </sourceDesc>
      </fileDesc>
      <revisionDesc>
         <change>
            <date>2017-08-09</date>
            <name>Jerusalem corpus of Emergent Modern Hebrew (JEMH) staff</name>
            <note>Created the initial version of the content in TEI-XML and added dates (some based on estimation)</note>
         </change>
      </revisionDesc>
   </teiHeader>
   <text>
      <body>







לכבוד המשובח והמפואר / רחל מורפורגו











לכבוד המשבח
והמפואר החכם והנבון כמו"ה דאקטאר יששכר בעער מעיר דרעזדען:

 

מנחל נובע
מקור חכמה

מים קרים
תשתה לשון רמה

 

באר מים
חיים נגד עיני

והן
"ארבעה טורים" סביב לה,

בזיום אכיר
יפיה, ובפני

במים נאמנים
כל גורלה:

 

בטור "ארח
חיים" נסה ללכת

וגם "יורה
דעה" הוא מורה צדק,

ו"אבן
העזר" אצלו כמלאכת,

ב"חשן
המשפט" חזק כל בדק:

 

הנה מקור
הזה מרמתים

לא יכזבו
מימיו כפלי כפלים;

ובאשת חן
אשתו יבנה בנין

מברכת אל
חצב זה המעין.

 

כה תאמר
שפחתו רמה ותולעה

 

טריאסטי כ' שבט תרי"ט.








</body>
   </text>
</TEI>
