<?xml version='1.0' encoding='UTF-8'?>
<TEI xmlns="http://www.tei-c.org/ns/1.0">
   <teiHeader>
      <fileDesc>
         <titleStmt>
            <title>משלי יהודה: סוף דבר</title>
            <author>יהודה ליב גורדון</author>
            <respStmt>
               <name>Mandel Scholion Hebrew Revival Research Group</name>
               <resp>Formatting of content from the Ben-Yehuda Project to TEI-XML according to the TEI P5 Guidelines.
                  Addition of dates, not present in the online version, by Shira Wigderson, Asaf Isser, Adi Cohen, Nitzan Cohen, and Adi Cohen.
               </resp>
            </respStmt>
         </titleStmt>
         <publicationStmt>
            <authority>Project Ben-Yehuda</authority>
            <idno>http://benyehuda.org/yalag/Ylg197.html</idno>
         </publicationStmt>
         <sourceDesc xml:lang="Hebrew">
            <bibl>
               <date when="1859" notBefore="1859-01-01" notAfter="1859-12-31"/>
            </bibl>
            <p>The Ben-Yehuda Project (http://benyehuda.org/). Content provided within the Ben-Yehuda Hackathon at the University of Haifa (THATCamp Haifa, February 2014).</p>
         </sourceDesc>
      </fileDesc>
      <revisionDesc>
         <change>
            <date>2017-08-09</date>
            <name>Jerusalem corpus of Emergent Modern Hebrew (JEMH) staff</name>
            <note>Created the initial version of the content in TEI-XML and added dates (some based on estimation)</note>
         </change>
      </revisionDesc>
   </teiHeader>
   <text>
      <body>







משלי יהודה: סוף דבר / יהודה ליב גורדון



 




  
  


סוף דבר / יהודה
ליב גורדון

 

עד פה בת-שירי
בכבדת הגיעה

ופה אספה כנף
עדי ארגיעה,

ותצג כף רגלה
ארצה לנוח

מעמל ימים רבים
עמל בשר ורוח.

ומי יתן ועבדתה

לא להבל היתה,

לא לריק ורוח כחה
כלתה!

כי הנה האולת

באדם כיבלת

ומשל ומוסר הם
המאכלת

לכרות אותה מתוך
לבמו,

לבלי ישוב בשר
חי לעלות במו,

ומי יתן ומשלי
ירצה

אל כל העם מקצה!

לא-יגה כי יגהה
לב אנשי שחץ,

יחבש לא יכאיב,
ירפא מבלי מחץ,

כי יתן כשושן
ריח ניחח,

לא ידקר כקמשון,
יקב כחוח,

ירץ עת יצר, יאהב
עת יוכח,

אז אדע כי מדרך
אמת לא נטיתי

ששמתי לי כמטרה
אל נכח,

ואלהים ענני –
לישועתו קויתי.

 





 






</body>
   </text>
</TEI>
