<?xml version='1.0' encoding='UTF-8'?>
<TEI xmlns="http://www.tei-c.org/ns/1.0">
   <teiHeader>
      <fileDesc>
         <titleStmt>
            <title>האיש ושתי פילגשיו</title>
            <author>יהודה ליב גורדון</author>
            <respStmt>
               <name>Mandel Scholion Hebrew Revival Research Group</name>
               <resp>Formatting of content from the Ben-Yehuda Project to TEI-XML according to the TEI P5 Guidelines.
                  Addition of dates, not present in the online version, by Shira Wigderson, Asaf Isser, Adi Cohen, Nitzan Cohen, and Adi Cohen.
               </resp>
            </respStmt>
         </titleStmt>
         <publicationStmt>
            <authority>Project Ben-Yehuda</authority>
            <idno>http://benyehuda.org/yalag/yalag_151.html</idno>
         </publicationStmt>
         <sourceDesc xml:lang="Hebrew">
            <bibl>
               <date when="1859" notBefore="1859-01-01" notAfter="1859-12-31"/>
            </bibl>
            <p>The Ben-Yehuda Project (http://benyehuda.org/). Content provided within the Ben-Yehuda Hackathon at the University of Haifa (THATCamp Haifa, February 2014).</p>
         </sourceDesc>
      </fileDesc>
      <revisionDesc>
         <change>
            <date>2017-08-09</date>
            <name>Jerusalem corpus of Emergent Modern Hebrew (JEMH) staff</name>
            <note>Created the initial version of the content in TEI-XML and added dates (some based on estimation)</note>
         </change>
      </revisionDesc>
   </teiHeader>
   <text>
      <body>







האיש ושתי פילגשיו / י"ל גורדון








האיש ושתי פילגשיו

י"ל
גורדון

 

בן ארבעים שנה
היה אליפלט

וכבר שערת ראשו
כמעט הלבינה,

ויהי עוד חומה
לא ידע אשת;

אך לב מי זה מרשת

האהבה יוכל המלט?

ובהגיע לו תר
הבינה

אבדה בינתו וינחל
אולת

ויבקש לו אשה
יפה משכלת.

אך אשה משכלת
מי ימצאנה?

באלפים לא היא,
ברבבות איננה!

ואליפלט אץ אשה
לו לקחת,

כי יום חייו רד
אל בין הערבים,

ומאשר לא
מצא כלבבו אחת

הלך ויאהב נשים
שתים.

האחת עלמה יפה
עודה בנער,

השניה באה
בימים ומלאת רגש,

אך תמרוקיה ימנו
חסרון התאר;

לא ארשן לו כאשה
באמונה ומהר,

כי כרן בכסף
כשגל ופילגש.

ויהי כי חפצה
כל אחת מהנה

כי ידמה דודה
אליה,

אז את שערות ראשו
שתיהן קטפו;

שערותיו השחרות
קרחה הזקנה,

החורות מרטה
הנערה בידיה.

ככה מרטו שערותיו
אחת אחת

עד כי מחלפות
ראשו גזו חלפו,

ותבא תחתיהן
קרחת.

"עתה ­­– אמר הוא – ידעתי מצאתי

כי חפץ הנשים
רק למשול בנו

וכמו פלג מים
הטות אותנו;

לא אקח אשה
עד בוא חליפתי.

 

 





 

 






</body>
   </text>
</TEI>
