<?xml version='1.0' encoding='UTF-8'?>
<TEI xmlns="http://www.tei-c.org/ns/1.0">
   <teiHeader>
      <fileDesc>
         <titleStmt>
            <title>נגדעה קרן עדינה</title>
            <author>שלמה אבן גבירול</author>
            <respStmt>
               <name>Mandel Scholion Hebrew Revival Research Group</name>
               <resp>Formatting of content from the Ben-Yehuda Project to TEI-XML according to the TEI P5 Guidelines.
                  Addition of dates, not present in the online version, by Shira Wigderson, Asaf Isser, Adi Cohen, Nitzan Cohen, and Adi Cohen.
               </resp>
            </respStmt>
         </titleStmt>
         <publicationStmt>
            <authority>Project Ben-Yehuda</authority>
            <idno>http://benyehuda.org/rashbag/rashbag160.html</idno>
         </publicationStmt>
         <sourceDesc xml:lang="Hebrew">
            <bibl>
               <date when="1038" notBefore="1038-01-01" notAfter="1038-12-31"/>
            </bibl>
            <p>The Ben-Yehuda Project (http://benyehuda.org/). Content provided within the Ben-Yehuda Hackathon at the University of Haifa (THATCamp Haifa, February 2014).</p>
         </sourceDesc>
      </fileDesc>
      <revisionDesc>
         <change>
            <date>2017-08-09</date>
            <name>Jerusalem corpus of Emergent Modern Hebrew (JEMH) staff</name>
            <note>Created the initial version of the content in TEI-XML and added dates (some based on estimation)</note>
         </change>
      </revisionDesc>
   </teiHeader>
   <text>
      <body>







נגדעה קרן עדינה / ר' שלמה אבן גבירול











נגדעה קרן עדינה

 

נגדעה קרן
עדינה –

היא גברת כל
מדינה

הוא אשר בו
רם לבבה

מת, ובמה
תגבהי נא?

היתה לצבי
ארצות –

ותהי היום
שנינה.

נתנה בבל
באזני

קול ישכח כל
נגינה:

"רב שאוני
על גאוני,

אחריו אין לי
חנינה.

נאסף חובל
בלב ים –

מי ינהל
הספינה?"

 (1038)








</body>
   </text>
</TEI>
