<?xml version='1.0' encoding='UTF-8'?>
<TEI xmlns="http://www.tei-c.org/ns/1.0">
   <teiHeader>
      <fileDesc>
         <titleStmt>
            <title>תנומה בעין</title>
            <author>שמואל הנגיד</author>
            <respStmt>
               <name>Mandel Scholion Hebrew Revival Research Group</name>
               <resp>Formatting of content from the Ben-Yehuda Project to TEI-XML according to the TEI P5 Guidelines.
                  Addition of dates, not present in the online version, by Shira Wigderson, Asaf Isser, Adi Cohen, Nitzan Cohen, and Adi Cohen.
               </resp>
            </respStmt>
         </titleStmt>
         <publicationStmt>
            <authority>Project Ben-Yehuda</authority>
            <idno>http://benyehuda.org/hanagid/ben_teh_038.html</idno>
         </publicationStmt>
         <sourceDesc xml:lang="Hebrew">
            <bibl>
               <date when="1054" notBefore="1054-01-01" notAfter="1054-12-31"/>
            </bibl>
            <p>The Ben-Yehuda Project (http://benyehuda.org/). Content provided within the Ben-Yehuda Hackathon at the University of Haifa (THATCamp Haifa, February 2014).</p>
         </sourceDesc>
      </fileDesc>
      <revisionDesc>
         <change>
            <date>2017-08-09</date>
            <name>Jerusalem corpus of Emergent Modern Hebrew (JEMH) staff</name>
            <note>Created the initial version of the content in TEI-XML and added dates (some based on estimation)</note>
         </change>
      </revisionDesc>
   </teiHeader>
   <text>
      <body>







תנומה בעין / ר' שמואל הנגיד



 




  
  


תנומה בעין / ר'
שמואל הנגיד

 

וקאל איצא אעזה אללה ואצפא לתלך אלשדאיד וחאמד אללה
תעאלי אן וקא וכפא ועאפא ושפי

 

ואמר עוד, יוקירהו אל, מתאר הצרות ההן ומשבח האל יתעלה
על אשר שמר וגונן, והחלים ורפא

 

שירה

 

תנומה, בעין מכיר אלהיו – עצלתים, /
ושפלות – שתק משיר ליושב בשמים,

ומי שר בעין לבו דרכיו ומתעלם, /
לבד מנלוז לבב ונעקש דרכים

ואלם כבד פה, לא כמותי, לטוש גרון /
וחך, לא כבד שפה וערל שפתים?

ואם אחריש, אחר שנותו עשה לי אל /
יצוה ואבתר לשלש ולשתים!

אדבר במקהלות למאות ורבואות /
ואמר בהפרדם לאחד ולשנים:

אני בא כמישאל בכבשן – ולא שרף, /
ומטבע כמו יונה ולא מת בלב מים,

וחי – אחרי עברו מהומות עלי נפשי /
בצירים ומחלויים כנחל ונחלים,

ולכן לשוני – תף מרנן, ופי – כנור /
מנגן, ועל ככה שפתי מצלתים,

מחוות כבוד צורם וחסדו בשיר נכון /
כהכון כלי יוצר מישר באבנים

ומושכות ללבות מאזינים, בהקראם /
בטורים מכבדים, כמזלג בשנים,

שקולי דברים ועברים, כמו ליל / ויום,
יום עלות חרס בטלה ומאזנים

בבאי קרב לא הוא קרב אך שאול עמקה /
ונגעי למות או לכבד נחשתים

ועשה אלהים לי עשותו במאה מן /
שאונים אשר עברו כמו עב, ומאתים

ולכדי מצדות בשחקים גבוהים, לא /
צריכים אלי מנעול ולא אל דלתים

ושוב לוחמי אלי בשלום, כאותי /
ולבי, ולא בקרב וגם לא באפים,

ושובי אלי ביתי בשמחה, סביבי
מל־/אכי אל וסתרתו, כיעקב במחנים –

אזי בא חלי הפוך וקשה אשר לא בא /
כמותו לדוים נאנשים במצרים,

בציר יך עלי צלעי כאויב בלכדו
מ־/ערכת לנלחמיו, ולכדו אגפים,

כאב האביד לחי ומחי וכל כחי, /
ושלל תקומה מעקבות ופעמים,

אדבר – ואין מבין, ואשור – ולא אכיר,
/ ואביט אלי עורי – והנה ככירים,

ואעטף ואתגולל בצירי, עדי יגע /
שמאל אל מקום ימין וראש אל כרעים

ואקום כפוף קומה כאגמון בתוך מימיו
/ ואשב כיולדה ביד על חלצים

ואשכב, כמו שכור בלי לב,
וממכאוב / עצמי ומחמם, כאוד בין שפתים,

ותכבד בליל מחלתי ואנקתי /
כאנקת חלל מואב ביהץ ואגלים,

ויאור – ולא אאמין בבקר וסור ליל , /
ויחשך – ולא אבין בערב וערבים,

ולבי בבין זעה לזעה כצף בינות / יאורים
שנים נהדפים, ונהרים,

והרופאים באים חרדים ויאמרו כי / מעט
הם אשר חיו בכזה שבועים,

ורצים בני ושאר קרובי בעד מרפא, /
ואם הם מלאים פיק מנקש לברכים

וגועים בתוגתם ובוכים לרחוק מן /
מקומי, ויש גועות ומכות לשדים,

ואם ינאמו בקר: כבר בא אלי דיו /
בחליו – בערב יחזוני בכפלים.

סבלתיו ואין לי גוף לבד ממלא עור מן /
עצמות, בפה, ולב, ואזן, ועינים,

לזה ניב, וזה רוח אלהים, וזה שמע /
יראים, וזה רואה בפניו לחיים,

ועשו ימי תחלוא שנים חדשים בי /
אשר יעשו ככה לחולה שנתים,

לבד מן ימי חלשי אשר נאסר בם על /
אשורי להלך על אדמה זרתים

והקצו שתי רגלי בתוך אהלי מצאת /
לשער, והחלש מקצה לרגלים,

ומשפיל מרום קדקד ומפיל איל כל יד
/ ומקל דמי נפש, ומכביד כתפים,

והציל יחידתי בעשר, אשר באו /
רצופות ברע, שלש פעמים ופעמים:

כאב צד, ונגע בחדר צד, וצאת לח, /
וחם גוף, וציר בשתי כליות ומעים,

ורגש בלוח לב ממוגג, וירקון, / ותעב
לכל נגר והרוס בשנים,

והדר פני עבדו בחיים מחדשים /
אלהים, סביביו הוד והדר וקרנים,

והתיר אגדת חיל ידידו אשר היה /
אסור לב־אלי־מחלה ותפוש בידים

אלהים, אשר עונים קדשה מכסים את /
פעמים ופנים, לו, מתי שש כנפים,

ומלך, אשר לו יענו כן, חרדים מן /
חטאתם ורשעתם, יהודה ואפרים,

מעון כל ונושא כל בתקפו ולא נסמך
/ במקום וקומה, או במלבוש ונעלים,

ובורא אשר אין לו גבוהה, כנבראים, /
ומטה וארבעה עברים, ובינים,

מתכן בזרת את שחקיו, וכל ארץ / בשליש,
ושוקל את גבעות במאזנים,

ומסב רקיעיו העגלים עלי ארץ, / כהסב
כלי מתוך מחוגה ורחים,

ועל כן בקו עמדה בתוך, בלי ברך /
ורגל מקוממת, ובלתי ירכים,

ושם זה לעמת זה, כאורה וחשך, או /
כקדם ואחור, או כפנים ושולים,

ושת את ימי אדם טפחות, ימי קץ זה /
לנגדו כמו טפח, וקץ זה – טפחים,

ונותן לכל בשר בעתו כפי אכלם, /
ונעל לרגליהם, וחגור למתנים,

מחיה נכאים, יום שלישי, ונדכאים, /
במצוק, נשאוהו כחול ים ביומים,

ומושך להרג עם ממשך בעבר נ־/הרי
כוש וגוי קו־קו וצלצל כנפים,

ומביש עצת מגביר־לשונו, כאומרת: / 'הלא
יחלקו שלל, לאיש רחמתים',

ואומר: 'היצילכם אלהים – ואיה נא /
אלהי חמת, איה אלהי ספרוים?'

ופוצה עניי עם בצרה כמבכירה, /
אשר בא, ולא נפל, ילודה באבנים,

וסר מארב על בית חברו, ולא נפתה /
באשה, והיא זמה כגמר בדבלים,

ומכל עוון חטאת, אשר יום פנות זכים
/ לקבל שכר צדקם מאחז עקבים,

ממלא לפי זכים כצדקם, ומשביע /
לזדים וזדונים כרשעם בחפנים,

ועובר עלי פשע לעובר עלי פשע /
אנשים, וארך אף למאריך באפים,

ומודד לכף רשע ברשעו סאה בסאה /
וגומל בחיק צדיק לעמר בסאתים,

ופודה למעריצו, כמותי, ובל יפדה /
לעריץ מנגח כבעל קרנים

אנשא בשירתי מנשא כבודי מן /
שאולה, ואשא לו לבבי בכפים,

בשירה אשר תנעם במלים, ותישר על
/ לבב כל נבוני לב, ותיטב באזנים,

וילכו אנשים בה לחמת ושערים /
ושנער, ותגיע לארץ מרתים,

ותקרא, בלי גרון, בגפי מרום קרת, /
ותלך למרחקים בלי שוק ורגלים,

ואשח לאל השח כאבי, עדי אגע /
לארץ ועד אדביק לקדקד באפסים

זכרתיו – ורב חסדו בשבעים מתקנים
/ שקלתים ולו אוכל זכרתים באלפים

ואולם אמלא מחסורם בתחנונות /
ורנות בערב־יום ובקר וצהרים,

ואקום ואשתחוה לפניו בנום אישים, /
ואכרע עלי ברכי ואקד לאפים.

 





 






</body>
   </text>
</TEI>
