<?xml version='1.0' encoding='UTF-8'?>
<TEI xmlns="http://www.tei-c.org/ns/1.0">
   <teiHeader>
      <fileDesc>
         <titleStmt>
            <title>וְאוֹמֵר מַה-יְּחַזֵּק</title>
            <author>שמואל הנגיד</author>
            <respStmt>
               <name>Mandel Scholion Hebrew Revival Research Group</name>
               <resp>Formatting of content from the Ben-Yehuda Project to TEI-XML according to the TEI P5 Guidelines.
                  Addition of dates, not present in the online version, by Shira Wigderson, Asaf Isser, Adi Cohen, Nitzan Cohen, and Adi Cohen.
               </resp>
            </respStmt>
         </titleStmt>
         <publicationStmt>
            <authority>Project Ben-Yehuda</authority>
            <idno>http://benyehuda.org/hanagid/ben_mishley_0464.html</idno>
         </publicationStmt>
         <sourceDesc xml:lang="Hebrew">
            <bibl>
               <date when="1056" notBefore="1056-01-01" notAfter="1056-12-31"/>
            </bibl>
            <p>The Ben-Yehuda Project (http://benyehuda.org/). Content provided within the Ben-Yehuda Hackathon at the University of Haifa (THATCamp Haifa, February 2014).</p>
         </sourceDesc>
      </fileDesc>
      <revisionDesc>
         <change>
            <date>2017-08-09</date>
            <name>Jerusalem corpus of Emergent Modern Hebrew (JEMH) staff</name>
            <note>Created the initial version of the content in TEI-XML and added dates (some based on estimation)</note>
         </change>
      </revisionDesc>
   </teiHeader>
   <text>
      <body>







ואומר מה-יחזק / ר' שמואל הנגיד








 

ואומר מה-יחזק
עם

ענהו יד גדוליהם

ומה-ישפיל גדוליהם

ענהו מות עויליהם

ומי ימית עויליהם

ענהו שד אויליהם

ואיך שדו אויליהם

השיבהו בטוב
להם

ואיך טובו
ענהו עת

אשר רבו גזוליהם

ומי גזל גזוליהם

ענה אותו אציליהם

ומתי נגזלו שיח

בעת פרצו בהבליהם

ואיך פרצו ענה
אותו

בתם עוטי גדיליהם

ואיך תמו
ענהו עת

מבוא צר על-גבוליהם

ואיך באים
ענהו עת

יביאום שם רכיליהם

אשר דלו ברב
עשקם

והורישום בנכליהם

ולכן הם מבקשיהם

ולמשנאים חייליהם

אבוי לעם אשר
כבדו

עלי ראשם נקליהם

ונבליהם כמצנפתם

ושועיהם כנעליהם

ועבדיהם אדוניהם

ואויביהם פליליהם.

 

 

 





 






</body>
   </text>
</TEI>
