<?xml version='1.0' encoding='UTF-8'?>
<TEI xmlns="http://www.tei-c.org/ns/1.0">
   <teiHeader>
      <fileDesc>
         <titleStmt>
            <title>לכל צהלת חתנים נעימים</title>
            <author>רחל מורפורגו</author>
            <respStmt>
               <name>Mandel Scholion Hebrew Revival Research Group</name>
               <resp>Formatting of content from the Ben-Yehuda Project to TEI-XML according to the TEI P5 Guidelines.
                  Addition of dates, not present in the online version, by Shira Wigderson, Asaf Isser, Adi Cohen, Nitzan Cohen, and Adi Cohen.
               </resp>
            </respStmt>
         </titleStmt>
         <publicationStmt>
            <authority>Project Ben-Yehuda</authority>
            <idno>http://benyehuda.org/morpurgo/morp05.html</idno>
         </publicationStmt>
         <sourceDesc xml:lang="Hebrew">
            <bibl>
               <date when="1847" notBefore="1847-01-01" notAfter="1847-12-31"/>
            </bibl>
            <p>The Ben-Yehuda Project (http://benyehuda.org/). Content provided within the Ben-Yehuda Hackathon at the University of Haifa (THATCamp Haifa, February 2014).</p>
         </sourceDesc>
      </fileDesc>
      <revisionDesc>
         <change>
            <date>2018-11-01</date>
            <name>Omer Waldman</name>
            <note>Correction of previously annotated dates and addition of dates to majority of the works</note>
         </change>
         <change>
            <date>2017-08-09</date>
            <name>Jerusalem corpus of Emergent Modern Hebrew (JEMH) staff</name>
            <note>Created the initial version of the content in TEI-XML and added dates (some based on estimation)</note>
         </change>
      </revisionDesc>
   </teiHeader>
   <text>
      <body>







לכל צהלת חתנים נעימים / רחל מורפורגו



 




  
  


לכל צהלת חתנים
נעימים ונחמדים הבחור היקר כמ"ר שלמה סלם עם הבתולה הכבודה והצנועה מרת רחל
בת מעלת החכם הרופא ר' רפאל לוצאטו תנצב"ה, אחות החכם השלם הרופא המובהק
כמ"ר יצחק הממלא מקום אבותיו, מלא חכמה על כל גדותיו

 

נקוה לעולם

    לראה ונעלם

     יברך לסלם

     בברכת  שלמה.

 

לבורא ניחל

     יברך לרחל

     תמימה כרחל

     וכלת שלמה.

 

ותאיר ותזרח

     ותציץ ותפרח

     בכסא שלמה.

 

ונשיש ונגיל

     כזקן ורגיל

     במשתה
שלמה.

       

בכבוד נצפה

     לחכם ורופא

     וראה וצפה

     בחכמת שלמה.

 

בלכתו
יהרהר

     בעמדו יפאר

     בשבתו יבאר

     רפואות שלמה.

 

בשבתו יהדר

     בשכלו יסדר

     בחפת שלמה

 

נברך ידידים

     למושיב יחידים

     בסכת שלמה.

 

נאם
הצעירה והשפלה כאוב מארץ קולה רחל בת דוד הכלה.

ניסן
תר"ז, 1847








</body>
   </text>
</TEI>
