<?xml version='1.0' encoding='UTF-8'?>
<TEI xmlns="http://www.tei-c.org/ns/1.0">
   <teiHeader>
      <fileDesc>
         <titleStmt>
            <title>שמע אמרי שפר</title>
            <author>רחל מורפורגו</author>
            <respStmt>
               <name>Mandel Scholion Hebrew Revival Research Group</name>
               <resp>Formatting of content from the Ben-Yehuda Project to TEI-XML according to the TEI P5 Guidelines.
                  Addition of dates, not present in the online version, by Shira Wigderson, Asaf Isser, Adi Cohen, Nitzan Cohen, and Adi Cohen.
               </resp>
            </respStmt>
         </titleStmt>
         <publicationStmt>
            <authority>Project Ben-Yehuda</authority>
            <idno>http://benyehuda.org/morpurgo/morp36.html</idno>
         </publicationStmt>
         <sourceDesc xml:lang="Hebrew">
            <bibl>
               <date when="1861" notBefore="1861-01-01" notAfter="1861-12-31"/>
            </bibl>
            <p>The Ben-Yehuda Project (http://benyehuda.org/). Content provided within the Ben-Yehuda Hackathon at the University of Haifa (THATCamp Haifa, February 2014).</p>
         </sourceDesc>
      </fileDesc>
      <revisionDesc>
         <change>
            <date>2017-08-09</date>
            <name>Jerusalem corpus of Emergent Modern Hebrew (JEMH) staff</name>
            <note>Created the initial version of the content in TEI-XML and added dates (some based on estimation)</note>
         </change>
      </revisionDesc>
   </teiHeader>
   <text>
      <body>







שמע אמרי שפר / רחל מורפורגו











שמע אמרי שפר

 

שמע אמרי
שפר

לאברהם סופר

כתבם על ספר

לרוח
משכלת:

 

ובן מאיר
נקרא

מכנה
בן-עזרא

ומצורו עזרה

כבודו
שואלת:

 

להגיה
חשכו

להצליח
דרכו

אשר נשאר עד
כה

כעלה נובלת:

 

ומארצו נפרד


אשר היא
בספרד

ואל רומי ירד

בנפש
נבהלת:

 

ושם לבו
כונן

לפרש ולצנן

ואל אל
מתקונן

ולו התוחלת:

 

להרבות לו
חכמה

ולתת לו עצמה

ולסלח אשמה

בפרוש קהלת:

 

ה'תרכ"א, 1861








</body>
   </text>
</TEI>
