<?xml version='1.0' encoding='UTF-8'?>
<TEI xmlns="http://www.tei-c.org/ns/1.0">
   <teiHeader>
      <fileDesc>
         <titleStmt>
            <title>למנחם</title>
            <author>יהודה ליב גורדון</author>
            <respStmt>
               <name>Mandel Scholion Hebrew Revival Research Group</name>
               <resp>Formatting of content from the Ben-Yehuda Project to TEI-XML according to the TEI P5 Guidelines.
                  Addition of dates, not present in the online version, by Shira Wigderson, Asaf Isser, Adi Cohen, Nitzan Cohen, and Adi Cohen.
               </resp>
            </respStmt>
         </titleStmt>
         <publicationStmt>
            <authority>Project Ben-Yehuda</authority>
            <idno>http://benyehuda.org/yalag/Ylg264.html</idno>
         </publicationStmt>
         <sourceDesc xml:lang="Hebrew">
            <bibl>
               <date when="1863" notBefore="1863-01-01" notAfter="1863-12-31"/>
            </bibl>
            <p>The Ben-Yehuda Project (http://benyehuda.org/). Content provided within the Ben-Yehuda Hackathon at the University of Haifa (THATCamp Haifa, February 2014).</p>
         </sourceDesc>
      </fileDesc>
      <revisionDesc>
         <change>
            <date>2017-08-09</date>
            <name>Jerusalem corpus of Emergent Modern Hebrew (JEMH) staff</name>
            <note>Created the initial version of the content in TEI-XML and added dates (some based on estimation)</note>
         </change>
      </revisionDesc>
   </teiHeader>
   <text>
      <body>






למנחם / יהודה ליב גורדון








*

לידידי ואוהבי היקר ה… מנחם
משיב נפשי ![1]

 

אחשוב כי
אלה הטורים

יגיעו לידך
בעצם יום הפורים,

בעוד אחינו
שותים יין כמים

שותים
ומשתכרים לשם שמים,

בעוד בני מרדכי
הברוך

יושבים על
שלחן הערוך

ובני המן
הארור

פניהם קבצו
פארור,

בעוד בנות
אסתר עושות עגות בקצח

ובנות ושתי
נושאות אות קלון על מצח.

הנשים לשות
בצק ועושות לביבות ובריה

והאנשים
מהפכים הקערה על פיה,

מריקים הכוס
וממלאים הכרש

ומזרים פרש
על פני זרש,

והעניים
והאביונים

באים וחוזרים
עשרת מונים,

והעשירים
והנדיבים

מקבלים מנות
ואינם משיבים,

ביום הזה
יום אחד בשנה

איש אל רעהו
יביא מתנה,

ואני כשאר
זרע היהודים

אין כחי אלא
בפה מדבר חדודים,

אבל זה הקול
לא יעקב ולא יונה

כי אם ידידות
אהבה ואחוה עונה,

שימם בידך
אות לזכרון

ושמי בלבך
כלוחות בארון,

והיה לך לאות
כי ידידך הנני,

לא אשכחך
ולא תשכחני,

וארכה לנו
ידידותינו כל הימים

כימי הפורים
שאינם נבטלים לעולמים.

אני ידידך
ואוהבך בלב אמת ותמים.

שאוועל, י"ג אדר
תרכ"ג.

 





 











[1] שלוח להר"ר מ"מ עליאשעוו.








</body>
   </text>
</TEI>
