<?xml version='1.0' encoding='UTF-8'?>
<TEI xmlns="http://www.tei-c.org/ns/1.0">
   <teiHeader>
      <fileDesc>
         <titleStmt>
            <title>הקיצה עמי</title>
            <author>יהודה ליב גורדון</author>
            <respStmt>
               <name>Mandel Scholion Hebrew Revival Research Group</name>
               <resp>Formatting of content from the Ben-Yehuda Project to TEI-XML according to the TEI P5 Guidelines.
                  Addition of dates, not present in the online version, by Shira Wigderson, Asaf Isser, Adi Cohen, Nitzan Cohen, and Adi Cohen.
               </resp>
            </respStmt>
         </titleStmt>
         <publicationStmt>
            <authority>Project Ben-Yehuda</authority>
            <idno>http://benyehuda.org/yalag/yalag_023.html</idno>
         </publicationStmt>
         <sourceDesc xml:lang="Hebrew">
            <bibl>
               <date when="1863" notBefore="1863-01-01" notAfter="1863-12-31"/>
            </bibl>
            <p>The Ben-Yehuda Project (http://benyehuda.org/). Content provided within the Ben-Yehuda Hackathon at the University of Haifa (THATCamp Haifa, February 2014).</p>
         </sourceDesc>
      </fileDesc>
      <revisionDesc>
         <change>
            <date>2017-08-09</date>
            <name>Jerusalem corpus of Emergent Modern Hebrew (JEMH) staff</name>
            <note>Created the initial version of the content in TEI-XML and added dates (some based on estimation)</note>
         </change>
      </revisionDesc>
   </teiHeader>
   <text>
      <body>&lt;!DOCTYPE HTML PUBLIC "-//W3C//DTD HTML 4.0 Transitional//EN"&gt;








הקיצה עמי / י"ל גורדון








הקיצה עמי 

 

הקיצה עמי!
עד מתי תישנה?

הן גז הליל,
השמש האירה.

הקיצה, שא
עינך אנה ואנה

וזמנך
ומקומך אנא הכירה.

 

הכי עמד
הזמן וכנפיו רפו

מיום אל
כנפי הארץ יצאת,

או שנים
אלפים לא תמו ספו

מיום תם
חפשך ובארץ נוד באת?

 

מאז עד עתה
דורות רבים ספו,

ימים וארצות
משם יפרידונו,

וחליפות מאליפות
באו חלפו,

אף קרות אחרות
עתה עודנו.

 

הקיצה עמי!
עד מתי תישנה?

הן גז הליל,
השמש האירה,

הקיצה, שא
עינך אנה ואנה

וזמנך
ומקומך אנא הכירה.

 

הארץ בה
עתה נחיה נולד

לגלילות
אירפה הלא נחשבה --

אירפה הקטנה
מחלקי חלד

ובחקרי חכמה
מכלם נשגבה.

 

ארץ עדן זאת
הן לך תפתח,

בניה "אחינו"
לך יקראון עתה.

עד מתי תהיה
קרבם כאורח,

למה מנגד
להם תלך אתה?

 

וכבר גם יסירו
שכמך מסבל,

ומעל צוארך
עלך ירימו,

ימחו מלבם
שנאת שוא והבל,

יתנו לך
ידם, לך שלום ישימו.

 

הרימה נא
ראשך, הישר גבך,

ובעיני אהבה
אלימו השגיחה,

ותנה לחכמה
ודעת לבך

והיה עם
משכיל ובלשונם שיחה.

 

כל בעלי בינה
בך חכמה ילמדו,

פעלים
ואמנים כל מעשה חרשת,

אמיצי הלב
בצבא יעבדו,

אכרים יקנו
שדות ומחרשת.

 

אל אוצר
המדינה הבא חילך

ובנכסיה קח
חלק וזבד.

היה אדם
בצאתך ויהודי באהלך,

אח לבני
ארצך ולמלכך עבד.

 

הקיצה עמי,
עד מתי תישנה?

הן גז הליל,
השמש האירה;

הקיצה, שא
עינך אנה ואנה

וזמנך
ומקומך אנא הכירה.

 

(תרכ"ג)

 





 






</body>
   </text>
</TEI>
