<?xml version='1.0' encoding='UTF-8'?>
<TEI xmlns="http://www.tei-c.org/ns/1.0">
   <teiHeader>
      <fileDesc>
         <titleStmt>
            <title>רציתי לקנות חומץ כשר</title>
            <author>רחל מורפורגו</author>
            <respStmt>
               <name>Mandel Scholion Hebrew Revival Research Group</name>
               <resp>Formatting of content from the Ben-Yehuda Project to TEI-XML according to the TEI P5 Guidelines.
                  Addition of dates, not present in the online version, by Shira Wigderson, Asaf Isser, Adi Cohen, Nitzan Cohen, and Adi Cohen.
               </resp>
            </respStmt>
         </titleStmt>
         <publicationStmt>
            <authority>Project Ben-Yehuda</authority>
            <idno>http://benyehuda.org/morpurgo/morp42.html</idno>
         </publicationStmt>
         <sourceDesc xml:lang="Hebrew">
            <bibl>
               <date when="1865" notBefore="1865-01-01" notAfter="1865-12-31"/>
            </bibl>
            <p>The Ben-Yehuda Project (http://benyehuda.org/). Content provided within the Ben-Yehuda Hackathon at the University of Haifa (THATCamp Haifa, February 2014).</p>
         </sourceDesc>
      </fileDesc>
      <revisionDesc>
         <change>
            <date>2017-08-09</date>
            <name>Jerusalem corpus of Emergent Modern Hebrew (JEMH) staff</name>
            <note>Created the initial version of the content in TEI-XML and added dates (some based on estimation)</note>
         </change>
      </revisionDesc>
   </teiHeader>
   <text>
      <body>







רציתי לקנות חומץ כשר / רחל מורפורגו











רציתי לקנות חומץ
כשר ולא נמצא בעירנו וגם לא בגוריציא ופדובא. כי אם נתן לי שכני הטוב כמ"ר
שמואל פאנו ה"י אמן.

 

אל חי נשא
העין

   הנה חמץ בן יין

   בקהלתנו אין.

   אנשי השם כלם

 

הקדמונים
עברו,

   החדשים גברו

   ובלשונם שברו

   גדרות צאן קדשים.

 

אם יש עומד בפרץ

   תגעש תרעש הארץ

   הן טוב להיות מחשים;

 

עד רועה עדרו
ירעה

   ישוב יקבץ התועה

   ינחנו כימי עולם:

 

ג' תשרי תרכ"ו ר'מ'ה ותולעה.








</body>
   </text>
</TEI>
