<?xml version='1.0' encoding='UTF-8'?>
<TEI xmlns="http://www.tei-c.org/ns/1.0">
   <teiHeader>
      <fileDesc>
         <titleStmt>
            <title>מכתב זכרון אל מעלת החכם</title>
            <author>רחל מורפורגו</author>
            <respStmt>
               <name>Mandel Scholion Hebrew Revival Research Group</name>
               <resp>Formatting of content from the Ben-Yehuda Project to TEI-XML according to the TEI P5 Guidelines.
                  Addition of dates, not present in the online version, by Shira Wigderson, Asaf Isser, Adi Cohen, Nitzan Cohen, and Adi Cohen.
               </resp>
            </respStmt>
         </titleStmt>
         <publicationStmt>
            <authority>Project Ben-Yehuda</authority>
            <idno>http://benyehuda.org/morpurgo/morp46.html</idno>
         </publicationStmt>
         <sourceDesc xml:lang="Hebrew">
            <bibl>
               <date when="1868" notBefore="1868-01-01" notAfter="1868-12-31"/>
            </bibl>
            <p>The Ben-Yehuda Project (http://benyehuda.org/). Content provided within the Ben-Yehuda Hackathon at the University of Haifa (THATCamp Haifa, February 2014).</p>
         </sourceDesc>
      </fileDesc>
      <revisionDesc>
         <change>
            <date>2017-08-09</date>
            <name>Jerusalem corpus of Emergent Modern Hebrew (JEMH) staff</name>
            <note>Created the initial version of the content in TEI-XML and added dates (some based on estimation)</note>
         </change>
      </revisionDesc>
   </teiHeader>
   <text>
      <body>







מכתב זכרון אל מעלת החכם / רחל מורפורגו











מכתב זכרון אל מעלת
החכם הרופא כבוד ר' יצחק לוצאטו מוכתר בנימווסו כמרדכי, על הטורח שהיה לו
בעבורי. הן אלה קצות דרכיו. כי לא אזכיר רק שנים שלשה גרגרים, זה היה הראשון.
חליתי באצבע שמאלי עד כי נפח גם הזרוע ולולי גזר גזרה רבתה הרעה. עוד היה לי קדחת שלישית.
והשקני מי מרים. וזה אחרון קרה בגרון ונתן לי קדה ושאר דברים מתוקים מנפת צופים,
ואען ואמר:

 

אשא
תשאות-חן אל אל נורא

   כי עלתה לי ארוכה ברה

   על יד מיחש יחיד בזמננו,

   ברופאים הנו נכבד בינינו.

 

אצבע יתרה
בשחיטה מתרת

   ובלי גזרה הלחה גוברת

   עוד בה שלישיה להיות
בוערת

   הקר והחם קדחת
אכזרת. 

 

מרים כסוטה
יום יום פעמים

   קרתי ושתיתי קמתי בינתים

   נחר גרוני, אך אל בשמים

 

ידע לבבי
בנשיאת כפים,

   מחל זדוני, ובקדה יומים

   הוציא רויה לי מאש ממים:

 

בריה קלה שבקלות רחל מורפורגו.

ה'תרכ"ח, 1868








</body>
   </text>
</TEI>
