<?xml version='1.0' encoding='UTF-8'?>
<TEI xmlns="http://www.tei-c.org/ns/1.0">
   <teiHeader>
      <fileDesc>
         <titleStmt>
            <title>הנה כשל זדון</title>
            <author>רחל מורפורגו</author>
            <respStmt>
               <name>Mandel Scholion Hebrew Revival Research Group</name>
               <resp>Formatting of content from the Ben-Yehuda Project to TEI-XML according to the TEI P5 Guidelines.
                  Addition of dates, not present in the online version, by Shira Wigderson, Asaf Isser, Adi Cohen, Nitzan Cohen, and Adi Cohen.
               </resp>
            </respStmt>
         </titleStmt>
         <publicationStmt>
            <authority>Project Ben-Yehuda</authority>
            <idno>http://benyehuda.org/morpurgo/morp43.html</idno>
         </publicationStmt>
         <sourceDesc xml:lang="Hebrew">
            <bibl>
               <date when="1866" notBefore="1866-01-01" notAfter="1866-12-31"/>
            </bibl>
            <p>The Ben-Yehuda Project (http://benyehuda.org/). Content provided within the Ben-Yehuda Hackathon at the University of Haifa (THATCamp Haifa, February 2014).</p>
         </sourceDesc>
      </fileDesc>
      <revisionDesc>
         <change>
            <date>2017-08-09</date>
            <name>Jerusalem corpus of Emergent Modern Hebrew (JEMH) staff</name>
            <note>Created the initial version of the content in TEI-XML and added dates (some based on estimation)</note>
         </change>
      </revisionDesc>
   </teiHeader>
   <text>
      <body>







הנה כשל זדון / רחל מורפורגו











הנה כשל זדון

 

הנה כשל
זדון

גם הלך לאבדון

עתה ישבת
מדון

כי מי יזיד
לדון

עם היושב על
חוג?

 

כי כשכור
יחוג

תופש חרב
כידון

יראו מי הוא אדון


הן אל כביר
לעזור

לכן ישלח
מזור

 

אל עם עני
אביון

הן הוא יתן
פדיון

יבנה את
אפריון

מדבר ציה
יפרח

גם אור חדש
יזרח

 

יאיר לפני
מזרח

ישמח גר עם
אזרח

עגל וכפיר
ומריא

יחדו ירעו
בשן,

כעת יבוש
כושן

 

דישון אצל
דישן,

זה יהיה לנו
אות

יראנו נוראות

נסים גם
נפלאות

ינחנו
למנוחות.

 

רמה ותולעה ורשעים
עוד אינם.

ה' תרכ"ו, 1866.








</body>
   </text>
</TEI>
