<?xml version='1.0' encoding='UTF-8'?>
<TEI xmlns="http://www.tei-c.org/ns/1.0">
   <teiHeader>
      <fileDesc>
         <titleStmt>
            <title>וזאת אשר שרה רחל על חתונתה</title>
            <author>רחל מורפורגו</author>
            <respStmt>
               <name>Mandel Scholion Hebrew Revival Research Group</name>
               <resp>Formatting of content from the Ben-Yehuda Project to TEI-XML according to the TEI P5 Guidelines.
                  Addition of dates, not present in the online version, by Shira Wigderson, Asaf Isser, Adi Cohen, Nitzan Cohen, and Adi Cohen.
               </resp>
            </respStmt>
         </titleStmt>
         <publicationStmt>
            <authority>Project Ben-Yehuda</authority>
            <idno>http://benyehuda.org/morpurgo/morp01.html</idno>
         </publicationStmt>
         <sourceDesc xml:lang="Hebrew">
            <bibl>
               <date when="1824" notBefore="1824-01-01" notAfter="1824-12-31"/>
            </bibl>
            <p>The Ben-Yehuda Project (http://benyehuda.org/). Content provided within the Ben-Yehuda Hackathon at the University of Haifa (THATCamp Haifa, February 2014).</p>
         </sourceDesc>
      </fileDesc>
      <revisionDesc>
         <change>
            <date>2018-11-01</date>
            <name>Omer Waldman</name>
            <note>Correction of previously annotated dates and addition of dates to majority of the works</note>
         </change>
         <change>
            <date>2017-08-09</date>
            <name>Jerusalem corpus of Emergent Modern Hebrew (JEMH) staff</name>
            <note>Created the initial version of the content in TEI-XML and added dates (some based on estimation)</note>
         </change>
      </revisionDesc>
   </teiHeader>
   <text>
      <body>







וזאת אשר שרה רחל על חתונתה / רחל מורפורגו











וזאת אשר שרה רחל על
חתונתה:

 

תודה לאל
נורא

לא-עוד אהיה
שוממת:

אשליך
את-כל-מורא,

לא-עוד אהיה
דוממת.

 

בחור יפה
עינים

יהיה פאר
ראשי:

נתן אדון
שמים

שאהבה
נפשי.

 

ברך יום שמחתנו,

הגיה את
חשכנו;

חיש נא קץ
הימין.

 

כונן בית
המקדש,

אז נשיר שיר
חדש:

הושיעה-לו
ימין.

 

ה'תקפ"ד,
1824

 








</body>
   </text>
</TEI>
