<?xml version='1.0' encoding='UTF-8'?>
<TEI xmlns="http://www.tei-c.org/ns/1.0">
   <teiHeader>
      <fileDesc>
         <titleStmt>
            <title>אדני נגדך כל תאותי</title>
            <author>יהודה הלוי</author>
            <respStmt>
               <name>Mandel Scholion Hebrew Revival Research Group</name>
               <resp>Formatting of content from the Ben-Yehuda Project to TEI-XML according to the TEI P5 Guidelines.
                  Addition of dates, not present in the online version, by Shira Wigderson, Asaf Isser, Adi Cohen, Nitzan Cohen, and Adi Cohen.
               </resp>
            </respStmt>
         </titleStmt>
         <publicationStmt>
            <authority>Project Ben-Yehuda</authority>
            <idno>http://benyehuda.org/rihal/rihal9_6_3.html</idno>
         </publicationStmt>
         <sourceDesc xml:lang="Hebrew">
            <bibl>
               <date when="1575" notBefore="1575-01-01" notAfter="1575-12-31"/>
            </bibl>
            <p>The Ben-Yehuda Project (http://benyehuda.org/). Content provided within the Ben-Yehuda Hackathon at the University of Haifa (THATCamp Haifa, February 2014).</p>
         </sourceDesc>
      </fileDesc>
      <revisionDesc>
         <change>
            <date>2017-08-09</date>
            <name>Jerusalem corpus of Emergent Modern Hebrew (JEMH) staff</name>
            <note>Created the initial version of the content in TEI-XML and added dates (some based on estimation)</note>
         </change>
      </revisionDesc>
   </teiHeader>
   <text>
      <body>







אדני נגדך כל תאותי / ר' יהודה הלוי














אדני! נגדך כל‑ תאותי / ר' יהודה הלוי

 

אדני! נגדך כל‑ תאותי,

ואם לא אעלנה על שפתי.

רצונך אשאלה רגע ‑ ואגוע,

ומי יתן ותבוא שאלתי,

ואפקיד את‑ שאר רוחי בידך

וישנתי וערבה לי שנתי!

ברחקי ממך – מותי בחיי,

ואם אדבק בך – חיי במותי,

אבל לא אדעה במה אקדם,

ומה תהיה עבדתי ודתי.

דרכיך, אדני, למדני,

ושוב ממאסר סכלות שבותי,

והורני בעוד יש‑ בי יכלת

להתענות, ואל תבזה ענותי,

בטרם יום אהי עלי למשא,

ויום יכבד קצתי על קצתי,

ואכנע בעל כרחי, ויאכל

עצמי עש ונלאו משאתי,

ואסע אל מקום נסעו אבותי,

ובמקום תחנותם תחנותי.

כגר תושב אני על גב אדמה,

ואולם כי בבטנה נחלתי.

נעורי עד הלם עשו לנפשם,

ומתי גם אני אעשה לביתי?

 

והעולם אשר נתן בלבי

מנעני לבקש אחריתי!

ואיכה אעבד יוצרי – בעודי

אסיר יצרי ועבד תאותי?

ואיכה מעלה רמה אבקש –

ומחר תהיה רמה אחותי!

ואיך ייטב ביום טובה לבבי,

ולא אדע – הייטב מחרתי?

והימים והלילות ערבים

לכלות את­‑ שארי עד כלותי.

ולרוח יזרון מחציתי,

ולעפר ישיבון מחציתי.

ומה אמר – ויצרי ירדפני

כאויב מנעורי עד בלותי?

ומה לי בזמן – אם לא רצונך?

ואם אינך מנתי ‑ מה מנתי?

אני ממעשים שולל וערום

וצדקתך לבדה היא כסותי –

ועוד מה אאריך לשון ואשאל!

אדני, נגדך כל‑ תאותי!

 



 






</body>
   </text>
</TEI>
