<?xml version='1.0' encoding='UTF-8'?>
<TEI xmlns="http://www.tei-c.org/ns/1.0">
   <teiHeader>
      <fileDesc>
         <titleStmt>
            <title>שיר לכבוד אליה סיזאנה</title>
            <author>משה חיים לוצאטו</author>
            <respStmt>
               <name>Mandel Scholion Hebrew Revival Research Group</name>
               <resp>Formatting of content from the Ben-Yehuda Project to TEI-XML according to the TEI P5 Guidelines.
                  Addition of dates, not present in the online version, by Shira Wigderson, Asaf Isser, Adi Cohen, Nitzan Cohen, and Adi Cohen.
               </resp>
            </respStmt>
         </titleStmt>
         <publicationStmt>
            <authority>Project Ben-Yehuda</authority>
            <idno>http://benyehuda.org/ramxal/009.html</idno>
         </publicationStmt>
         <sourceDesc xml:lang="Hebrew">
            <bibl>
               <date when="1727" notBefore="1727-01-01" notAfter="1727-12-31"/>
            </bibl>
            <p>The Ben-Yehuda Project (http://benyehuda.org/). Content provided within the Ben-Yehuda Hackathon at the University of Haifa (THATCamp Haifa, February 2014).</p>
         </sourceDesc>
      </fileDesc>
      <revisionDesc>
         <change>
            <date>2017-08-09</date>
            <name>Jerusalem corpus of Emergent Modern Hebrew (JEMH) staff</name>
            <note>Created the initial version of the content in TEI-XML and added dates (some based on estimation)</note>
         </change>
      </revisionDesc>
   </teiHeader>
   <text>
      <body>







שיר לכבוד
אליה סיזאנה /
משה חיים
לוצאטו














שיר
לכבוד אליה
סיזאנה / משה
חיים לוצאטו 

 

ביום
התעטר בעטרת
הפילוסופיאה
והרפואה
הבחור מעם
מעלת החכם
אליה סיזאנה

 

אם חוקקי
דורות כבר
כתבו
מות לאיש,
חיים לריק
ייגעו
אישים לבקש
לו, ושוא
יזרעו,
שוא נועצו
יחדיו וילבבו.

עינות
תבונת איש
מאד כזבו,
נטו אשורי
לב וידיו לעו,
כי בין אפלות
פה בטיט הטבעו:
ארחות שחקים
מאנוש שגבו.

לא כן,
ידידי, לא
מות חלקך,
כי עת כאליה
פלאים תרב,
תשא, לבקר
במרומים,
אבר -

נעלם
ונפלא יחזו
עיניך!
זה איש ללב
יראה, לחדרי
קרב,
הן מת יחיה
- לא ירפא
שבר?

 

                                    אוהב
טהר־לב משה
חיים לוצאטו

 





 






</body>
   </text>
</TEI>
