<?xml version='1.0' encoding='UTF-8'?>
<TEI xmlns="http://www.tei-c.org/ns/1.0">
   <teiHeader>
      <fileDesc>
         <titleStmt>
            <title>לשד"ל</title>
            <author>יהודה ליב גורדון</author>
            <respStmt>
               <name>Mandel Scholion Hebrew Revival Research Group</name>
               <resp>Formatting of content from the Ben-Yehuda Project to TEI-XML according to the TEI P5 Guidelines.
                  Addition of dates, not present in the online version, by Shira Wigderson, Asaf Isser, Adi Cohen, Nitzan Cohen, and Adi Cohen.
               </resp>
            </respStmt>
         </titleStmt>
         <publicationStmt>
            <authority>Project Ben-Yehuda</authority>
            <idno>http://benyehuda.org/yalag/Ylg253.html</idno>
         </publicationStmt>
         <sourceDesc xml:lang="Hebrew">
            <bibl>
               <date when="1857" notBefore="1857-01-01" notAfter="1857-12-31"/>
            </bibl>
            <p>The Ben-Yehuda Project (http://benyehuda.org/). Content provided within the Ben-Yehuda Hackathon at the University of Haifa (THATCamp Haifa, February 2014).</p>
         </sourceDesc>
      </fileDesc>
      <revisionDesc>
         <change>
            <date>2018-11-01</date>
            <name>Omer Waldman</name>
            <note>Correction of previously annotated dates and addition of dates to majority of the works</note>
         </change>
         <change>
            <date>2017-08-09</date>
            <name>Jerusalem corpus of Emergent Modern Hebrew (JEMH) staff</name>
            <note>Created the initial version of the content in TEI-XML and added dates (some based on estimation)</note>
         </change>
      </revisionDesc>
   </teiHeader>
   <text>
      <body>






לשד"ל








לשד"ל

(בשלחי לו את ספרי אדו"ם[1])

 




 
  
  אל החכם שד"ל מכל אחיו נבדל,
  רב הפעלים וגדל-
  
  
  
 
 
  
  כח, מדבר נגידים,
  
 
 
  
  יושב ארץ תימן, עם חכמים
  נאמן, וכדרדע וכהימן
  
  
  
 
 
  
  תהילתו בקהל חסידים,
  
 
 
  
  ומרב תהלתו, מגדל חכמתו,
  עוד תרב ענותו
  
  
  
 
 
  
  אל דורשי למודים,
  
 
 
  
  וכארץ מושבו, כן יחם לבבו,
  מאהבת עם מחצבו
  
  
  
 
 
  
  ושפת היהודים.
  
 
 
  
  מאת עני ודל, חכמתו לא תגדל,
  והוא קטן וחדל-
  
  
  
 
 
  
  אישים וצעיר התלמידים,
  
 
 
  
  מארץ הקרח, במקום חם ופרח,
  יאריכו רק ירח
  
  
  
 
 
  
  עם ימים אחדים, 
  
 
 
  
  עפים – כצפרים מפני קרת
  מזרים – אלה הטורים
  
  
  
 
 
  
  נקדים וברדים, 
  
 
 
  
  ומעני הדרך, ובלב מלא מרך,
  הם כרעים לך ברך
  
  
  
 
 
  
  ומול כבודך סוגדים ;
  
 
 
  
  ויחלו פניך: שימה-נא עיניך,
  עלינו בניך
  
  
  
 
 
  
  מעיר מרחק נודדים.
  
 
 
  
  ואם זכה זכינו, אז גם את אבינו,
  תזכר-נא על פינו
  
  
  
 
 
  
  ברחמים וחסדים,
  
 
 
  
  ששלחנו הנה, מצפון תימנה,
  ועיניו תכלינה
  
  
  
 
 
  
  עד מועד מועדים ;
  
 
 
  
  לשמח לבהו, משפטך
  השמיעהו; אם טוב אם רע הנהו–
  
  
  
 
 
  
  כלו מחמדים.
  
 
 
  
  פי הוא המדבר, ולבבי המשבר
  אנכי המחבר
  
  
  
 
 
  
  לך עבד עבדים.
  
 




 

                                                                                                                                                      (תרי"ז)

 





 











[1] "אהבת דוד ומיכל", שיר עלילתי פרי עטו של יל"ג.
[א"ב]








</body>
   </text>
</TEI>
