<?xml version='1.0' encoding='UTF-8'?>
<TEI xmlns="http://www.tei-c.org/ns/1.0">
   <teiHeader>
      <fileDesc>
         <titleStmt>
            <title>חמור נושא ספוג וחמור נושא מלח</title>
            <author>יהודה ליב גורדון</author>
            <respStmt>
               <name>Mandel Scholion Hebrew Revival Research Group</name>
               <resp>Formatting of content from the Ben-Yehuda Project to TEI-XML according to the TEI P5 Guidelines.
                  Addition of dates, not present in the online version, by Shira Wigderson, Asaf Isser, Adi Cohen, Nitzan Cohen, and Adi Cohen.
               </resp>
            </respStmt>
         </titleStmt>
         <publicationStmt>
            <authority>Project Ben-Yehuda</authority>
            <idno>http://benyehuda.org/yalag/ylg163.html</idno>
         </publicationStmt>
         <sourceDesc xml:lang="Hebrew">
            <bibl>
               <date when="1859" notBefore="1859-01-01" notAfter="1859-12-31"/>
            </bibl>
            <p>The Ben-Yehuda Project (http://benyehuda.org/). Content provided within the Ben-Yehuda Hackathon at the University of Haifa (THATCamp Haifa, February 2014).</p>
         </sourceDesc>
      </fileDesc>
      <revisionDesc>
         <change>
            <date>2018-11-01</date>
            <name>Omer Waldman</name>
            <note>Correction of previously annotated dates and addition of dates to majority of the works</note>
         </change>
         <change>
            <date>2017-08-09</date>
            <name>Jerusalem corpus of Emergent Modern Hebrew (JEMH) staff</name>
            <note>Created the initial version of the content in TEI-XML and added dates (some based on estimation)</note>
         </change>
      </revisionDesc>
   </teiHeader>
   <text>
      <body>







חמור נושא ספוג וחמור נושא מלח / יהודה ליב גורדון










חמור נשא
ספוג וחמור נשא מלח / יהודה ליב גורדון

 

איש אחד נהג
חמורים שנים:

אחד נשא ספוג
ויהי קל רגלים,

השני נשא
בכבדת רגליהו

כי העמיס
המחמר מלח עליהו.

כן עלו הרים
ובקעות ירדו

עד לשפת נחל
הגיעו עמדו,

כי מעברה
אין אותו לצלוח.

אז על נשא
הספוג האדם יעל,

כי ידע שם
דרך לעבור בשעל

ולפניו נשא
המלח שלח שלוח;

אך זה החמור
יגע ורפה ברך

כמעט בא
במים קרא כבנו מנוח;

"תמת
נפשי עמם!" ויט בכח

ויפל בבור,
כי סר מן הדרך.

כה מרו חייו,
כה התקצף קצף!

ויהי כאשר
עד גבו מים באו

וימס המלח

נמוג וילך                

ויקל נטלו
ויעל ויצף.

באשרו גם
רגלי רעו יצאו

ויצל גם הוא
עד צואר במים,

ויטבל גם
רוכבו עד הברכים:

אויל החמור ובני-אתון
לא יבן!

ופתאם כבד
נטלו כבד אבן,

כי מלא
הספוג מים רבים חמר

עד כי כשל
כח החמור; ויאמר  

לטבע, לולא
מהר איש ויצילהו.

מי הצילו – לא
לנו לדעת!

רק החמור הזה
יורה לנו דעת,

כי לא טוב
לאיש לעצום עיניהו,

ללכת כעור
באשר ילך רעהו.

 





 












</body>
   </text>
</TEI>
