<?xml version='1.0' encoding='UTF-8'?>
<TEI xmlns="http://www.tei-c.org/ns/1.0">
   <teiHeader>
      <fileDesc>
         <titleStmt>
            <title>אל מעלת החכם הרופא</title>
            <author>רחל מורפורגו</author>
            <respStmt>
               <name>Mandel Scholion Hebrew Revival Research Group</name>
               <resp>Formatting of content from the Ben-Yehuda Project to TEI-XML according to the TEI P5 Guidelines.
                  Addition of dates, not present in the online version, by Shira Wigderson, Asaf Isser, Adi Cohen, Nitzan Cohen, and Adi Cohen.
               </resp>
            </respStmt>
         </titleStmt>
         <publicationStmt>
            <authority>Project Ben-Yehuda</authority>
            <idno>http://benyehuda.org/morpurgo/morp11.html</idno>
         </publicationStmt>
         <sourceDesc xml:lang="Hebrew">
            <bibl>
               <date when="1850" notBefore="1850-01-01" notAfter="1850-12-31"/>
            </bibl>
            <p>The Ben-Yehuda Project (http://benyehuda.org/). Content provided within the Ben-Yehuda Hackathon at the University of Haifa (THATCamp Haifa, February 2014).</p>
         </sourceDesc>
      </fileDesc>
      <revisionDesc>
         <change>
            <date>2018-11-01</date>
            <name>Omer Waldman</name>
            <note>Correction of previously annotated dates and addition of dates to majority of the works</note>
         </change>
         <change>
            <date>2017-08-09</date>
            <name>Jerusalem corpus of Emergent Modern Hebrew (JEMH) staff</name>
            <note>Created the initial version of the content in TEI-XML and added dates (some based on estimation)</note>
         </change>
      </revisionDesc>
   </teiHeader>
   <text>
      <body>







אל מעלת החכם הרופא / רחל מורפורגו











אל מעלת החכם הרופא
ר' יצחק לוצאטו בהולד לו בן ממרת אשתו יפה "כלבנה" במלואה,  האירה ביום שלישי שנאמר בו פעמים כי טוב,
ביום טוב במזל טוב ונמול בשמחת תורה שנת יתר שאת ויתר עז. בטרם תחיל ילדה

 

הודו לאל כי
טוב

כי ילד רך
וטוב

נולד בסימן
טוב

יגדל במזל
טוב

 

יהיה בחור
וטוב

הולך גדל
וטוב

תמיד כגן
רטב

עם חן ושכל
טוב:

 

יוסיף חכמה
וטוב

יזקין ירוה
מטוב

ישמח
מכל-הטוב

 

אנא האל הטוב

צוה למלאך
טוב

יחיש לבשר
טוב:

 

ה'תר"י, 1850.








</body>
   </text>
</TEI>
