<?xml version='1.0' encoding='UTF-8'?>
<TEI xmlns="http://www.tei-c.org/ns/1.0">
   <teiHeader>
      <fileDesc>
         <titleStmt>
            <title>הרעה מצוה לבנו</title>
            <author>יהודה ליב גורדון</author>
            <respStmt>
               <name>Mandel Scholion Hebrew Revival Research Group</name>
               <resp>Formatting of content from the Ben-Yehuda Project to TEI-XML according to the TEI P5 Guidelines.
                  Addition of dates, not present in the online version, by Shira Wigderson, Asaf Isser, Adi Cohen, Nitzan Cohen, and Adi Cohen.
               </resp>
            </respStmt>
         </titleStmt>
         <publicationStmt>
            <authority>Project Ben-Yehuda</authority>
            <idno>http://benyehuda.org/yalag/ylg190.html</idno>
         </publicationStmt>
         <sourceDesc xml:lang="Hebrew">
            <bibl>
               <date when="1859" notBefore="1859-01-01" notAfter="1859-12-31"/>
            </bibl>
            <p>The Ben-Yehuda Project (http://benyehuda.org/). Content provided within the Ben-Yehuda Hackathon at the University of Haifa (THATCamp Haifa, February 2014).</p>
         </sourceDesc>
      </fileDesc>
      <revisionDesc>
         <change>
            <date>2018-11-01</date>
            <name>Omer Waldman</name>
            <note>Correction of previously annotated dates and addition of dates to majority of the works</note>
         </change>
         <change>
            <date>2017-08-09</date>
            <name>Jerusalem corpus of Emergent Modern Hebrew (JEMH) staff</name>
            <note>Created the initial version of the content in TEI-XML and added dates (some based on estimation)</note>
         </change>
      </revisionDesc>
   </teiHeader>
   <text>
      <body>







הרעה מצוה לבנו / יהודה ליב גורדון



 




  
  


הרעה מצוה לבנו
/ יהודה ליב גורדון

 

עורב זולל עמד
על גג הרפת

רעה זקן ראה כי
קרבו שניו

לעזב צאן מרעיתו
לעזב החלד,

ויטש עדרו על
יד אחד מבניו

נער קטן ורך,
כמעט עודו ילד.

ובטרם יעזבהו

קרא לו ויצוהו:

בן יקיר לי! הנה
אעזבך,

עתה אתה תנהג
צאן אדניך,

הזהר לעשות
מעשיך באמונה

ובדעת ובתבונה.

לא לפנק בשרך
אתה

שומר הצאן נתת,

לא ללבוש שלמת
אדר,

לאכול נתח טוב
ופדר,

או לשבת חדר
בחדר

כלול בעדי כל
הדר

שמתיך ראש
העדר,

כי להיות חומה
על עם מרעיתך

בלבבך ומאדך
ובכל נפשך;

לתור להם מחסה
מרוח סער

ולהגן עליהם
מחיתו יער,

ולנהלם יחד כעתוד
ככשב

על מי מנוחות בנאות
דשא ועשב

לשובב למקומה
את הנדחת

וליסר הסוררה
בנעם ונחת.

על הרכות הענגות

תשמר מאין הפגות       

ובלכתן אנה
ואנה

תדע עת צאתן,
עת באנה,

למבקש ישע
תושיע

במהרה לא בעצלתים,

וכבר ראינו מה
הגיע

בהיות הרועה
שפל ידים[1].

ואני הנה קרוב
יום מותי

את כל עדרי הצאן
בי העידתי,

יתיצבו יגידו

ובי יעידו

אם את מי עשקתי,
אם מי רצותי!"

כה קרא הרעה
ובלב בטוח,

כי ידע בר כפיו
נקיון הרוח;

ומה-נמרצו דברי
מוכיח

אם מעשיו ודבריו
יתאימו!

כהתימו אל צאנו
לשיח

כל העדרים קולם
הרימו

ולרעם תודה נתנו,

כי אמריו נאמנו,

כי כל הימים

היה עמם תמים

לא הפיל מהם ארצה
שער

ולעשקם אדם
לא הניח.

אך אין צדיק בארץ
בבני הקרת

אשר לא יתנו
בו רעי לב מגערת!

גם פה נשמע
פתאם  קול מן היער:

"הוי מאריך
לשון, מתהלל על שקר!

איכה תתפאר
כי כל ימיך

עולה לאיש לא
פעלו ידיך,

הן לי עשית רעות
רבות אין חקר,

כי אנכי ובני
ביתי כלנו

כל ימיך חרפת
רעב נשאנו".

כה גלה הזאב
לרעה אשמתו –

אז הוסיף הרעה
דעת תמתו!

 

אם לבנו יודע

כי גמלנו טוב
לרע,

אז אל נא יפל לבנו

אם אדם רע יוכיחנו

אשרי הרעה, אשרי
גם עדרהו,

אשר הזאבים
ילנו עליהו!!

 





 











[1] ס' ראשון, משל הרועה והזאב.








</body>
   </text>
</TEI>
