<?xml version='1.0' encoding='UTF-8'?>
<TEI xmlns="http://www.tei-c.org/ns/1.0">
   <teiHeader>
      <fileDesc>
         <titleStmt>
            <title>אל חכם הרזים בכל מיני חרוזים</title>
            <author>רחל מורפורגו</author>
            <respStmt>
               <name>Mandel Scholion Hebrew Revival Research Group</name>
               <resp>Formatting of content from the Ben-Yehuda Project to TEI-XML according to the TEI P5 Guidelines.
                  Addition of dates, not present in the online version, by Shira Wigderson, Asaf Isser, Adi Cohen, Nitzan Cohen, and Adi Cohen.
               </resp>
            </respStmt>
         </titleStmt>
         <publicationStmt>
            <authority>Project Ben-Yehuda</authority>
            <idno>http://benyehuda.org/morpurgo/morp22.html</idno>
         </publicationStmt>
         <sourceDesc xml:lang="Hebrew">
            <bibl>
               <date when="1850" notBefore="1850-01-01" notAfter="1850-12-31"/>
            </bibl>
            <p>The Ben-Yehuda Project (http://benyehuda.org/). Content provided within the Ben-Yehuda Hackathon at the University of Haifa (THATCamp Haifa, February 2014).</p>
         </sourceDesc>
      </fileDesc>
      <revisionDesc>
         <change>
            <date>2018-11-01</date>
            <name>Omer Waldman</name>
            <note>Correction of previously annotated dates and addition of dates to majority of the works</note>
         </change>
         <change>
            <date>2017-08-09</date>
            <name>Jerusalem corpus of Emergent Modern Hebrew (JEMH) staff</name>
            <note>Created the initial version of the content in TEI-XML and added dates (some based on estimation)</note>
         </change>
      </revisionDesc>
   </teiHeader>
   <text>
      <body>







אל חכם הרזים בכל מיני חרוזים / רחל מורפורגו











קינה היא אל הלקח
ארון האלהים, החסיד הענו, תפארת דורו, הישר והנאמן, הדרשן המפורסם, אשר הפליא
לעשות טוב כל ימי חייו מה שאין הפה יכול לדבר והאזן יכולה לשמוע. אב"ד פה
טריאסטי יע"א כמוהר"ר שבתי אלחנן טריויש האיר קהלתנו כ"ג
שנה, ויסע מלאך האלהים מעיר טריאסטי אל עיר מולדתו טורינו ויצאו לקראתו בקול המון
חוגג ובגילה ושמחה רבה. פתאם נקרא אל על כי אל-חנן לו, חפץ היה לשוב שמה, מנין
שניו אשרי אדם עז לו בך, סיון בשנת ויתר עז.

 

קול שועת בת
עמי מארץ מרחקים

נא סובבו העיר
ברחובות ושוקים,

הן הצדיק אבד
ספדו חגרו שקים,

איה אב
הרחמן דל מעפר מקים.

 

בת קול

נקרא אל אל
בשמים ממעל

משבתי שבת
עמל, ותעל

נשמת אלחנן
הוא רועה נאמן

לרעות בגנים
אל אוצר טמן.

 

ותקהל העדה ותקרא

כלנו כצאן תעינו

איש איש אל
בצעו פנינו

טובנו לדרש
נכספת

ובחטאתנו
נאספת.

 

איכה נרעה
בלתך?

נשוב אל
תוכחתך,

איכה נשא
ראשנו

אם לא תשוב
אלינו?

 

תשובת הרב

שמעו נא אחי
לדברי הקשיבו

איש איש את רעו
מדרכו השיבו;

ברכו אדוני
דין אמת

הנחמו בני
אינני מת!

 

הלכתי
למנוחות – אל שבעה היכלות

אלהי הרוחות –
אל רום המעלות

העלני חסדו
– הראני כבודו,

הלבישני
מדו – חנני מהודו!

 

עוד אשוב
אתכם

היטיבו
דרככם,

אתפלל
עליכם

ואברך אתכם!

 

לכו ונשובה אל ה' כי הוא טרף וירפאני יך ויחבשני יחינו מיומים

אני רמ"ה ותולעה

 








</body>
   </text>
</TEI>
