<?xml version='1.0' encoding='UTF-8'?>
<TEI xmlns="http://www.tei-c.org/ns/1.0">
   <teiHeader>
      <fileDesc>
         <titleStmt>
            <title>בעלי השיר</title>
            <author>יהודה ליב גורדון</author>
            <respStmt>
               <name>Mandel Scholion Hebrew Revival Research Group</name>
               <resp>Formatting of content from the Ben-Yehuda Project to TEI-XML according to the TEI P5 Guidelines.
                  Addition of dates, not present in the online version, by Shira Wigderson, Asaf Isser, Adi Cohen, Nitzan Cohen, and Adi Cohen.
               </resp>
            </respStmt>
         </titleStmt>
         <publicationStmt>
            <authority>Project Ben-Yehuda</authority>
            <idno>http://benyehuda.org/yalag/Ylg108.html</idno>
         </publicationStmt>
         <sourceDesc xml:lang="Hebrew">
            <bibl>
               <date when="1859" notBefore="1859-01-01" notAfter="1859-12-31"/>
            </bibl>
            <p>The Ben-Yehuda Project (http://benyehuda.org/). Content provided within the Ben-Yehuda Hackathon at the University of Haifa (THATCamp Haifa, February 2014).</p>
         </sourceDesc>
      </fileDesc>
      <revisionDesc>
         <change>
            <date>2018-11-01</date>
            <name>Omer Waldman</name>
            <note>Correction of previously annotated dates and addition of dates to majority of the works</note>
         </change>
         <change>
            <date>2017-08-09</date>
            <name>Jerusalem corpus of Emergent Modern Hebrew (JEMH) staff</name>
            <note>Created the initial version of the content in TEI-XML and added dates (some based on estimation)</note>
         </change>
      </revisionDesc>
   </teiHeader>
   <text>
      <body>






בעלי השיר / יהודה ליב גורדון








בעלי השיר

 

החמור הקל
לשמע, ארך-האזנים,

הדב החרוץ
ויפה אצבעות הידים,

הקף המפליא
לעשות מעשה גבר,

התיש בעל
הזקן חכם העדר – 

כל אלה
נוסדו יחד חברו חבר,

על עין מים
חיים ישבו בסדר

ונבלים וכלי
שיר אתם הביאו

לפרוט על נבל,
לשיר ולנצח

ואלהים
ואנשים במלאכתם שמח.

תקעו
בשופרות, בכלי שיר הריעו

קל קרנא
משרוקיתא – אך אין טוב טעם!

„הס! – קרא הדב – חכמתי הפעם,

הן לא כן
נשבה איכה נצליח?!

שב-כה, הקף,
נגדי תחת השיח

ולעמת החמור
התיש כי יען,

או אז נצלח
וזמיר עריצים נען,

הרים ירקדו
וגבעות גיל תחגרנה”.

ישבו כדבריו
ויכו בנבל

וסדרים אין,
תהפוכה ותבל.

„אף אין זאת – נער החמור – שמעוני

תארו מחוגה,
וכמו אטד הגרנה

הקיפו נא
עלי, יחד סבני,

או אז נעש
חיל, קול שיר נרימה

וכמו מללי
גללי זמרה ננעימה”,

שמעו לחמור,
אך אין מזור לצרה,

נסרחה
זמרתם, חכמתם נבערה.

אז קם שאון
בם ומצה הוסיפו

ועשרת מונים
מושבם החליפו.

 

עודם נצים
ורננים-נעלסה עברה,

מעפה ביעף
עדימו הגיעה,

ויבאו
המזמרים לשאול פיה:

גם מנים גם
עוגב פה יש עמנו,

גם שופר
לריע, אך הגידי לנו

איככה נשב
בעבור הנעים זמר?

ותען הצפור
למו ותאמר:

שוא תעמלו,
אחי, הבל תיגעו,

לא אתם נגן
לא לשיר תדעו;

גם אזני
החמור גם אצבעות הדב

לפרוט על נבל
ולשורר לא טוב;

אם ממעי
אמתיכם רוח

השיר עליכם
לא תנוח

שוא מושב
תבחרו, עמדה תקחו – 

אם כה וכה
תשבו למנגנים לא תצלחו.

 





 






</body>
   </text>
</TEI>
