<?xml version='1.0' encoding='UTF-8'?>
<TEI xmlns="http://www.tei-c.org/ns/1.0">
   <teiHeader>
      <fileDesc>
         <titleStmt>
            <title>העגלה השוקעת בבוץ</title>
            <author>יהודה ליב גורדון</author>
            <respStmt>
               <name>Mandel Scholion Hebrew Revival Research Group</name>
               <resp>Formatting of content from the Ben-Yehuda Project to TEI-XML according to the TEI P5 Guidelines.
                  Addition of dates, not present in the online version, by Shira Wigderson, Asaf Isser, Adi Cohen, Nitzan Cohen, and Adi Cohen.
               </resp>
            </respStmt>
         </titleStmt>
         <publicationStmt>
            <authority>Project Ben-Yehuda</authority>
            <idno>http://benyehuda.org/yalag/ylg160.html</idno>
         </publicationStmt>
         <sourceDesc xml:lang="Hebrew">
            <bibl>
               <date when="1859" notBefore="1859-01-01" notAfter="1859-12-31"/>
            </bibl>
            <p>The Ben-Yehuda Project (http://benyehuda.org/). Content provided within the Ben-Yehuda Hackathon at the University of Haifa (THATCamp Haifa, February 2014).</p>
         </sourceDesc>
      </fileDesc>
      <revisionDesc>
         <change>
            <date>2018-11-01</date>
            <name>Omer Waldman</name>
            <note>Correction of previously annotated dates and addition of dates to majority of the works</note>
         </change>
         <change>
            <date>2017-08-09</date>
            <name>Jerusalem corpus of Emergent Modern Hebrew (JEMH) staff</name>
            <note>Created the initial version of the content in TEI-XML and added dates (some based on estimation)</note>
         </change>
      </revisionDesc>
   </teiHeader>
   <text>
      <body>







העגלה השוקעת בבוץ / יהודה ליב גורדון








העגלה הטובעת
בבץ / יהודה ליב גורדון

 

תושיע לך ידך

ואלהים יושיעך.

עגלה טעונה טבעה ברפש

עד ידות אופניה. ותקצר נפש

בעל העגלה;  כי האסון קרהו

במקום עקבות אדם לא נודעו,

במקום אין איש לבוא לעזרתו

למשות עגלתו.

לא אליכם מכאוב זה, כל עברי ארח!

ובכן רפו ידיו, נשתה גבורתו,

ובלי אמץ כח ובלי כל טרח

עמד ככסיל חבק ידים.

בתחלה קצף ויקלל,

אחר נשא עיניו שמים.

ויעמד ויתפלל:

"אדני האדנים

רוכב בערבות,

זכר-לי ברית ראשונים,

זכר-לי זכות אבות!

כמו שענית לירמיהו

ענני;

שלח לי את אליהו

ויעלני

מטיט היון, מבאר החמר!"

והנה קול אליו דבר ויאמר:

"אני אליהו;

שלחתי לעזרך.

פני לא יראו,

אך עשה את אצוך:

הבט מסביביך, חפש חפש

איפה המכשל? מה-ירט דרכך?

הרם החמר, הסירה הרפש

האוחזים כמשמרות את גלגליך.

קח הפטיש, הך האבנים ופוצצמו

ומלא זאת המהמרה ברסיסימו.

המלאת?" ­ – "מלאתי אחרי דבריך!"
–

"עתה עורר השוט ודפק סוסיך!"

­­­– "הו-הו, סוסי, ססתי,           

יפתי, תמתי,

נסו, מלטו,

הושיעו, פלטו!!

האח, האח, הוציאו עגלתי!

ברוך אתה לי, אליהו,

כי עזרתני!" –

"בן-אדם, לא אני,

(קול ענה אזניו שמעו)

לא ידי עגלתך הוציאו:

סוסיך וזרעך לעשות הפליאו".

 

לאיש אשר ידו לו לא תושיע

לא ישלח גם אל עזרה מרקיע.

 





 






</body>
   </text>
</TEI>
