<?xml version='1.0' encoding='UTF-8'?>
<TEI xmlns="http://www.tei-c.org/ns/1.0">
   <teiHeader>
      <fileDesc>
         <titleStmt>
            <title>לכבוד הדודים היקרים</title>
            <author>רחל מורפורגו</author>
            <respStmt>
               <name>Mandel Scholion Hebrew Revival Research Group</name>
               <resp>Formatting of content from the Ben-Yehuda Project to TEI-XML according to the TEI P5 Guidelines.
                  Addition of dates, not present in the online version, by Shira Wigderson, Asaf Isser, Adi Cohen, Nitzan Cohen, and Adi Cohen.
               </resp>
            </respStmt>
         </titleStmt>
         <publicationStmt>
            <authority>Project Ben-Yehuda</authority>
            <idno>http://benyehuda.org/morpurgo/morp16.html</idno>
         </publicationStmt>
         <sourceDesc xml:lang="Hebrew">
            <bibl>
               <date when="1852" notBefore="1852-01-01" notAfter="1852-12-31"/>
            </bibl>
            <p>The Ben-Yehuda Project (http://benyehuda.org/). Content provided within the Ben-Yehuda Hackathon at the University of Haifa (THATCamp Haifa, February 2014).</p>
         </sourceDesc>
      </fileDesc>
      <revisionDesc>
         <change>
            <date>2018-11-01</date>
            <name>Omer Waldman</name>
            <note>Correction of previously annotated dates and addition of dates to majority of the works</note>
         </change>
         <change>
            <date>2017-08-09</date>
            <name>Jerusalem corpus of Emergent Modern Hebrew (JEMH) staff</name>
            <note>Created the initial version of the content in TEI-XML and added dates (some based on estimation)</note>
         </change>
      </revisionDesc>
   </teiHeader>
   <text>
      <body>







לכבוד הדודים היקרים / רחל מורפורגו











לכבוד הדודים היקרים
כמ"ר שמואל דוד בן דודי כמ"ר חזקיה לוצאטו תנצב"ה עם
מרת כלתו בלהה בת שבע בת כמ"ר רפאל סגרי, ואני שמרתי
ארחות פריץ, ופרצתי הגדר ולא חשתי לתת התנועה והיתד כראוי, כי כבדה עלי העבודה כי
הילדים רכים ולא יכלתי לעמוד על זה ואתה שא נא את חטאתי ושמע נא את חידתי, דרך
אניה בלב ים.[1]

 

על הגחון אני
אלך

ובפי רחב
תוכל לילך

אזי חבל עלי
השלך

אפל מהר אל
גורלך.

 

יש לי גרון
במאד קצר

ושני חורים
עשה יוצר

עלי ראשי
להיות נוצר

את נפשי בי
בלתי עוצר.

 

ושני בנים
בכל שנה

אני אלד,
ובלי שנה

אניק אותם, אך
כי צנה

בכל-ביתי
ובכל-פנה.

 

מעצמי גם
תחזה[2]

כי הכלה  על החזה

תיטיב לשאת
בזמן הזה

היטב הדק
ושאל מה זה.

 

ושמי תקרא
עם הכלה[3]

ומנהיגה לא
תתן לה[4]

כי אז תהפך
בלתי עצלה

אל מול יפיה
ותאמר לה.

 

תובל הנה[5]
המנורה

עם שחץ רב
תרבה אורה;

גם כפרה
תמשח עורה

הסוד יגל אז
במהרה.

 

ברכת הדיוט
אל נא תבזה

אוצר נחמד
אני חוזה

מלא כל-טוב
לביא בזה

יתן האל אל
זוג הזה.

 

נפל אשת יעקב מורפורגו

ה'תרי"ב, 1852













[1]  החידה על התנין.





[2]  מקצצים עצי התנין הנתלים מחכו למטות דקות
ותופרים אותן בפתיגיל שנושאות הנשים סביב לגופן במקום החזה למען לא תלכנה בקומה
כפופה.





[3]  שם הכלה Bellina  דומה לשם Balena.





[4]  מנהיג האשה הוא
המראה, ובהיות הכלה יפה כשמש, אך תתן לה מנהיגה כי אז וכו'.





[5]  אם תכתב שתי התבות
"תובל הנה" באותיות איטלקיות תקרא Tu Valena
אתה התנין.








</body>
   </text>
</TEI>
