<?xml version='1.0' encoding='UTF-8'?>
<TEI xmlns="http://www.tei-c.org/ns/1.0">
   <teiHeader>
      <fileDesc>
         <titleStmt>
            <title>הנשרים והיונים</title>
            <author>יהודה ליב גורדון</author>
            <respStmt>
               <name>Mandel Scholion Hebrew Revival Research Group</name>
               <resp>Formatting of content from the Ben-Yehuda Project to TEI-XML according to the TEI P5 Guidelines.
                  Addition of dates, not present in the online version, by Shira Wigderson, Asaf Isser, Adi Cohen, Nitzan Cohen, and Adi Cohen.
               </resp>
            </respStmt>
         </titleStmt>
         <publicationStmt>
            <authority>Project Ben-Yehuda</authority>
            <idno>http://benyehuda.org/yalag/ylg186.html</idno>
         </publicationStmt>
         <sourceDesc xml:lang="Hebrew">
            <bibl>
               <date when="1859" notBefore="1859-01-01" notAfter="1859-12-31"/>
            </bibl>
            <p>The Ben-Yehuda Project (http://benyehuda.org/). Content provided within the Ben-Yehuda Hackathon at the University of Haifa (THATCamp Haifa, February 2014).</p>
         </sourceDesc>
      </fileDesc>
      <revisionDesc>
         <change>
            <date>2018-11-01</date>
            <name>Omer Waldman</name>
            <note>Correction of previously annotated dates and addition of dates to majority of the works</note>
         </change>
         <change>
            <date>2017-08-09</date>
            <name>Jerusalem corpus of Emergent Modern Hebrew (JEMH) staff</name>
            <note>Created the initial version of the content in TEI-XML and added dates (some based on estimation)</note>
         </change>
      </revisionDesc>
   </teiHeader>
   <text>
      <body>







הנשרים והיונים / יהודה ליב גורדון



 




  
  


הנשרים והיונים
/ יהודה ליב גורדון

 

קול רעש מלחמה

הרגיז האדמה!

לא קול ממלכות
גוים נלחמים יחד

על שליש עפר
על מי שעל אחד,

כי אם הנשרים
צפרי שד וטרף

עשו מלחמה באף
וקשי ערף

על נבלת כלב
מתבוססת

וברגלים נרמסת.

הוי! יום אים היה
מאין כמהו,

כמעט קט ותשב
תבל לתהו,

כי הלחמים מרום
למאד התמרמרו,

מאגפי מחנתם
המאורות קדרו,

דקרו איש אחיו,
המיתו, רדפו,

גבורים נאספו,
אבירים נסחפו,

ושדודים כרעו,
וחללים נפלו,

ושחקים כמטר
דמים נזלו,

ומרגע לרגע ירב
הכעש,

תחזק המהומה,
יגדל הרעש,

אין איש מתעודד,
אין מי שלום יעש

ובכן היונים
נפשם בכף שמו,

עם רדף שלום הם,
גם עתה קמו.

"רב לכם הלחם
– לנשרים אמרו –

המעט מכם חלליכם
נפלו, נדקרו,

באפיקים, בגאיות,

בהרים ובגבעות,

פגרי הנשרים
מאכל לזאבי ערב –

האין די עוד?  הלנצח תאכל חרב?!"

אל קול היונים
הנשרים לב שמו

השיבו חרבם
לנדן וישלמו. –

אך אוי להם ליונים!

הנשרים הגאיונים

עתה צור חרבם
עלימו השיבו

ורדפום וטרפום
בדי גוזלימו.

זאת להם תחת כי
למו הטיבו

לשקיט הריב ולהמעיט חללימו.

 

פשר דבר זה
יבן

כל איש מבין
יודע:

כי תרא רעים ינצו
יריבו,

עמד מנגד, אל
תשלם בינימו;

יתפרדו פעלי
און –

אז לא יוכלו הרע.

 





 






</body>
   </text>
</TEI>
