<?xml version='1.0' encoding='UTF-8'?>
<TEI xmlns="http://www.tei-c.org/ns/1.0">
   <teiHeader>
      <fileDesc>
         <titleStmt>
            <title>השושנה וצפור קיץ</title>
            <author>יהודה ליב גורדון</author>
            <respStmt>
               <name>Mandel Scholion Hebrew Revival Research Group</name>
               <resp>Formatting of content from the Ben-Yehuda Project to TEI-XML according to the TEI P5 Guidelines.
                  Addition of dates, not present in the online version, by Shira Wigderson, Asaf Isser, Adi Cohen, Nitzan Cohen, and Adi Cohen.
               </resp>
            </respStmt>
         </titleStmt>
         <publicationStmt>
            <authority>Project Ben-Yehuda</authority>
            <idno>http://benyehuda.org/yalag/ylg174.html</idno>
         </publicationStmt>
         <sourceDesc xml:lang="Hebrew">
            <bibl>
               <date when="1859" notBefore="1859-01-01" notAfter="1859-12-31"/>
            </bibl>
            <p>The Ben-Yehuda Project (http://benyehuda.org/). Content provided within the Ben-Yehuda Hackathon at the University of Haifa (THATCamp Haifa, February 2014).</p>
         </sourceDesc>
      </fileDesc>
      <revisionDesc>
         <change>
            <date>2018-11-01</date>
            <name>Omer Waldman</name>
            <note>Correction of previously annotated dates and addition of dates to majority of the works</note>
         </change>
         <change>
            <date>2017-08-09</date>
            <name>Jerusalem corpus of Emergent Modern Hebrew (JEMH) staff</name>
            <note>Created the initial version of the content in TEI-XML and added dates (some based on estimation)</note>
         </change>
      </revisionDesc>
   </teiHeader>
   <text>
      <body>







השושנה וצפור קיץ / יהודה ליב גורדון



 




  
  


השושנה וצפור
קיץ / יהודה ליב גורדון

 

מחם קרני שמש
מלכת רקיע

נבקעה כוס שושן,
התפתח גביע,

ותצא שושנה
רכה ויפת תאר

כיפי יעלת חן
בצפירת הנער,

כיקר אדם שחר
באביב לטהר.

ויהי כי נפקחו
עפעפי עיניה

ותרא את השמש
אל נכח פניה –

המאור הגדול
לפיד אלוה,

הוא הנצב על כל
כוכבי שמים,

ותדע כי מידו
לה קרנים,

כי הוא הוא המשפיע
מגבוה

עליה כל חן, כל
עדנה ונחת,

ובלב נחם ובנפש
מתלקחת

את שפתותיה החמדות
הניעה

ולאיש חסדה
תודת לבה הביעה.

ותעבר צפור-קיץ
על פניה         

ותרא את השושנה
מתפללת,

ותצחק לה ותקרא
אליה:

"הוי שושנה
טובת-חן אך אולת!

על מי תביעי
רוחך, לבך נא שיתי

על מי תשיחי
ודברך תשחיתי,

הישמע שמש
שיחך מגבוה?

ההוא ישח ישפל
ממרומי שבת

לתת כיום הזה
אזן קשבת

קול פרח אמלל
מארץ לשמוע?"

ומה-לי ולו? –
היא לענות מהרה –

ישמע או יחדל,
אני לא אחרישה;

ירצה או ימאס,
תודתי אגישה;

כי הציקתני
רוחי על כן אדברה!

 

"אל, בתי!
– ענה שמש מגבהי ערפל –

שמעתי את קולך
מכנף ארץ השפל,

שמעי ודעי כי
הגדולים בחלד

לא יבזו כל שפל,
נער או ילד;

כי לא בגדל לב-איש
גדול הנהו –

גאותו תשפילנו,
ענותו תרבהו".

 





 






</body>
   </text>
</TEI>
