<?xml version='1.0' encoding='UTF-8'?>
<TEI xmlns="http://www.tei-c.org/ns/1.0">
   <teiHeader>
      <fileDesc>
         <titleStmt>
            <title>האדם והכלב</title>
            <author>יהודה ליב גורדון</author>
            <respStmt>
               <name>Mandel Scholion Hebrew Revival Research Group</name>
               <resp>Formatting of content from the Ben-Yehuda Project to TEI-XML according to the TEI P5 Guidelines.
                  Addition of dates, not present in the online version, by Shira Wigderson, Asaf Isser, Adi Cohen, Nitzan Cohen, and Adi Cohen.
               </resp>
            </respStmt>
         </titleStmt>
         <publicationStmt>
            <authority>Project Ben-Yehuda</authority>
            <idno>http://benyehuda.org/yalag/Ylg194.html</idno>
         </publicationStmt>
         <sourceDesc xml:lang="Hebrew">
            <bibl>
               <date when="1859" notBefore="1859-01-01" notAfter="1859-12-31"/>
            </bibl>
            <p>The Ben-Yehuda Project (http://benyehuda.org/). Content provided within the Ben-Yehuda Hackathon at the University of Haifa (THATCamp Haifa, February 2014).</p>
         </sourceDesc>
      </fileDesc>
      <revisionDesc>
         <change>
            <date>2018-11-01</date>
            <name>Omer Waldman</name>
            <note>Correction of previously annotated dates and addition of dates to majority of the works</note>
         </change>
         <change>
            <date>2017-08-09</date>
            <name>Jerusalem corpus of Emergent Modern Hebrew (JEMH) staff</name>
            <note>Created the initial version of the content in TEI-XML and added dates (some based on estimation)</note>
         </change>
      </revisionDesc>
   </teiHeader>
   <text>
      <body>







האדם והכלב / יהודה ליב גורדון



 




  
  


האדם והכלב /
יהודה ליב גורדון

 

לא רק לאדם יש
בינה ודעת

לקחת לקח השכל
גם ידע,

גם אל חיתו שדי
אזן שמעת

בלמודים לשמוע,

עד דעת האדם דעתם
תניע.

גם יש שיותר
מאדם

תעש תושיה ידם.

ומשלי הבא אמתי
יודיע.

 

אל אחד הכלבים
אמר איש אחד:

הבה נבואה כיום
בברית יחד!

הן אל כל מעשה
יש כשרון וחפץ.

אך הכלבים עשו
שם טוב משמן

ולמשל היו
באמונה ואמן;

ובין הולכי על
שתים – הוי שד ונפץ!

האמת נעדרת
ואמונה משלכת

ככלי אין חפץ,
כגללים ודמן.

הבה אפוא לשמור
אמן הורני

ואני אלמדך
קוממיות ללכת.

ויאות הכלב
ויאמר: הנני!       

ויצאו את העיר
ללכת הרחיקו

עד למקום מדבר
ארץ לא נושבת,

שם במערת חרב
ובנקרת צור באו

שם פס עמל אנוש, חדלה עצבת,

שם אין שטן,
קול נוגש לא ישמעו

ובשום שכל למדו
לחקור העמיקו.

ימים רבים היו
בודדים ביער

ויהי אכלם חציר
לחמם מלוח;

הכלב למד
לאיש אמן רוח,

והוא למד לכת
בשתי רגלים.

ככלות עת למודם
שבו השער

לראות את אחיהם
העודם חיים.

אך הוי חרפה
לאדם, בוז וצער!

הכלב שמר תורתו
לנצח,

בשתים הלך
וירם המצח,

ראה אדניו וישמח
שמח;

אולם האדם אך
בא אל עירהו

כל אשר למד
חיש שכח שכח

וישב לעקוב
ולהונות רעהו.

 





 






</body>
   </text>
</TEI>
