<?xml version='1.0' encoding='UTF-8'?>
<TEI xmlns="http://www.tei-c.org/ns/1.0">
   <teiHeader>
      <fileDesc>
         <titleStmt>
            <title>הפרודות</title>
            <author>יהודה ליב גורדון</author>
            <respStmt>
               <name>Mandel Scholion Hebrew Revival Research Group</name>
               <resp>Formatting of content from the Ben-Yehuda Project to TEI-XML according to the TEI P5 Guidelines.
                  Addition of dates, not present in the online version, by Shira Wigderson, Asaf Isser, Adi Cohen, Nitzan Cohen, and Adi Cohen.
               </resp>
            </respStmt>
         </titleStmt>
         <publicationStmt>
            <authority>Project Ben-Yehuda</authority>
            <idno>http://benyehuda.org/yalag/ylg184.html</idno>
         </publicationStmt>
         <sourceDesc xml:lang="Hebrew">
            <bibl>
               <date when="1859" notBefore="1859-01-01" notAfter="1859-12-31"/>
            </bibl>
            <p>The Ben-Yehuda Project (http://benyehuda.org/). Content provided within the Ben-Yehuda Hackathon at the University of Haifa (THATCamp Haifa, February 2014).</p>
         </sourceDesc>
      </fileDesc>
      <revisionDesc>
         <change>
            <date>2018-11-01</date>
            <name>Omer Waldman</name>
            <note>Correction of previously annotated dates and addition of dates to majority of the works</note>
         </change>
         <change>
            <date>2017-08-09</date>
            <name>Jerusalem corpus of Emergent Modern Hebrew (JEMH) staff</name>
            <note>Created the initial version of the content in TEI-XML and added dates (some based on estimation)</note>
         </change>
      </revisionDesc>
   </teiHeader>
   <text>
      <body>







הפרודות / יהודה ליב גורדון



 




  
  


הפרדות / יהודה
ליב גורדון

 

בחרצות הברזל
דש אכר עמר

ויזר במזרה
ויצבר בר חמר

ובקצה הגרן
אותו הניח;

פתאם קם שאון
בין הפרדות

הגלמודות

ויהי ביניהן
שיג ושיח.

כי מדי צאתן
מן הרחת

רבות מהן אשה
אחתה הכירו

אשר גדלו תוך
ראש שבלת אחת;

ובכן אהבתן הישנה
העירו,

ובכן אשה לאחתה
חבקו,

נשקו.

"השלום? שלום!"
זאת לזאת קראו,

ובכן אשה לרעותה
ספר הואילו

את כל התלאות
שאותן מצאו

מעת תחת מגרפתיהם
עבשו

ולשד רקבונם
בקנים גרשו

ומזמרות הקצרים
השבלים הפילו,

עדי בצבתים
הערמה הובאו.

הוי! מעת לפני
החרמש נפלו

– קראו כלן –
צרות רבות סבלנו!

קר, דלף טורד,
חם שמש בערת,

יד הויה, שן רעה,
רגל עברת,

אחרי כן בחריצי
ברזל שמונו

גם אופן עגלה
עלינו גללו,

אז פיות המרג
המלילות מללו,

אז אל רוח במזרה
הרכיבונו

ויסערו ויזרונו
אל כל רוח –

עדי פה מקום מצאנו
לנוח

אחרי הנדודים
דינו שבענו.

אבל אחיותי, קראה
מתוכן אחת,

הן עוד נפשנו
איננה בוטחת

כי עוד יום חשך
נכון אל כלנו,

יום רע ומר, יום
האחרון בחיים,

יום בו נרד אבני
כיס הרחים

ומה כל זאת? –
ענו כלהנה יחד –

לשיב הליכות
עולם כח לא נעצרה

הן טוב לנו כי
לאחדים הננו

בעבור אשה אחתה
נתמך נעזרה,

לעמוד כגבורים
מבלי מרך ופחד

עת תגיש ותקדים
הרעה בעדנו

ובכן חבקה הפרדה
לפרדה

ותתאחדנה אף
היו לאגדה

ומשלבות יחד
שקטו נרגעו,

לא ידעו חיל,
קול נוגש לא שמעו,

גם עת הוסב עליהן
אופן הרחים

ויפרד הפרדות
עד בלתי שמים

 

בזרעות רע ובחבק
יד אהבת

יקל לנו כל נטל,
תפוג עצבת!!

 





 






</body>
   </text>
</TEI>
