<?xml version='1.0' encoding='UTF-8'?>
<TEI xmlns="http://www.tei-c.org/ns/1.0">
   <teiHeader>
      <fileDesc>
         <titleStmt>
            <title>השועל היושב בתענית</title>
            <author>יהודה ליב גורדון</author>
            <respStmt>
               <name>Mandel Scholion Hebrew Revival Research Group</name>
               <resp>Formatting of content from the Ben-Yehuda Project to TEI-XML according to the TEI P5 Guidelines.
                  Addition of dates, not present in the online version, by Shira Wigderson, Asaf Isser, Adi Cohen, Nitzan Cohen, and Adi Cohen.
               </resp>
            </respStmt>
         </titleStmt>
         <publicationStmt>
            <authority>Project Ben-Yehuda</authority>
            <idno>http://benyehuda.org/yalag/Ylg115.html</idno>
         </publicationStmt>
         <sourceDesc xml:lang="Hebrew">
            <bibl>
               <date when="1859" notBefore="1859-01-01" notAfter="1859-12-31"/>
            </bibl>
            <p>The Ben-Yehuda Project (http://benyehuda.org/). Content provided within the Ben-Yehuda Hackathon at the University of Haifa (THATCamp Haifa, February 2014).</p>
         </sourceDesc>
      </fileDesc>
      <revisionDesc>
         <change>
            <date>2018-11-01</date>
            <name>Omer Waldman</name>
            <note>Correction of previously annotated dates and addition of dates to majority of the works</note>
         </change>
         <change>
            <date>2017-08-09</date>
            <name>Jerusalem corpus of Emergent Modern Hebrew (JEMH) staff</name>
            <note>Created the initial version of the content in TEI-XML and added dates (some based on estimation)</note>
         </change>
      </revisionDesc>
   </teiHeader>
   <text>
      <body>






השועל היושב בתענית / יהודה ליב גורדון








השועל
היושב בתענית

 

על כרם בן
שמן נחמד לעין

עבר שועל
זולל וירא מנגד

על שריגי
הגפנים ענבי מגד

ותכל נפשו
לענבים זבי יין;

אך אהה מבוא
לכרם אין,

כי סביב לו
גדר ומשוכת חדק,

אין פתח נפרץ
בו, בלתי אם בדק,

שצר לו
המקום לעבור דרכהו.

אז נועץ הערום
ויצם יומים

עד שפו
עצמותיו, רזה גוהו,

אז נלחץ בחר
ויבא בכרם; 

שם
באשכלות שלח השנים

ויבחר האדם
האדם במו

ובכל אות
נפשו המם פרימו

עדי מבחר
הגפנים היו חרם.

„אהה, שועל נמהר, מה-זה עשית?

עתה הן שבת
עבית כשית,

ובשרך כי
רזה רטפש מנער,

עתה צר יהיה
לך בדק המשוכה,

סגר גן-עדנך
עליך כסהר” – 

כה נעצב הוא
וירא כי אין ארוכה

וישב
ויענה שנית נפשהו

וכנאד בקיטור
שב גבו גב חמר,

ובעור שניו
אז התמלט, ויאמר

אחרי שומו אל
הכרם פניהו;

„מה-יפיפית, כרם ארץ מברכת,

גם אביך
יפים טובים ומגדלים;

אך מה חפץ
בך מה-יתרון ונחת

אם את אשר
תתן תשוב לקחת

וכבוא איש
בך ערום כן ישוב ללכת”.

הכרם הוא
התבל, נחנו השעלים!

 





 






</body>
   </text>
</TEI>
