<?xml version='1.0' encoding='UTF-8'?>
<TEI xmlns="http://www.tei-c.org/ns/1.0">
   <teiHeader>
      <fileDesc>
         <titleStmt>
            <title>תמורת תשואת דודאים</title>
            <author>רחל מורפורגו</author>
            <respStmt>
               <name>Mandel Scholion Hebrew Revival Research Group</name>
               <resp>Formatting of content from the Ben-Yehuda Project to TEI-XML according to the TEI P5 Guidelines.
                  Addition of dates, not present in the online version, by Shira Wigderson, Asaf Isser, Adi Cohen, Nitzan Cohen, and Adi Cohen.
               </resp>
            </respStmt>
         </titleStmt>
         <publicationStmt>
            <authority>Project Ben-Yehuda</authority>
            <idno>http://benyehuda.org/morpurgo/morp12.html</idno>
         </publicationStmt>
         <sourceDesc xml:lang="Hebrew">
            <bibl>
               <date when="1850" notBefore="1850-01-01" notAfter="1850-12-31"/>
            </bibl>
            <p>The Ben-Yehuda Project (http://benyehuda.org/). Content provided within the Ben-Yehuda Hackathon at the University of Haifa (THATCamp Haifa, February 2014).</p>
         </sourceDesc>
      </fileDesc>
      <revisionDesc>
         <change>
            <date>2018-11-01</date>
            <name>Omer Waldman</name>
            <note>Correction of previously annotated dates and addition of dates to majority of the works</note>
         </change>
         <change>
            <date>2017-08-09</date>
            <name>Jerusalem corpus of Emergent Modern Hebrew (JEMH) staff</name>
            <note>Created the initial version of the content in TEI-XML and added dates (some based on estimation)</note>
         </change>
      </revisionDesc>
   </teiHeader>
   <text>
      <body>







תמורת תשואת דודאים  / רחל מורפורגו











תמורת תשואת דודאים
אשר ראיתי בכוכב י"ג מהרב המרומם והנעלה כמ"ר אדאלף עהרענטהייל מפראסניטץ

 

הדודאים
שירה הולידו

ובנעם שיר
ברור הגידו

עם קול כנור
אני שוררת

אז הייתי כמו
סוררת.

 

לא כן אבי לאקול
אשמיע

אכן חפצי
לכל אודיע

לגדיל תורה
עדי אגיע

בכתב לעד
אמת "אביע"[1]

 

דודאיך טובים
מיין

כל שגה בו
לא יתן עין

לקנות חכמה
ולבו אין:

 

יחכם הגבר
אשר נשלם

ירוה ישמח
מסוד נעלם

אחר מותו
ברום עולם.

 

רחל מורפורגו י"א תשרי תרי"א חוזרת
לבעליה 













[1]ר"ת: אדאלף ב"ר יוסף עהרנטהייל.








</body>
   </text>
</TEI>
