<?xml version='1.0' encoding='UTF-8'?>
<TEI xmlns="http://www.tei-c.org/ns/1.0">
   <teiHeader>
      <fileDesc>
         <titleStmt>
            <title>מראות נגעים</title>
            <author>יהודה ליב גורדון</author>
            <respStmt>
               <name>Mandel Scholion Hebrew Revival Research Group</name>
               <resp>Formatting of content from the Ben-Yehuda Project to TEI-XML according to the TEI P5 Guidelines.
                  Addition of dates, not present in the online version, by Shira Wigderson, Asaf Isser, Adi Cohen, Nitzan Cohen, and Adi Cohen.
               </resp>
            </respStmt>
         </titleStmt>
         <publicationStmt>
            <authority>Project Ben-Yehuda</authority>
            <idno>http://benyehuda.org/yalag/Ylg104.html</idno>
         </publicationStmt>
         <sourceDesc xml:lang="Hebrew">
            <bibl>
               <date when="1859" notBefore="1859-01-01" notAfter="1859-12-31"/>
            </bibl>
            <p>The Ben-Yehuda Project (http://benyehuda.org/). Content provided within the Ben-Yehuda Hackathon at the University of Haifa (THATCamp Haifa, February 2014).</p>
         </sourceDesc>
      </fileDesc>
      <revisionDesc>
         <change>
            <date>2018-11-01</date>
            <name>Omer Waldman</name>
            <note>Correction of previously annotated dates and addition of dates to majority of the works</note>
         </change>
         <change>
            <date>2017-08-09</date>
            <name>Jerusalem corpus of Emergent Modern Hebrew (JEMH) staff</name>
            <note>Created the initial version of the content in TEI-XML and added dates (some based on estimation)</note>
         </change>
      </revisionDesc>
   </teiHeader>
   <text>
      <body>






מראות נגעים / יהודה ליב גורדון








מראות נגעים

כל הנגעים אדם רואה חוץ מנגעי
עצמו

(נגעים
פ"ב מ"ב)

 

„יבא כל-בשר כל אשר בארץ,

יבא למאור
פני יורה לי צדק,

אם יש מום בו,
אם יש משחת ופרץ,

אז אתקן
המעות ואחזק בדק” – 

כה פקד האל
על כל ילדי חמר,

ויסב אל
הקף פניו ויאמר:

„דבר אתה ראשונה ובטוב דעת,

הן בהמות
שדי פה נועדו כלהם,

ערכם לקראתך
ובחן-נא הפעם

אם יש חסרון
בך, אם תמצא מגרעת”

בי חסרון? –
ענה – במה? ומדוע?

הנפל אני
משאר בעלי-חיים?

וכמוהם אם אין
לי ארבע רגלים?

תמים אני, אך
אחי הדב שרוע

קלוט גם חרום
עשהו יוצרהו

ויבז צלמו
וישחת תארהו. – 

לדבריו אלה
הדב שם הגיע

ובלי התלונן
ובחלקו שמח

נשא פניו
ממום, נפשו שבח;

אולם אחרי
השנהב ראש הניע:

„אפו כמגדל, לא הדר לא תאר,

וזנבו
מה-קצר, הוד חיתו יער,

וכגב חמר
גבו, מעיו כעשת;

נבזה הוא מכל
החיה הרמשת!”

אחרי הדב
הקריב השנהב לגשת;

אמנם גם הוא
על רע

תארו לא נשא
נה,

כי אם התאונן
כי לא יוכל יגיח

עת ירעב אל
פיהו נחש ברח

כי גדול למאד
עשהו אלוה.

הגמלים גם
המה חמס קראו

על העש כי קט
הוא נפשם לשביע.

ככה איש איש
פיהו הללהו

ויכחש מומיו
כי עצמו כי רבו

וקלון אחיו
נגד השמש הוקיע.

 

גם בני האדם
כן לשפוט יאהבו,

כי כן בבטן
עשנו עשנו:

לראות מומינו
עטלפים אנו

ולמומי רעינו
עין נשר לנו.

 





 






</body>
   </text>
</TEI>
