<?xml version='1.0' encoding='UTF-8'?>
<TEI xmlns="http://www.tei-c.org/ns/1.0">
   <teiHeader>
      <fileDesc>
         <titleStmt>
            <title>חמור מקנא</title>
            <author>יהודה ליב גורדון</author>
            <respStmt>
               <name>Mandel Scholion Hebrew Revival Research Group</name>
               <resp>Formatting of content from the Ben-Yehuda Project to TEI-XML according to the TEI P5 Guidelines.
                  Addition of dates, not present in the online version, by Shira Wigderson, Asaf Isser, Adi Cohen, Nitzan Cohen, and Adi Cohen.
               </resp>
            </respStmt>
         </titleStmt>
         <publicationStmt>
            <authority>Project Ben-Yehuda</authority>
            <idno>http://benyehuda.org/yalag/yalag_156.html</idno>
         </publicationStmt>
         <sourceDesc xml:lang="Hebrew">
            <bibl>
               <date when="1859" notBefore="1859-01-01" notAfter="1859-12-31"/>
            </bibl>
            <p>The Ben-Yehuda Project (http://benyehuda.org/). Content provided within the Ben-Yehuda Hackathon at the University of Haifa (THATCamp Haifa, February 2014).</p>
         </sourceDesc>
      </fileDesc>
      <revisionDesc>
         <change>
            <date>2018-11-01</date>
            <name>Omer Waldman</name>
            <note>Correction of previously annotated dates and addition of dates to majority of the works</note>
         </change>
         <change>
            <date>2017-08-09</date>
            <name>Jerusalem corpus of Emergent Modern Hebrew (JEMH) staff</name>
            <note>Created the initial version of the content in TEI-XML and added dates (some based on estimation)</note>
         </change>
      </revisionDesc>
   </teiHeader>
   <text>
      <body>







חמור מקנא / יהודה ליב גורדון








חמור מקנא /
יהודה ליב גורדון

 

"מה-טוב
ומה-נעים גורל הכלב 


–
התבונן החמור בלבבו ויאמר –

הן
שמן חלקו מכל ילדי חמר

וכרשו
מלא כל טוב כל חלב,

ולגו
החמור הה רק מתג רק שבט,

מבקר
לערב אכת אחבט.

ומה-יעש
הוא לא אוכל עשהו?

כי
יחניף בחלקות יתן ידים,

אף
ישמע קול זמרה נחת אזנים – 

ואני מה?  הן גם לי לבב כמהו!"

עודנו דובר
ומן הכרם

שב אדניו
ביתה: ובשמחת נפש

רץ חמורנו
לקראתו; וירם

פרסות רגליו
המגאלות ברפש

ויחבק לו
וישק השפתים.

ולמען תהיה
המלאכה תמימה

נתן עליו
בקולו קול כרה אזנים –

קול חמור נער,
זמרה נעימה!

הו הו בן בוז
ובליעל,

אי שוט אי
מקל! – קרא הבעל.

הביאו המקל,
החמור שנה קולהו,

אף לא יסף עוד
לנשק פי קונהו.

 

 





 






</body>
   </text>
</TEI>
