<?xml version='1.0' encoding='UTF-8'?>
<TEI xmlns="http://www.tei-c.org/ns/1.0">
   <teiHeader>
      <fileDesc>
         <titleStmt>
            <title>הנפט</title>
            <author>יהודה ליב גורדון</author>
            <respStmt>
               <name>Mandel Scholion Hebrew Revival Research Group</name>
               <resp>Formatting of content from the Ben-Yehuda Project to TEI-XML according to the TEI P5 Guidelines.
                  Addition of dates, not present in the online version, by Shira Wigderson, Asaf Isser, Adi Cohen, Nitzan Cohen, and Adi Cohen.
               </resp>
            </respStmt>
         </titleStmt>
         <publicationStmt>
            <authority>Project Ben-Yehuda</authority>
            <idno>http://benyehuda.org/yalag/Ylg195.html</idno>
         </publicationStmt>
         <sourceDesc xml:lang="Hebrew">
            <bibl>
               <date when="1859" notBefore="1859-01-01" notAfter="1859-12-31"/>
            </bibl>
            <p>The Ben-Yehuda Project (http://benyehuda.org/). Content provided within the Ben-Yehuda Hackathon at the University of Haifa (THATCamp Haifa, February 2014).</p>
         </sourceDesc>
      </fileDesc>
      <revisionDesc>
         <change>
            <date>2018-11-01</date>
            <name>Omer Waldman</name>
            <note>Correction of previously annotated dates and addition of dates to majority of the works</note>
         </change>
         <change>
            <date>2017-08-09</date>
            <name>Jerusalem corpus of Emergent Modern Hebrew (JEMH) staff</name>
            <note>Created the initial version of the content in TEI-XML and added dates (some based on estimation)</note>
         </change>
      </revisionDesc>
   </teiHeader>
   <text>
      <body>







הנפט / יהודה ליב גורדון



 




  
  


הנפט / יהודה
ליב גורדון

 

במנרת גביש
על עמוד סחרת,

ראה בן קטן לבת
נפט בערת,

וירח ויתענג

על ריח הניחח

אשר הרבה לשלוח

הנפט הנוזל,
כצרי ופנג.

ולמחרתו ראה
במחתרת הקיר

ככר חמר לבן
כדמות אבן גיר. 

ויגע בו וירדהו
אל כפו,

ותעל צחנתו
אל אפו,

וילך אל אביהו

וישאל את פיהו:

מה הככר ההיא
שם במקצע?

"ככר נפט
היא!" ענה האב על שאלתו.

– נפט? – הוסיף
לתמוה

הנער בתמתו
–

הלא הנפט ריח
טוב יפץ,

גם אמש עוד התענגתי
עליהו!

"אל תתמה,
בן יקיר לי, על החפץ,

– הורהו אביו ויאמר
­

הנה כי כן דרך
זה החמר

ובזה גם האדם
ישוה אליהו:

כל עודו רך טוב
בו להריח,

אך אם יקש –
הנו מסריח.

 





 






</body>
   </text>
</TEI>
