<?xml version='1.0' encoding='UTF-8'?>
<TEI xmlns="http://www.tei-c.org/ns/1.0">
   <teiHeader>
      <fileDesc>
         <titleStmt>
            <title>אחרי מות שד"ל</title>
            <author>יהודה ליב גורדון</author>
            <respStmt>
               <name>Mandel Scholion Hebrew Revival Research Group</name>
               <resp>Formatting of content from the Ben-Yehuda Project to TEI-XML according to the TEI P5 Guidelines.
                  Addition of dates, not present in the online version, by Shira Wigderson, Asaf Isser, Adi Cohen, Nitzan Cohen, and Adi Cohen.
               </resp>
            </respStmt>
         </titleStmt>
         <publicationStmt>
            <authority>Project Ben-Yehuda</authority>
            <idno>http://benyehuda.org/yalag/yalag_304.html</idno>
         </publicationStmt>
         <sourceDesc xml:lang="Hebrew">
            <bibl>
               <date when="1865" notBefore="1865-01-01" notAfter="1865-12-31"/>
            </bibl>
            <p>The Ben-Yehuda Project (http://benyehuda.org/). Content provided within the Ben-Yehuda Hackathon at the University of Haifa (THATCamp Haifa, February 2014).</p>
         </sourceDesc>
      </fileDesc>
      <revisionDesc>
         <change>
            <date>2018-11-01</date>
            <name>Omer Waldman</name>
            <note>Correction of previously annotated dates and addition of dates to majority of the works</note>
         </change>
         <change>
            <date>2017-08-09</date>
            <name>Jerusalem corpus of Emergent Modern Hebrew (JEMH) staff</name>
            <note>Created the initial version of the content in TEI-XML and added dates (some based on estimation)</note>
         </change>
      </revisionDesc>
   </teiHeader>
   <text>
      <body>




אחרי מות שד"ל / יהודה ליב גורדון




 




  
  


אחרי מות שד"ל
/ יהודה ליב גורדון

 

דורשיך,
בת-ציון, יום יום ימעטו

מפלטת
מחנך רבים יחשלו;

אלה
מכאב לב וריש יכשלו,

אלה
מטוב לב שמנו ויבעטו.

 

אלה
מרשע כסל יתקוטטו,

אלה
למצוא כבוד והון יחלו,

אלה
חיק נכריות חבק החלו

ויקהת
פניך יבזו כי קמטו.

 

אחד
היה שמואל דוד לוצאטו

לא
שעה לתלאותיו כי גדלו

לא
חדל עבדך עד ימיו חדלו,

לא
נטה עד צללי ערבו ינטו.

 

עוד
שטו העם ומנו לקטו,

עוד
קוו כי דבשו ירדו יאכלו,

פתאם
שמעו מותו ויבהלו

שדדה
אדרתם ושממה יעטו.

 

אך
אם בידי מות חייו נשמטו

קרני
אל-מות על שד"ל יהלו –

ובני
דורו שואלים אלו לאלו:

מי
זה יקום לנו במקום לוצאטו?

 





 






</body>
   </text>
</TEI>
