<?xml version='1.0' encoding='UTF-8'?>
<TEI xmlns="http://www.tei-c.org/ns/1.0">
   <teiHeader>
      <fileDesc>
         <titleStmt>
            <title>השחר נדמה נדמה</title>
            <author>יהודה ליב גורדון</author>
            <respStmt>
               <name>Mandel Scholion Hebrew Revival Research Group</name>
               <resp>Formatting of content from the Ben-Yehuda Project to TEI-XML according to the TEI P5 Guidelines.
                  Addition of dates, not present in the online version, by Shira Wigderson, Asaf Isser, Adi Cohen, Nitzan Cohen, and Adi Cohen.
               </resp>
            </respStmt>
         </titleStmt>
         <publicationStmt>
            <authority>Project Ben-Yehuda</authority>
            <idno>http://benyehuda.org/yalag/Ylg016.html</idno>
         </publicationStmt>
         <sourceDesc xml:lang="Hebrew">
            <bibl>
               <date when="1861" notBefore="1861-01-01" notAfter="1861-12-31"/>
            </bibl>
            <p>The Ben-Yehuda Project (http://benyehuda.org/). Content provided within the Ben-Yehuda Hackathon at the University of Haifa (THATCamp Haifa, February 2014).</p>
         </sourceDesc>
      </fileDesc>
      <revisionDesc>
         <change>
            <date>2018-11-01</date>
            <name>Omer Waldman</name>
            <note>Correction of previously annotated dates and addition of dates to majority of the works</note>
         </change>
         <change>
            <date>2017-08-09</date>
            <name>Jerusalem corpus of Emergent Modern Hebrew (JEMH) staff</name>
            <note>Created the initial version of the content in TEI-XML and added dates (some based on estimation)</note>
         </change>
      </revisionDesc>
   </teiHeader>
   <text>
      <body>







השחר נדמה נדמה



 




  
  


שירי-זהב

 

יא.  
השחר נדמה נדמה

(תרכ"א)

 

יפעת "השחר" עלינו
נגלתה

ונגהות בקר חיש לראות קוינו,

סור סרו הצללים במו נטמינו –

פתאם הה שבו ועלטה היתה!

 

ראש ירימו עתה ילדי עיפתה,

אויבינו ישובו יהמו ילשינו,

במגנת לב נדם, לא נפתח פינו,

יען מתוכו הלשון כרתה.

 

נסתרת הילל בן שחר ממנו,

אולם דרכך מנו לא נסתרה

ובעזך עוד נעז נהם קמינו.

 

יצהלו הסוסים וינגח האיל –

טהר יפעתך עוד כלה לא סרה,

שם על הר "ציון" עוד תאיר
הליל. 





 






</body>
   </text>
</TEI>
