<?xml version='1.0' encoding='UTF-8'?>
<TEI xmlns="http://www.tei-c.org/ns/1.0">
   <teiHeader>
      <fileDesc>
         <titleStmt>
            <title>הכליף ועבדו</title>
            <author>קלמן שולמאן</author>
            <respStmt>
               <name>Mandel Scholion Hebrew Revival Research Group</name>
               <resp>Formatting of content from the Ben-Yehuda Project to TEI-XML according to the TEI P5 Guidelines.
                  Addition of dates, not present in the online version, by Shira Wigderson, Asaf Isser, Adi Cohen, Nitzan Cohen, and Adi Cohen.
               </resp>
            </respStmt>
         </titleStmt>
         <publicationStmt>
            <authority>Project Ben-Yehuda</authority>
            <idno>http://benyehuda.org/schulmann/safa09.html</idno>
         </publicationStmt>
         <sourceDesc xml:lang="Hebrew">
            <bibl>
               <date when="1864" notBefore="1864-01-01" notAfter="1864-12-31"/>
            </bibl>
            <p>The Ben-Yehuda Project (http://benyehuda.org/). Content provided within the Ben-Yehuda Hackathon at the University of Haifa (THATCamp Haifa, February 2014).</p>
         </sourceDesc>
      </fileDesc>
      <revisionDesc>
         <change>
            <date>2018-11-01</date>
            <name>Omer Waldman</name>
            <note>Correction of previously annotated dates and addition of dates to majority of the works</note>
         </change>
         <change>
            <date>2017-08-09</date>
            <name>Jerusalem corpus of Emergent Modern Hebrew (JEMH) staff</name>
            <note>Created the initial version of the content in TEI-XML and added dates (some based on estimation)</note>
         </change>
      </revisionDesc>
   </teiHeader>
   <text>
      <body>







הכליף ועבדו
/ קלמן שולמאן














הכליף
ועבדו[1]

קלמן
שולמן



 




 
  
  בשבת
  הכליף
  חוסיין בן
  עלי עם שריו
  ומיודעיו
  לאכל לחם, שפך
  אחד מעבדיו
  סף ארז
  רתח על
  ראשו, כי
  נדחתה ידו.  בשצף קצף
  התנשא הכליף
  ועיניו
  מזרות
  זעם על העבד, אך
  העבד מהר
  ויתנפל
  לרגליו
  ויקרא לפניו
  את המקרא הזה
  מספר הקוראן:
  "שערי גן עדן
  פתוחים לפני
  האיש המאריך
  אפו ומושל
  ברוחו". 
  והנה כרגע
  שככה חמת
  הכליף, ויאמר:
  "שב אפי ממך".  אך העבד
  הוסיף לקרוא
  לפניו את
  אחרית המקרא
  ההוא, לאמר:
  "ולפני האיש
  הנושא עון
  ופשע וחטאה".
  "אנכי מחה
  פשעך, וחטאתך
  לא אזכור עוד!
  " ענהו הכליף.  אולם
  העבד הוסיף
  עוד לדבר:
  "האל הטוב אוהב
  את האיש המשלם
  טובה תחת
  רעה" – –. 
  וימהר
  הכליף ויושט
  לו את ידו
  ויאמר: "הנה
  אנכי משלח
  אותך לחפשי
  וארבע מאות
  אדרכמונים
  אשקול לך עוד
  מבית
  גנזי".  ברגשי
  תודה אחז
  העבד את רגלי
  הכליף ויאמר:
  "דמיונך
  אדוני כעץ עושה
  פרי אשר יטה
  את צלו
  ויתן את
  פריו גם
  לעז נפש
  אשר ישליך
  עליו אבנים" –.
  
 


















[1] נאך הערדער.








</body>
   </text>
</TEI>
