<?xml version='1.0' encoding='UTF-8'?>
<TEI xmlns="http://www.tei-c.org/ns/1.0">
   <teiHeader>
      <fileDesc>
         <titleStmt>
            <title>אנסה אך הפעם</title>
            <author>רחל מורפורגו</author>
            <respStmt>
               <name>Mandel Scholion Hebrew Revival Research Group</name>
               <resp>Formatting of content from the Ben-Yehuda Project to TEI-XML according to the TEI P5 Guidelines.
                  Addition of dates, not present in the online version, by Shira Wigderson, Asaf Isser, Adi Cohen, Nitzan Cohen, and Adi Cohen.
               </resp>
            </respStmt>
         </titleStmt>
         <publicationStmt>
            <authority>Project Ben-Yehuda</authority>
            <idno>http://benyehuda.org/morpurgo/morp44.html</idno>
         </publicationStmt>
         <sourceDesc xml:lang="Hebrew">
            <bibl>
               <date when="1866" notBefore="1866-01-01" notAfter="1866-12-31"/>
            </bibl>
            <p>The Ben-Yehuda Project (http://benyehuda.org/). Content provided within the Ben-Yehuda Hackathon at the University of Haifa (THATCamp Haifa, February 2014).</p>
         </sourceDesc>
      </fileDesc>
      <revisionDesc>
         <change>
            <date>2018-11-01</date>
            <name>Omer Waldman</name>
            <note>Correction of previously annotated dates and addition of dates to majority of the works</note>
         </change>
         <change>
            <date>2017-08-09</date>
            <name>Jerusalem corpus of Emergent Modern Hebrew (JEMH) staff</name>
            <note>Created the initial version of the content in TEI-XML and added dates (some based on estimation)</note>
         </change>
      </revisionDesc>
   </teiHeader>
   <text>
      <body>







אנסה אך הפעם / רחל מורפורגו











אנסה אך הפעם

 

אנסה אך
הפעם

   אם אוכל לשיר

   מאצל הסיר

   רחקתי מרב זעם:

 

מאסתי הון
והבל

   ולצאת מסבל

   יכונו רגלי

   צורי יגמל עלי:

 

ברכותיו
ירעפון

   אל טוב הצפון

   אקוה אל החבל

 

   הנה יוצר הרים

      מתיר
אסורים

      יתיר לי
מכל-חבל.

 

וביום מיתתי     הוא יום שמחתי

במקום קינה     גילה רנה

ותמור שקים     לבשו נאים

גם אל מחול      מחול אמחול

כי גרושי                        הם
נשואי[1]

 

ראש חדש אייר תרכ"ו רחל
מורפורגו          













[1]   כדבר האמור
גירושי עולם הזה הם נישואי עולם הבא.








</body>
   </text>
</TEI>
