<?xml version='1.0' encoding='UTF-8'?>
<TEI xmlns="http://www.tei-c.org/ns/1.0">
   <teiHeader>
      <fileDesc>
         <titleStmt>
            <title>בטוב צדיקים תעלוץ קריה</title>
            <author>יוסף ריבלין</author>
            <respStmt>
               <name>Mandel Scholion Hebrew Revival Research Group</name>
               <resp>Formatting of content from the Ben-Yehuda Project to TEI-XML according to the TEI P5 Guidelines.
                  Addition of dates, not present in the online version, by Shira Wigderson, Asaf Isser, Adi Cohen, Nitzan Cohen, and Adi Cohen.
               </resp>
            </respStmt>
         </titleStmt>
         <publicationStmt>
            <authority>Project Ben-Yehuda</authority>
            <idno>http://benyehuda.org/rivlin/betov.html</idno>
         </publicationStmt>
         <sourceDesc xml:lang="Hebrew">
            <bibl>
               <date when="1874" notBefore="1874-01-01" notAfter="1874-12-31"/>
            </bibl>
            <p>The Ben-Yehuda Project (http://benyehuda.org/). Content provided within the Ben-Yehuda Hackathon at the University of Haifa (THATCamp Haifa, February 2014).</p>
         </sourceDesc>
      </fileDesc>
      <revisionDesc>
         <change>
            <date>2018-11-01</date>
            <name>Omer Waldman</name>
            <note>Correction of previously annotated dates and addition of dates to majority of the works</note>
         </change>
         <change>
            <date>2017-08-09</date>
            <name>Jerusalem corpus of Emergent Modern Hebrew (JEMH) staff</name>
            <note>Created the initial version of the content in TEI-XML and added dates (some based on estimation)</note>
         </change>
      </revisionDesc>
   </teiHeader>
   <text>
      <body>







בטוב צדיקים תעלוץ קריה / יוסף ריבלין







 




  
  


בטוב צדיקים תעלוץ קריה

יוסף ריבלין






 
  
   
  ירושלם,
  עיה"ק כ"א אייר תרל"ד.
  ביום ה' ממחרת חג המצות, אשר ביום ההוא, יצא
  העם לקנות קמח לאפות לחם חמץ – מה נורא הי' המראה, בעלות מחיר הקמח משעה לשעה
  ומרגע לרגע, ולפיהו כן עלה מחיר החטים בשער, כי מוכרי הקמח אצו וימהרו לקנות
  החטים ואיש את אחיו דחקו, איש על אחיו הוסיף, נצו גם נעו, והמחיר גאה גאה מרגע
  לרגע, ויהי אך האיר הבוקר ביום הראשון אחר השבת ההוא, מבית התפילה באו הרבנים
  מנהלי כוללות הפרושים אל בית ועדם. 
  כן הועד כנסת ישראל קראו עצרה, ויחד הסכימו לשום קץ אל פעולת מוכרי הקמח
  מיקרי ומפקיעי השערים, ולקנות חטים וקמח בעיר ובכפרים ביד חרוצים במדה גסה,
  ולמכור לעניים בפחות מהמחיר.  הדבר
  הזה הוחלט למהר לעשותו, וכי ראו הכל את מעשה הועד כנסת ישראל וכחו הגדול בחלוקת
  המצה לפני הפסח, מסרו הרבנים הממונים הי"ו גם את מכירת הקמח ביד הועד.  והועד עשה בזה סדרים טובים וישרים,
  ובעלי הועד הן אותם אשר תורתם אומנותם והן הנגידים והסוחרים אשר בו התנדבו לשבת
  איש יומו להשגיח על קנית החטים ועל הטחינה והרקידה ועל המכירה, וכן על קנית הקמח
  ומכירתו לעניים.  והרב הגביר מ'
  מרדכי יפה נ"י הושיט לזה נדבתו חמשה ליר"ט.  ונדיבים אחרים הביאו נדבות.  ועלה יחד לסך אלף ותשעים גרוש – והרה"ג רמ"י
  הנ"ל עוד התנדב להלוות לזה שבעה אלפים גרוש לקנית החטים והקמח.  גם ברוך יהי'! ועוד ביום ההוא, נקנה קמח,
  אשר נמכר לפני השבת כל ראטל בעשרה גרוש נקנה בתשעה וחצי.  ועוד מעט ובתשעה פחות רביע, ונמכר
  בשמנה.  ואח"כ בשבעה
  וחצי.  ועתה כבר מוכרים אותו
  בשבעה.  זהו ממין הסלת, וממין הקמח
  הפשוט נמכר בחמשה, אותו שנמכר אז בשבעה ושמנה.  בטוב הדבר הזה, תעלוץ הקריה כולה לא לבד העניים קוני הקמח
  מכוללות הפרושים הי"ו.  כי
  בבוא חטים לבית השער, ומוכרי הקמח לא יאיצו לקנות, בהכרח ירד המחיר, עד אשר סאת
  החטים שעמדה אז קרוב לחמשים גרוש, ירדה מעט מעט ותעמוד על ארבעים ואח"כ על
  שבעה ושלשים – והרבנים ממוני הכוללות פרושים הי"ו מתאספים בכל עת ולפניהם
  יבואו האנשים הפקידים על הקמח, מבית ועד כנסת ישראל, ויביאו חשבון מכל הנקנה
  והנמכר.  ועלה ההפסד מהמכירה בזול,
  מיום א' כ"ה ניסן עד יום א' ט"ז אייר שלש שבועות, עד שנים עשר אלף
  גרוש.  והקריבו הממונים את תודתם
  בשם כל העדה אל הפקידים ההם העושים ביד חרוצים, בפה וגם במכתב מלא תודה ואישור
  כח ותשואות חן חן.  וגם הממונים
  בעצמם מתנדבים לבוא יום יום ולהשגיח איש יומו ושמחים מאד, כי עשו ענין אשר כל
  העניים וכל העיר נהנים ממנו.
  ויהי כי ראו מתוך הרשימות כי ישנם אנשים רבים
  נכבדים, אשר יבושו לבא בשער מכירת הקמח בתוך הבאים לשבור בר, וכן יש עניים אשר
  לא השיגה ידם לשלם גם מחיר הזול ומוכרחים לקנות קמח ביוקר מבעלי חנויות המקיפים
  להם – בעד אלה עשו הערכה לתומכם בכסף.
  חו"ר הספרדים הי"ו, היו יחד עם
  חו"ר הפרושים בעת המתיקו העצה הזאת, אבל חו"ר הספרדים הי"ו אמרו
  כי אינם יכולים לעשות כזאת והם מחלקים מעות מזומנים.  וחכמי וגבירי ועדם הי"ו יושבים בכל שבוע ומחלקים מעות
  לעניים ויתומים.
  כן ממוני כוללות החסידים הי"ו בחרו לעשות
  ככוללות הפרושים לנהל העם במכירת הקמח בזול.
  וכל הנכנס מקריות חוצות מאחר הפסח עד היום, לא
  יצא להתחלק בכוללות בפרושים והחסידים בחלוקה קטנה כנהוג.  כי אם הממונים בכוללות פרושים מסרוהו
  ליד בעלי הועד המופקדים על מכירת הקמח. 
  וזה שנכנס עד כה:
  מניוארק, מהגזברים הר' אברהם רפאל והגביר א'
  קינג                             100
  פפו"ש
  מקליוולאנד, מהגבאי משה געקבאס 18, שכנא פוקס
  15                           33        "
                                                                                                       ---------
                                                                                                       ס"ה  133 פפו"ש.
  זה נתחלק לכל כוללות ארבע ערי הקדש: ירושלים,
  חברון
  צפת וטברי' ת"ו על פי הפשר מאלול
  תרל"א –
                                           לספרדים
  ירושלים וחברון                          44
  פפו"ש
                                           לאשכנזים                                               44        "
                                           לספרדים
  ואשכנזים בצפת וטברי'                        45        "
                                                                                                       --------
                                                                                                       ס"ה    133  פפו"ש
  הספרדים בירושלם קבלו חלקם ע"י פקידם
  הגביר ח"ר משה ן'[h1]  ונישטו
  הי"ו.  בצפת וטברי' קבלו חלקם
  על ידי, כי אותי הפקידו על ככה בשבט תרכ"ז.  האשכנזים דפה, קבלו החסידים חלקם לפי נפשות 1020 גרוש,
  אונגארן והאלאנד ודייטשלאנד, ועמהם החסידים ממדינת פולין ואניגן.  חלקם בא ליד ממוני הקמח 3358 גרוש –
  ולחב"ד בירושלים וחברון 550 גרוש – ולהוצאת הכולל נשאר בקופה 420 גרוש –
  ונרשם בפנקס הכולל.
  והשרים בית רוטהשילד יצ"ו מלונדון
  נתעוררו לקול הקורא ע"י הטעלעגראף עליהם לחמלה, וע"י הטעלעגראף השיבו
  להגאונים, מוהר"א אשכנזי ומוהר"מ אוייערבאך הי"ו.  כי יכולים להוציא עליהם ח"כ
  ע"ס מאה ליטרוס וכן עשו מהר. 
  וגם מאלה הספרדים והחסידים הי"ו קבלו חלקם, וחלק הפרושים והנלוים
  אליהם נכנס למכירת הקמח.  ועלה להם
  גם מזה 3358 גרוש.  כי זוהי
  לירשלים לבדה.
  ובשבוע זה, הגיע מהרבנים הצדיקים הפקידים דאה"ק
  ת"ו באמשטרדם יע"א חלק ירושלים מהסך 5000 פלו' אשר שני אלפים מהם כבר
  הורם מנדיבי לב ושלשה אלפים הקדימו לשלוח על סמך הנדבות הבאות אחרי כן.  מאלה בא לירשלם לספרדים ומערבים
  לאשכנזים פרושים וחסידים הי"ו 3280 פראנק, על שם הרבנים הגאונים
  מוהר"א אשכנזי ומוהר"ם אוייערבאך הי"ו, בעד עניים נצרכים – ומיהר
  מוהרמ"א נ"י להודיע לממוני האשכנזים הי"ו וכי יתקנו סדר החלוקה
  בעצה טובה.  ובהתאספם יחד, הסכיומו
  כולם, אין גם אחד מהם יצא מהכלל, כי אין להשבית מכירת הקמח עד בוא אי"ה
  תבואה חדשה.  וכי אין טובה גדולה
  מזו ורק בזה עושים כרצון המשלחים והמתנדבים, למען לא יוסיפו מפקיעי השערים להרים
  ראש וליקר השערים עוד ח"ו – והשיבו מו"מ כוללות הפרושים הי"ו
  במכתב לגאון עוזנו הרמ"א נ"י, כי כך הסכמת כולם, ויצו עליהם להעריך
  לפניו רשימות ממקבלי הטובה, למען ישלחם להפקידים הנ"ל כי כן בקשו מידו. – 
  כן מבית השרים דע ראטהשילד יצ"ו בפאריז
  בא סך 4000 פראנק ע"י הרה"ח דר' אלבערט קאהן ג"כ ליד שני
  המאה"ג הנ"ל והדר' לאנדאן.
  השר הצדיק סיר משה מונטיפיורי הי"ו הודיע
  ע"י הטעלעגראף כי שולח סך נכון בעד עניי ירושלם וחברון צפת ודמשק. –
  ובכן מכירת הקמח בזול לא נשבתה, ומחליפים
  עוסקיה כח בשמעם גודל הטובה מפי כל איש ואשה. –
  לשחוק היי בעל החבצלת.  אשר שם מתוק למר.  ולא יכול להסתיר פניו מכלימות ורוק –
  המתנדבים העוסקים ישיגו ארחות חיים וכל ברכה ותהלה, וישישו את ירושלם משוש בהאיר
  עליה כבוד ה' וישיש עליה אלקי' בב"י. –
  הלבנון,
  י"ח בסיון תרל"ד.
  
 








 













 [h1]אולי צ"ל ו' ולא ן' סופית?










</body>
   </text>
</TEI>
