<?xml version='1.0' encoding='UTF-8'?>
<TEI xmlns="http://www.tei-c.org/ns/1.0">
   <teiHeader>
      <fileDesc>
         <titleStmt>
            <title>הַזֶּרֶם וְהַזִּמְרָה</title>
            <author>מיכה יוסף לבנזון</author>
            <respStmt>
               <name>Mandel Scholion Hebrew Revival Research Group</name>
               <resp>Formatting of content from the Ben-Yehuda Project to TEI-XML according to the TEI P5 Guidelines.
                  Addition of dates, not present in the online version, by Shira Wigderson, Asaf Isser, Adi Cohen, Nitzan Cohen, and Adi Cohen.
               </resp>
            </respStmt>
         </titleStmt>
         <publicationStmt>
            <authority>Project Ben-Yehuda</authority>
            <idno>http://benyehuda.org/lebensohn/lebensohn_35.html</idno>
         </publicationStmt>
         <sourceDesc xml:lang="Hebrew">
            <bibl>
               <date when="1870" notBefore="1870-01-01" notAfter="1870-12-31"/>
            </bibl>
            <p>The Ben-Yehuda Project (http://benyehuda.org/). Content provided within the Ben-Yehuda Hackathon at the University of Haifa (THATCamp Haifa, February 2014).</p>
         </sourceDesc>
      </fileDesc>
      <revisionDesc>
         <change>
            <date>2018-11-01</date>
            <name>Omer Waldman</name>
            <note>Correction of previously annotated dates and addition of dates to majority of the works</note>
         </change>
         <change>
            <date>2017-08-09</date>
            <name>Jerusalem corpus of Emergent Modern Hebrew (JEMH) staff</name>
            <note>Created the initial version of the content in TEI-XML and added dates (some based on estimation)</note>
         </change>
      </revisionDesc>
   </teiHeader>
   <text>
      <body>






הזרם והזמרה / מיכה יוסף לבנזון








הזרם
והזמרה

 

זרם מים בא
מנקרת הצורים

מימיו מה
עזים, מימיו מה אדירים,

מהם ארזי-אל
רגע יתפוצצו

גם
הררי-עולמים ארצה יתצו;

ההלך כי
ישמע המית מימיהו

יתמה
ישתאה גם יטה אזנהו,

יקשיב קול
מים המפכים ברמה,

אבל עין מוצאם
מנהו נעלמה

                  
*     *

                     
*

ככה הזמרה
בעז היא נובעת

ומאין עינה
עוד לא מודעת.

אי לב אבן לא
עליו משתוררת,

איפה  רוח נחוש לא עליו גוברת;

עת יבקעו מי
נהרותיה

מי זה יחס
המוני רגשותיה?

היא בכנף עזה
לשחקים תעלנו

ובעזוז
אכפה לשאולה תורידנו!

                  
_______

 





 






</body>
   </text>
</TEI>
