<?xml version='1.0' encoding='UTF-8'?>
<TEI xmlns="http://www.tei-c.org/ns/1.0">
   <teiHeader>
      <fileDesc>
         <titleStmt>
            <title>הַזְּאֵב וְהַגְּדִי</title>
            <author>מיכה יוסף לבנזון</author>
            <respStmt>
               <name>Mandel Scholion Hebrew Revival Research Group</name>
               <resp>Formatting of content from the Ben-Yehuda Project to TEI-XML according to the TEI P5 Guidelines.
                  Addition of dates, not present in the online version, by Shira Wigderson, Asaf Isser, Adi Cohen, Nitzan Cohen, and Adi Cohen.
               </resp>
            </respStmt>
         </titleStmt>
         <publicationStmt>
            <authority>Project Ben-Yehuda</authority>
            <idno>http://benyehuda.org/lebensohn/lebensohn_25.html</idno>
         </publicationStmt>
         <sourceDesc xml:lang="Hebrew">
            <bibl>
               <date when="1870" notBefore="1870-01-01" notAfter="1870-12-31"/>
            </bibl>
            <p>The Ben-Yehuda Project (http://benyehuda.org/). Content provided within the Ben-Yehuda Hackathon at the University of Haifa (THATCamp Haifa, February 2014).</p>
         </sourceDesc>
      </fileDesc>
      <revisionDesc>
         <change>
            <date>2018-11-01</date>
            <name>Omer Waldman</name>
            <note>Correction of previously annotated dates and addition of dates to majority of the works</note>
         </change>
         <change>
            <date>2017-08-09</date>
            <name>Jerusalem corpus of Emergent Modern Hebrew (JEMH) staff</name>
            <note>Created the initial version of the content in TEI-XML and added dates (some based on estimation)</note>
         </change>
      </revisionDesc>
   </teiHeader>
   <text>
      <body>






הזאב והגדי / מיכה יוסף לבנזון








הזאב והגדי

 (בעקבות לפונטיין)

 

בשפת נהר
עמד אחד הגדיים

וישבור
צמאונו שמה במים –

ופתאום גם
הזאב בא מן היער

ומשחר לטרף
יהמה כסער,

ויט אל הגדי
וידבר אליהו

בעבור הסתר
מעיניו זר מעשהו:

"איך,
נבזה הצאן, אפי לא יראת!

ורפוש את
מימי איך לבך מלאת?

גם חיש
תוסר על רע לבך!"

"אל נא,
אדון! אל נא יחרה אפך!"

ענה הגדי
וישתחו אפים:

"איכה יכלתי,
הה! לרפוש המים

וצמאי עת פה
בנחל שברתי

רחקה ממך
עשר אמות נשמרתי!"

"דם לך!
קרא הזאב בחמת הגערה

הן זה שנה
דברת עלי סרה!"

"אז ממעי
אמי אז עוד לא יצאתי

ומינוק שדיה
גם עתה באתי!"

"או אחיך
קללני ויחרפני!"

"הן עוד יחיד לפני אמי הנני!"

"אם כן הוא
אחד עדתכם כמוך

כי כלכם
צוררים לי על כי אשוכה...

גם רעך
וכלביו הרו לי זעם –

אך נקמתי
ממך אקחה הפעם!"

כה חרץ הזאב
– ולאחד היערים

סחב הגדי
וקרעהו לגזרים!

               
 *      *

                      
*

מבהמות שדי
אלה מלפנו

לבלי לדון עם
תקיף ממנו!

 





 






</body>
   </text>
</TEI>
