<?xml version='1.0' encoding='UTF-8'?>
<TEI xmlns="http://www.tei-c.org/ns/1.0">
   <teiHeader>
      <fileDesc>
         <titleStmt>
            <title>מלך בלהות</title>
            <author>מיכה יוסף לבנזון</author>
            <respStmt>
               <name>Mandel Scholion Hebrew Revival Research Group</name>
               <resp>Formatting of content from the Ben-Yehuda Project to TEI-XML according to the TEI P5 Guidelines.
                  Addition of dates, not present in the online version, by Shira Wigderson, Asaf Isser, Adi Cohen, Nitzan Cohen, and Adi Cohen.
               </resp>
            </respStmt>
         </titleStmt>
         <publicationStmt>
            <authority>Project Ben-Yehuda</authority>
            <idno>http://benyehuda.org/lebensohn/lebensohn_20.html</idno>
         </publicationStmt>
         <sourceDesc xml:lang="Hebrew">
            <bibl>
               <date when="1870" notBefore="1870-01-01" notAfter="1870-12-31"/>
            </bibl>
            <p>The Ben-Yehuda Project (http://benyehuda.org/). Content provided within the Ben-Yehuda Hackathon at the University of Haifa (THATCamp Haifa, February 2014).</p>
         </sourceDesc>
      </fileDesc>
      <revisionDesc>
         <change>
            <date>2018-11-01</date>
            <name>Omer Waldman</name>
            <note>Correction of previously annotated dates and addition of dates to majority of the works</note>
         </change>
         <change>
            <date>2017-08-09</date>
            <name>Jerusalem corpus of Emergent Modern Hebrew (JEMH) staff</name>
            <note>Created the initial version of the content in TEI-XML and added dates (some based on estimation)</note>
         </change>
      </revisionDesc>
   </teiHeader>
   <text>
      <body>






מלך בלהות / מיכה יוסף לבנזון








מלך בלהות

 (בעקבות גיתה)

 

מי שם בדמי
ליל  בילל סופתה

על סוס אמוץ
ירכב, חש הוא כסער –

האב ובנו
המה שבים הביתה.

ויחבק הבן,
אל לבו יטנו,

בכנף
אדרתו יחם את ידהו:

"מה זה
בן-יקיר! מה תסתיר פניך?

מה תדכה, מה
תשח, מה יך לבך?"

 

(הבן)

שם מלך בלהות, אבי, נא שורה!

כלהב יציץ
על ראשו הנזר –

וזנבו איום!
רב מדו מארץ!"

 

(האב)

אל-נא, בן
יקיר! נא ערכה הרגיעה!

אך צלמי
ערפל עינך שם תחז!

 

(הבן)

אויה נא, אבי! אוי
הט אזנך!

דבר לאט עמי
השד – האזינה!

"בוא אלי,
ילד נעים! עמי לכה!

ובמשחקי-חמדה
אשעשע פניך!

הן שם על חופי
יגאו פרחי-נעם

ובניחוחה
תקדים שושנה אפך

ולאמי שלמת
פז ומשבצות כתם

ובהוד מחלצות
היא תעט גוך!"

 

(האב)

מה-זה,
בן-יקיר! מה תכה רוחך?!

בין אבי נחל
אך יפעה הרוח? –

 

(השד)

מהרה,
בן-חמד! עמדי נא לכה!

ובנותי
תתנה אל ראשך נזר –

ובמחולות
נשף אתך תחלנה

ונגינות נעם
תשרנה לך יחד –"

 

(הבו)

הוי אבי! הוי
אבי! שורה נא שמה!

בין פארות
היער בנות תחלנה –

 

(האב)

אל-נא, בר
בטני! אל ינע לבך,

את אלי
היער  כשעירים תחז –

 

(השד)

ארחמך,
בן-נעים! אהב אותכה!

ליפי פניך
כי נאוו נהדרו –

אם לא תאתה
עדי ובחפץ נפש

בחזק אבוא
וזרעי מושלת –

 

(הבן)

הוי אבי! ידו
את ערפי אחזה,

הו הו רצח בי
שלח וירטני!..

 

ויחת האב,
שערותיו סמרו!

ויטען את
סוסו אף טש כנשר –

ובנו בימינו
מר יצריח.

ובחצי הליל
אתא הביתה

ובזרועו, הה!
הנה מת הילד! –

 





 






</body>
   </text>
</TEI>
