<?xml version='1.0' encoding='UTF-8'?>
<TEI xmlns="http://www.tei-c.org/ns/1.0">
   <teiHeader>
      <fileDesc>
         <titleStmt>
            <title>בטרם נסיעה</title>
            <author>שמואל הנגיד</author>
            <respStmt>
               <name>Mandel Scholion Hebrew Revival Research Group</name>
               <resp>Formatting of content from the Ben-Yehuda Project to TEI-XML according to the TEI P5 Guidelines.
                  Addition of dates, not present in the online version, by Shira Wigderson, Asaf Isser, Adi Cohen, Nitzan Cohen, and Adi Cohen.
               </resp>
            </respStmt>
         </titleStmt>
         <publicationStmt>
            <authority>Project Ben-Yehuda</authority>
            <idno>http://benyehuda.org/hanagid/ben_tehilim_0017.html</idno>
         </publicationStmt>
         <sourceDesc xml:lang="Hebrew">
            <bibl>
               <date when="1045" notBefore="1045-01-01" notAfter="1045-12-31"/>
            </bibl>
            <p>The Ben-Yehuda Project (http://benyehuda.org/). Content provided within the Ben-Yehuda Hackathon at the University of Haifa (THATCamp Haifa, February 2014).</p>
         </sourceDesc>
      </fileDesc>
      <revisionDesc>
         <change>
            <date>2017-08-09</date>
            <name>Jerusalem corpus of Emergent Modern Hebrew (JEMH) staff</name>
            <note>Created the initial version of the content in TEI-XML and added dates (some based on estimation)</note>
         </change>
      </revisionDesc>
   </teiHeader>
   <text>
      <body>







בטרם נסיעה / ר' שמואל הנגיד








בטרם נסיעה /
ר' שמואל הנגיד

 

ונשאני עמו
בלכתו לפשט ולהלחם במקום קרוב, בניסן שנת תת"ה
[4805; אפריל-מאי 1045] ונכספה נפשי אל ביתי
ואל קרובי, ואמרתי אלה הארבעה בתים, והוא, יוקירהו
אל, עזרני בהם, ועל כן היה נקל עלי למצא אותם, והם אלו:

 

בטרם נסיעה –
שאלתי בעד לכת, / ועת הפרידה – תאותי מעט שבת,

ומי הוא כבן
תשע ויוכל נשא פרוד – / לבבו כברזל או כאבן מחצבת.

שלומים עלי
בוכות לנודי! הידעו כי / בשלום אני ויקר, כמשנה
במרכבת,

ואולם רצוני:
לו יאבד אלהים את / פרידה ולא תעל בלבב ומחשבת!

 

 





 

 






</body>
   </text>
</TEI>
