<?xml version='1.0' encoding='UTF-8'?>
<TEI xmlns="http://www.tei-c.org/ns/1.0">
   <teiHeader>
      <fileDesc>
         <titleStmt>
            <title>בכור אמי</title>
            <author>שמואל הנגיד</author>
            <respStmt>
               <name>Mandel Scholion Hebrew Revival Research Group</name>
               <resp>Formatting of content from the Ben-Yehuda Project to TEI-XML according to the TEI P5 Guidelines.
                  Addition of dates, not present in the online version, by Shira Wigderson, Asaf Isser, Adi Cohen, Nitzan Cohen, and Adi Cohen.
               </resp>
            </respStmt>
         </titleStmt>
         <publicationStmt>
            <authority>Project Ben-Yehuda</authority>
            <idno>http://benyehuda.org/hanagid/teh099.html</idno>
         </publicationStmt>
         <sourceDesc xml:lang="Hebrew">
            <bibl>
               <date when="1041" notBefore="1041-01-01" notAfter="1041-12-31"/>
            </bibl>
            <p>The Ben-Yehuda Project (http://benyehuda.org/). Content provided within the Ben-Yehuda Hackathon at the University of Haifa (THATCamp Haifa, February 2014).</p>
         </sourceDesc>
      </fileDesc>
      <revisionDesc>
         <change>
            <date>2017-08-09</date>
            <name>Jerusalem corpus of Emergent Modern Hebrew (JEMH) staff</name>
            <note>Created the initial version of the content in TEI-XML and added dates (some based on estimation)</note>
         </change>
      </revisionDesc>
   </teiHeader>
   <text>
      <body>







בכור אמי / ר' שמואל הנגיד








בכור אמי

 

בכור אמי,
בכור מות חמסך / ומזה עת נטות שמש יניסך,

ולערב יהי
ביני ובינך / אבנים ועפר ארץ למסך,

ולא הועיל לך
הונך והודך / ביום אידך, ולא כיסך וכוסך.

נשקתיך – ולא
שת לבבך, / ואת שוכב כאיש בריא בערשך,

וצעקתי – ולא
תשיב, למען / לשונך מלדבר סר וחשך.

וישנת שנת
עולם אשר צור / עלי כל מעשיו הפיל ונסך,

והשקוך בכלח
כוס תמותה / וכמעט קט אני שותה בכוסך!

 

 





 






</body>
   </text>
</TEI>
