<?xml version='1.0' encoding='UTF-8'?>
<TEI xmlns="http://www.tei-c.org/ns/1.0">
   <teiHeader>
      <fileDesc>
         <titleStmt>
            <title>הים ביני ובינך</title>
            <author>שמואל הנגיד</author>
            <respStmt>
               <name>Mandel Scholion Hebrew Revival Research Group</name>
               <resp>Formatting of content from the Ben-Yehuda Project to TEI-XML according to the TEI P5 Guidelines.
                  Addition of dates, not present in the online version, by Shira Wigderson, Asaf Isser, Adi Cohen, Nitzan Cohen, and Adi Cohen.
               </resp>
            </respStmt>
         </titleStmt>
         <publicationStmt>
            <authority>Project Ben-Yehuda</authority>
            <idno>http://benyehuda.org/hanagid/teh107.html</idno>
         </publicationStmt>
         <sourceDesc xml:lang="Hebrew">
            <bibl>
               <date when="1041" notBefore="1041-01-01" notAfter="1041-12-31"/>
            </bibl>
            <p>The Ben-Yehuda Project (http://benyehuda.org/). Content provided within the Ben-Yehuda Hackathon at the University of Haifa (THATCamp Haifa, February 2014).</p>
         </sourceDesc>
      </fileDesc>
      <revisionDesc>
         <change>
            <date>2017-08-09</date>
            <name>Jerusalem corpus of Emergent Modern Hebrew (JEMH) staff</name>
            <note>Created the initial version of the content in TEI-XML and added dates (some based on estimation)</note>
         </change>
      </revisionDesc>
   </teiHeader>
   <text>
      <body>







הים ביני ובינך / ר' שמואל הנגיד








הים ביני ובינך  

 

הים ביני ובינך / ולא אטה לחלותך

ולא ארוץ בלב חרד / ואשב על קבורתך?


אמת, אם אעשה כזאת / אהי בוגד באחותך!

אהה, אחי, אני יושב / עלי קברך לעמתך

לך מכאוב בתוך לבי / כמכאובי במיתתך.

ואם אתן לך שלום –  /
ולא אשמע תשובתך,

ולא תצא לפגשני / ביום בואי לאדמתך,

ולא תשחק בקרבתי / ולא אשחק בקרבתך,

ולא תראה תמונתי / ולא אראה תמונתך,

למען כי שאול ביתך / ובקבר מעונתך
–

בכור אבי ובן אמי, / שלומים לך באחריתך,

ורוח אל תהי נחה / עלי רוחך ונשמתך!

אני הולך לארצי, כי / בארץ סגרו
אותך.

ואנום עת ואיקץ עת - / ואת לעד בנומתך,

ועד בוא יום חליפתי / בלבי אש פרידתך!

 

 

 





 






</body>
   </text>
</TEI>
