<?xml version='1.0' encoding='UTF-8'?>
<TEI xmlns="http://www.tei-c.org/ns/1.0">
   <teiHeader>
      <fileDesc>
         <titleStmt>
            <title>וזה השיר לכלה הנ"ל ביום צאתה מטריאסטי ללכת  עם חתנה אל פאדובה</title>
            <author>רחל מורפורגו</author>
            <respStmt>
               <name>Mandel Scholion Hebrew Revival Research Group</name>
               <resp>Formatting of content from the Ben-Yehuda Project to TEI-XML according to the TEI P5 Guidelines.
                  Addition of dates, not present in the online version, by Shira Wigderson, Asaf Isser, Adi Cohen, Nitzan Cohen, and Adi Cohen.
               </resp>
            </respStmt>
         </titleStmt>
         <publicationStmt>
            <authority>Project Ben-Yehuda</authority>
            <idno>http://benyehuda.org/morpurgo/morp06.html</idno>
         </publicationStmt>
         <sourceDesc xml:lang="Hebrew">
            <bibl>
               <date when="1847" notBefore="1847-01-01" notAfter="1847-12-31"/>
            </bibl>
            <p>The Ben-Yehuda Project (http://benyehuda.org/). Content provided within the Ben-Yehuda Hackathon at the University of Haifa (THATCamp Haifa, February 2014).</p>
         </sourceDesc>
      </fileDesc>
      <revisionDesc>
         <change>
            <date>2017-08-09</date>
            <name>Jerusalem corpus of Emergent Modern Hebrew (JEMH) staff</name>
            <note>Created the initial version of the content in TEI-XML and added dates (some based on estimation)</note>
         </change>
      </revisionDesc>
   </teiHeader>
   <text>
      <body>







וזה השיר לכלה הנ"ל ביום צאתה מטריאסטי ללכת  עם חתנה אל פאדובה / רחל
מורפורגו











וזה השיר לכלה
הנ"ל ביום צאתה מטריאסטי ללכת 
עם חתנה אל פאדובה:

 

לזאת יקרא
חפצי-בה.

 

רחל עם רחל
נקשרת

כענק עלי
גרגרת,

אהבתך לי
תפארת

על ראשי הנך
כותרת.

 

טוב טעמך
מכל-פרפרת

לי ינעם, אך
את סותרת

החברה, להיות
נבחרת

מסלם אל עיר
אחרת

 

שירה זאת הנה
מזכרת

אהבה מהיות
נעדרת

הומיה אני
שוררת.

 

יום אל יום
אשמע אגרת

דברי שלום,
גם אוגרת

לשלמה רחל
עטרת:

 

ה'תר"ז,
1847








</body>
   </text>
</TEI>
