<?xml version='1.0' encoding='UTF-8'?>
<TEI xmlns="http://www.tei-c.org/ns/1.0">
   <teiHeader>
      <fileDesc>
         <titleStmt>
            <title>ליעקב גורדון</title>
            <author>מיכה יוסף לבנזון</author>
            <respStmt>
               <name>Mandel Scholion Hebrew Revival Research Group</name>
               <resp>Formatting of content from the Ben-Yehuda Project to TEI-XML according to the TEI P5 Guidelines.
                  Addition of dates, not present in the online version, by Shira Wigderson, Asaf Isser, Adi Cohen, Nitzan Cohen, and Adi Cohen.
               </resp>
            </respStmt>
         </titleStmt>
         <publicationStmt>
            <authority>Project Ben-Yehuda</authority>
            <idno>http://benyehuda.org/lebensohn/lebensohn_49.html</idno>
         </publicationStmt>
         <sourceDesc xml:lang="Hebrew">
            <bibl>
               <date when="1842" notBefore="1842-01-01" notAfter="1842-12-31"/>
            </bibl>
            <p>The Ben-Yehuda Project (http://benyehuda.org/). Content provided within the Ben-Yehuda Hackathon at the University of Haifa (THATCamp Haifa, February 2014).</p>
         </sourceDesc>
      </fileDesc>
      <revisionDesc>
         <change>
            <date>2017-08-09</date>
            <name>Jerusalem corpus of Emergent Modern Hebrew (JEMH) staff</name>
            <note>Created the initial version of the content in TEI-XML and added dates (some based on estimation)</note>
         </change>
      </revisionDesc>
   </teiHeader>
   <text>
      <body>







ליעקב גורדון / מיכה יוסף הכהן לבנזון








ליעקב
גורדון

מחבר "לוח לשני אלפי שנה"

 

מה יקר לאדם משכיל מה נעים

לרהיב עז ואיל 
כמעט שניו,

ולשים עינו אלי כל היה לפניו

לפענח שם צפנת 
שנים האלפים.

 

אך מהם נוראו אף יקרו

לדעת עתידות עוד בתהו ישכבו,

עת עוד לא נולדה, ימים לא יכרו,

אהה! עת עצמותיו בקבר ירקבו.

 

כן ברעדה וגיל בלוח קראנו

בלוח זה ידיך, יעקב, כוננו.

לדעת מה יהי שנים מאתים,

עת ימח זכרוננו מארץ החיים.

 

לשים משטרו עלי מזרות בגבהים,

לפקד כל מערכות צבאות אלהים,

לדעץ חקות קר, אור ואמש,

לצפה הליכות עולם, הליכות שמש.

 

לכן, יעקב, יודוך אחיך,

ומפי כל-משכיל יברך-נא שמך,

ומספרך זה כי ירב תועלת

יאלם מחרף אף תדום אולת.

 

נכתב 1842 (בערך)

 





 






</body>
   </text>
</TEI>
